[INFO|evaluation_funcs.py:96] 2025-11-20 06:53:16,596 >> Instantiated model ResNet50DANN from /data/D21_training/parabolic_increasing_lambda_scheduler_fold_0_2025-11-19_01-55-50/final_model/model.safetensors. Summary:
ResNet50DANN(
  (resnet): ResNetModel(
    (embedder): ResNetEmbeddings(
      (embedder): ResNetConvLayer(
        (convolution): Conv2d(3, 64, kernel_size=(7, 7), stride=(2, 2), padding=(3, 3), bias=False)
        (normalization): BatchNorm2d(64, eps=1e-05, momentum=0.1, affine=True, track_running_stats=True)
        (activation): ReLU()
      )
      (pooler): MaxPool2d(kernel_size=3, stride=2, padding=1, dilation=1, ceil_mode=False)
    )
    (encoder): ResNetEncoder(
      (stages): ModuleList(
        (0): ResNetStage(
          (layers): Sequential(
            (0): ResNetBottleNeckLayer(
              (shortcut): ResNetShortCut(
                (convolution): Conv2d(64, 256, kernel_size=(1, 1), stride=(1, 1), bias=False)
                (normalization): BatchNorm2d(256, eps=1e-05, momentum=0.1, affine=True, track_running_stats=True)
              )
              (layer): Sequential(
                (0): ResNetConvLayer(
                  (convolution): Conv2d(64, 64, kernel_size=(1, 1), stride=(1, 1), bias=False)
                  (normalization): BatchNorm2d(64, eps=1e-05, momentum=0.1, affine=True, track_running_stats=True)
                  (activation): ReLU()
                )
                (1): ResNetConvLayer(
                  (convolution): Conv2d(64, 64, kernel_size=(3, 3), stride=(1, 1), padding=(1, 1), bias=False)
                  (normalization): BatchNorm2d(64, eps=1e-05, momentum=0.1, affine=True, track_running_stats=True)
                  (activation): ReLU()
                )
                (2): ResNetConvLayer(
                  (convolution): Conv2d(64, 256, kernel_size=(1, 1), stride=(1, 1), bias=False)
                  (normalization): BatchNorm2d(256, eps=1e-05, momentum=0.1, affine=True, track_running_stats=True)
                  (activation): Identity()
                )
              )
              (activation): ReLU()
            )
            (1): ResNetBottleNeckLayer(
              (shortcut): Identity()
              (layer): Sequential(
                (0): ResNetConvLayer(
                  (convolution): Conv2d(256, 64, kernel_size=(1, 1), stride=(1, 1), bias=False)
                  (normalization): BatchNorm2d(64, eps=1e-05, momentum=0.1, affine=True, track_running_stats=True)
                  (activation): ReLU()
                )
                (1): ResNetConvLayer(
                  (convolution): Conv2d(64, 64, kernel_size=(3, 3), stride=(1, 1), padding=(1, 1), bias=False)
                  (normalization): BatchNorm2d(64, eps=1e-05, momentum=0.1, affine=True, track_running_stats=True)
                  (activation): ReLU()
                )
                (2): ResNetConvLayer(
                  (convolution): Conv2d(64, 256, kernel_size=(1, 1), stride=(1, 1), bias=False)
                  (normalization): BatchNorm2d(256, eps=1e-05, momentum=0.1, affine=True, track_running_stats=True)
                  (activation): Identity()
                )
              )
              (activation): ReLU()
            )
            (2): ResNetBottleNeckLayer(
              (shortcut): Identity()
              (layer): Sequential(
                (0): ResNetConvLayer(
                  (convolution): Conv2d(256, 64, kernel_size=(1, 1), stride=(1, 1), bias=False)
                  (normalization): BatchNorm2d(64, eps=1e-05, momentum=0.1, affine=True, track_running_stats=True)
                  (activation): ReLU()
                )
                (1): ResNetConvLayer(
                  (convolution): Conv2d(64, 64, kernel_size=(3, 3), stride=(1, 1), padding=(1, 1), bias=False)
                  (normalization): BatchNorm2d(64, eps=1e-05, momentum=0.1, affine=True, track_running_stats=True)
                  (activation): ReLU()
                )
                (2): ResNetConvLayer(
                  (convolution): Conv2d(64, 256, kernel_size=(1, 1), stride=(1, 1), bias=False)
                  (normalization): BatchNorm2d(256, eps=1e-05, momentum=0.1, affine=True, track_running_stats=True)
                  (activation): Identity()
                )
              )
              (activation): ReLU()
            )
          )
        )
        (1): ResNetStage(
          (layers): Sequential(
            (0): ResNetBottleNeckLayer(
              (shortcut): ResNetShortCut(
                (convolution): Conv2d(256, 512, kernel_size=(1, 1), stride=(2, 2), bias=False)
                (normalization): BatchNorm2d(512, eps=1e-05, momentum=0.1, affine=True, track_running_stats=True)
              )
              (layer): Sequential(
                (0): ResNetConvLayer(
                  (convolution): Conv2d(256, 128, kernel_size=(1, 1), stride=(1, 1), bias=False)
                  (normalization): BatchNorm2d(128, eps=1e-05, momentum=0.1, affine=True, track_running_stats=True)
                  (activation): ReLU()
                )
                (1): ResNetConvLayer(
                  (convolution): Conv2d(128, 128, kernel_size=(3, 3), stride=(2, 2), padding=(1, 1), bias=False)
                  (normalization): BatchNorm2d(128, eps=1e-05, momentum=0.1, affine=True, track_running_stats=True)
                  (activation): ReLU()
                )
                (2): ResNetConvLayer(
                  (convolution): Conv2d(128, 512, kernel_size=(1, 1), stride=(1, 1), bias=False)
                  (normalization): BatchNorm2d(512, eps=1e-05, momentum=0.1, affine=True, track_running_stats=True)
                  (activation): Identity()
                )
              )
              (activation): ReLU()
            )
            (1): ResNetBottleNeckLayer(
              (shortcut): Identity()
              (layer): Sequential(
                (0): ResNetConvLayer(
                  (convolution): Conv2d(512, 128, kernel_size=(1, 1), stride=(1, 1), bias=False)
                  (normalization): BatchNorm2d(128, eps=1e-05, momentum=0.1, affine=True, track_running_stats=True)
                  (activation): ReLU()
                )
                (1): ResNetConvLayer(
                  (convolution): Conv2d(128, 128, kernel_size=(3, 3), stride=(1, 1), padding=(1, 1), bias=False)
                  (normalization): BatchNorm2d(128, eps=1e-05, momentum=0.1, affine=True, track_running_stats=True)
                  (activation): ReLU()
                )
                (2): ResNetConvLayer(
                  (convolution): Conv2d(128, 512, kernel_size=(1, 1), stride=(1, 1), bias=False)
                  (normalization): BatchNorm2d(512, eps=1e-05, momentum=0.1, affine=True, track_running_stats=True)
                  (activation): Identity()
                )
              )
              (activation): ReLU()
            )
            (2): ResNetBottleNeckLayer(
              (shortcut): Identity()
              (layer): Sequential(
                (0): ResNetConvLayer(
                  (convolution): Conv2d(512, 128, kernel_size=(1, 1), stride=(1, 1), bias=False)
                  (normalization): BatchNorm2d(128, eps=1e-05, momentum=0.1, affine=True, track_running_stats=True)
                  (activation): ReLU()
                )
                (1): ResNetConvLayer(
                  (convolution): Conv2d(128, 128, kernel_size=(3, 3), stride=(1, 1), padding=(1, 1), bias=False)
                  (normalization): BatchNorm2d(128, eps=1e-05, momentum=0.1, affine=True, track_running_stats=True)
                  (activation): ReLU()
                )
                (2): ResNetConvLayer(
                  (convolution): Conv2d(128, 512, kernel_size=(1, 1), stride=(1, 1), bias=False)
                  (normalization): BatchNorm2d(512, eps=1e-05, momentum=0.1, affine=True, track_running_stats=True)
                  (activation): Identity()
                )
              )
              (activation): ReLU()
            )
            (3): ResNetBottleNeckLayer(
              (shortcut): Identity()
              (layer): Sequential(
                (0): ResNetConvLayer(
                  (convolution): Conv2d(512, 128, kernel_size=(1, 1), stride=(1, 1), bias=False)
                  (normalization): BatchNorm2d(128, eps=1e-05, momentum=0.1, affine=True, track_running_stats=True)
                  (activation): ReLU()
                )
                (1): ResNetConvLayer(
                  (convolution): Conv2d(128, 128, kernel_size=(3, 3), stride=(1, 1), padding=(1, 1), bias=False)
                  (normalization): BatchNorm2d(128, eps=1e-05, momentum=0.1, affine=True, track_running_stats=True)
                  (activation): ReLU()
                )
                (2): ResNetConvLayer(
                  (convolution): Conv2d(128, 512, kernel_size=(1, 1), stride=(1, 1), bias=False)
                  (normalization): BatchNorm2d(512, eps=1e-05, momentum=0.1, affine=True, track_running_stats=True)
                  (activation): Identity()
                )
              )
              (activation): ReLU()
            )
          )
        )
        (2): ResNetStage(
          (layers): Sequential(
            (0): ResNetBottleNeckLayer(
              (shortcut): ResNetShortCut(
                (convolution): Conv2d(512, 1024, kernel_size=(1, 1), stride=(2, 2), bias=False)
                (normalization): BatchNorm2d(1024, eps=1e-05, momentum=0.1, affine=True, track_running_stats=True)
              )
              (layer): Sequential(
                (0): ResNetConvLayer(
                  (convolution): Conv2d(512, 256, kernel_size=(1, 1), stride=(1, 1), bias=False)
                  (normalization): BatchNorm2d(256, eps=1e-05, momentum=0.1, affine=True, track_running_stats=True)
                  (activation): ReLU()
                )
                (1): ResNetConvLayer(
                  (convolution): Conv2d(256, 256, kernel_size=(3, 3), stride=(2, 2), padding=(1, 1), bias=False)
                  (normalization): BatchNorm2d(256, eps=1e-05, momentum=0.1, affine=True, track_running_stats=True)
                  (activation): ReLU()
                )
                (2): ResNetConvLayer(
                  (convolution): Conv2d(256, 1024, kernel_size=(1, 1), stride=(1, 1), bias=False)
                  (normalization): BatchNorm2d(1024, eps=1e-05, momentum=0.1, affine=True, track_running_stats=True)
                  (activation): Identity()
                )
              )
              (activation): ReLU()
            )
            (1): ResNetBottleNeckLayer(
              (shortcut): Identity()
              (layer): Sequential(
                (0): ResNetConvLayer(
                  (convolution): Conv2d(1024, 256, kernel_size=(1, 1), stride=(1, 1), bias=False)
                  (normalization): BatchNorm2d(256, eps=1e-05, momentum=0.1, affine=True, track_running_stats=True)
                  (activation): ReLU()
                )
                (1): ResNetConvLayer(
                  (convolution): Conv2d(256, 256, kernel_size=(3, 3), stride=(1, 1), padding=(1, 1), bias=False)
                  (normalization): BatchNorm2d(256, eps=1e-05, momentum=0.1, affine=True, track_running_stats=True)
                  (activation): ReLU()
                )
                (2): ResNetConvLayer(
                  (convolution): Conv2d(256, 1024, kernel_size=(1, 1), stride=(1, 1), bias=False)
                  (normalization): BatchNorm2d(1024, eps=1e-05, momentum=0.1, affine=True, track_running_stats=True)
                  (activation): Identity()
                )
              )
              (activation): ReLU()
            )
            (2): ResNetBottleNeckLayer(
              (shortcut): Identity()
              (layer): Sequential(
                (0): ResNetConvLayer(
                  (convolution): Conv2d(1024, 256, kernel_size=(1, 1), stride=(1, 1), bias=False)
                  (normalization): BatchNorm2d(256, eps=1e-05, momentum=0.1, affine=True, track_running_stats=True)
                  (activation): ReLU()
                )
                (1): ResNetConvLayer(
                  (convolution): Conv2d(256, 256, kernel_size=(3, 3), stride=(1, 1), padding=(1, 1), bias=False)
                  (normalization): BatchNorm2d(256, eps=1e-05, momentum=0.1, affine=True, track_running_stats=True)
                  (activation): ReLU()
                )
                (2): ResNetConvLayer(
                  (convolution): Conv2d(256, 1024, kernel_size=(1, 1), stride=(1, 1), bias=False)
                  (normalization): BatchNorm2d(1024, eps=1e-05, momentum=0.1, affine=True, track_running_stats=True)
                  (activation): Identity()
                )
              )
              (activation): ReLU()
            )
            (3): ResNetBottleNeckLayer(
              (shortcut): Identity()
              (layer): Sequential(
                (0): ResNetConvLayer(
                  (convolution): Conv2d(1024, 256, kernel_size=(1, 1), stride=(1, 1), bias=False)
                  (normalization): BatchNorm2d(256, eps=1e-05, momentum=0.1, affine=True, track_running_stats=True)
                  (activation): ReLU()
                )
                (1): ResNetConvLayer(
                  (convolution): Conv2d(256, 256, kernel_size=(3, 3), stride=(1, 1), padding=(1, 1), bias=False)
                  (normalization): BatchNorm2d(256, eps=1e-05, momentum=0.1, affine=True, track_running_stats=True)
                  (activation): ReLU()
                )
                (2): ResNetConvLayer(
                  (convolution): Conv2d(256, 1024, kernel_size=(1, 1), stride=(1, 1), bias=False)
                  (normalization): BatchNorm2d(1024, eps=1e-05, momentum=0.1, affine=True, track_running_stats=True)
                  (activation): Identity()
                )
              )
              (activation): ReLU()
            )
            (4): ResNetBottleNeckLayer(
              (shortcut): Identity()
              (layer): Sequential(
                (0): ResNetConvLayer(
                  (convolution): Conv2d(1024, 256, kernel_size=(1, 1), stride=(1, 1), bias=False)
                  (normalization): BatchNorm2d(256, eps=1e-05, momentum=0.1, affine=True, track_running_stats=True)
                  (activation): ReLU()
                )
                (1): ResNetConvLayer(
                  (convolution): Conv2d(256, 256, kernel_size=(3, 3), stride=(1, 1), padding=(1, 1), bias=False)
                  (normalization): BatchNorm2d(256, eps=1e-05, momentum=0.1, affine=True, track_running_stats=True)
                  (activation): ReLU()
                )
                (2): ResNetConvLayer(
                  (convolution): Conv2d(256, 1024, kernel_size=(1, 1), stride=(1, 1), bias=False)
                  (normalization): BatchNorm2d(1024, eps=1e-05, momentum=0.1, affine=True, track_running_stats=True)
                  (activation): Identity()
                )
              )
              (activation): ReLU()
            )
            (5): ResNetBottleNeckLayer(
              (shortcut): Identity()
              (layer): Sequential(
                (0): ResNetConvLayer(
                  (convolution): Conv2d(1024, 256, kernel_size=(1, 1), stride=(1, 1), bias=False)
                  (normalization): BatchNorm2d(256, eps=1e-05, momentum=0.1, affine=True, track_running_stats=True)
                  (activation): ReLU()
                )
                (1): ResNetConvLayer(
                  (convolution): Conv2d(256, 256, kernel_size=(3, 3), stride=(1, 1), padding=(1, 1), bias=False)
                  (normalization): BatchNorm2d(256, eps=1e-05, momentum=0.1, affine=True, track_running_stats=True)
                  (activation): ReLU()
                )
                (2): ResNetConvLayer(
                  (convolution): Conv2d(256, 1024, kernel_size=(1, 1), stride=(1, 1), bias=False)
                  (normalization): BatchNorm2d(1024, eps=1e-05, momentum=0.1, affine=True, track_running_stats=True)
                  (activation): Identity()
                )
              )
              (activation): ReLU()
            )
          )
        )
        (3): ResNetStage(
          (layers): Sequential(
            (0): ResNetBottleNeckLayer(
              (shortcut): ResNetShortCut(
                (convolution): Conv2d(1024, 2048, kernel_size=(1, 1), stride=(2, 2), bias=False)
                (normalization): BatchNorm2d(2048, eps=1e-05, momentum=0.1, affine=True, track_running_stats=True)
              )
              (layer): Sequential(
                (0): ResNetConvLayer(
                  (convolution): Conv2d(1024, 512, kernel_size=(1, 1), stride=(1, 1), bias=False)
                  (normalization): BatchNorm2d(512, eps=1e-05, momentum=0.1, affine=True, track_running_stats=True)
                  (activation): ReLU()
                )
                (1): ResNetConvLayer(
                  (convolution): Conv2d(512, 512, kernel_size=(3, 3), stride=(2, 2), padding=(1, 1), bias=False)
                  (normalization): BatchNorm2d(512, eps=1e-05, momentum=0.1, affine=True, track_running_stats=True)
                  (activation): ReLU()
                )
                (2): ResNetConvLayer(
                  (convolution): Conv2d(512, 2048, kernel_size=(1, 1), stride=(1, 1), bias=False)
                  (normalization): BatchNorm2d(2048, eps=1e-05, momentum=0.1, affine=True, track_running_stats=True)
                  (activation): Identity()
                )
              )
              (activation): ReLU()
            )
            (1): ResNetBottleNeckLayer(
              (shortcut): Identity()
              (layer): Sequential(
                (0): ResNetConvLayer(
                  (convolution): Conv2d(2048, 512, kernel_size=(1, 1), stride=(1, 1), bias=False)
                  (normalization): BatchNorm2d(512, eps=1e-05, momentum=0.1, affine=True, track_running_stats=True)
                  (activation): ReLU()
                )
                (1): ResNetConvLayer(
                  (convolution): Conv2d(512, 512, kernel_size=(3, 3), stride=(1, 1), padding=(1, 1), bias=False)
                  (normalization): BatchNorm2d(512, eps=1e-05, momentum=0.1, affine=True, track_running_stats=True)
                  (activation): ReLU()
                )
                (2): ResNetConvLayer(
                  (convolution): Conv2d(512, 2048, kernel_size=(1, 1), stride=(1, 1), bias=False)
                  (normalization): BatchNorm2d(2048, eps=1e-05, momentum=0.1, affine=True, track_running_stats=True)
                  (activation): Identity()
                )
              )
              (activation): ReLU()
            )
            (2): ResNetBottleNeckLayer(
              (shortcut): Identity()
              (layer): Sequential(
                (0): ResNetConvLayer(
                  (convolution): Conv2d(2048, 512, kernel_size=(1, 1), stride=(1, 1), bias=False)
                  (normalization): BatchNorm2d(512, eps=1e-05, momentum=0.1, affine=True, track_running_stats=True)
                  (activation): ReLU()
                )
                (1): ResNetConvLayer(
                  (convolution): Conv2d(512, 512, kernel_size=(3, 3), stride=(1, 1), padding=(1, 1), bias=False)
                  (normalization): BatchNorm2d(512, eps=1e-05, momentum=0.1, affine=True, track_running_stats=True)
                  (activation): ReLU()
                )
                (2): ResNetConvLayer(
                  (convolution): Conv2d(512, 2048, kernel_size=(1, 1), stride=(1, 1), bias=False)
                  (normalization): BatchNorm2d(2048, eps=1e-05, momentum=0.1, affine=True, track_running_stats=True)
                  (activation): Identity()
                )
              )
              (activation): ReLU()
            )
          )
        )
      )
    )
    (pooler): AdaptiveAvgPool2d(output_size=(1, 1))
  )
  (pre_branch): Sequential(
    (0): Flatten(start_dim=1, end_dim=-1)
    (1): Linear(in_features=2048, out_features=512, bias=True)
    (2): ReLU()
    (3): Dropout(p=0.5, inplace=False)
  )
  (branch1): Linear(in_features=512, out_features=11, bias=True)
  (loss_fn): MaskedDomainAdversarialLoss(
    (branch1_loss_fn): InstanceWeightedCrossEntropyLoss(
      (base_loss): CrossEntropyLoss()
    )
    (branch2_loss_fn): BCEWithLogitsLoss()
  )
  (grad_reverse): GradientReversal()
  (branch2): Sequential(
    (0): GradientReversal()
    (1): Linear(in_features=512, out_features=1, bias=True)
  )
)
[INFO|evaluation_funcs.py:99] 2025-11-20 06:53:16,597 >> Beginning evaluation of fold 0 (#1 out of 1)
[INFO|evaluation_funcs.py:107] 2025-11-20 06:53:52,017 >> Instantiated eval dataset TwoLabelDataset, length 17778, which is file /data/DG_Test_set/test_dataset_Uniform_Noise.npz
[INFO|training_args.py:1598] 2025-11-20 06:53:52,019 >> No output directory specified, defaulting to 'trainer_output'. To change this behavior, specify --output_dir when creating TrainingArguments.
[INFO|training_args.py:1598] 2025-11-20 06:53:52,019 >> No output directory specified, defaulting to 'trainer_output'. To change this behavior, specify --output_dir when creating TrainingArguments.
[INFO|training_args.py:2222] 2025-11-20 06:53:52,020 >> PyTorch: setting up devices
[INFO|training_args.py:2222] 2025-11-20 06:53:52,020 >> PyTorch: setting up devices
[INFO|evaluation_funcs.py:55] 2025-11-20 06:53:52,148 >> TrainingArguments(
_n_gpu=1,
accelerator_config={'split_batches': False, 'dispatch_batches': None, 'even_batches': True, 'use_seedable_sampler': True, 'non_blocking': False, 'gradient_accumulation_kwargs': None, 'use_configured_state': False},
adafactor=False,
adam_beta1=0.9,
adam_beta2=0.999,
adam_epsilon=1e-08,
auto_find_batch_size=False,
average_tokens_across_devices=True,
batch_eval_metrics=False,
bf16=False,
bf16_full_eval=False,
data_seed=None,
dataloader_drop_last=False,
dataloader_num_workers=0,
dataloader_persistent_workers=False,
dataloader_pin_memory=False,
dataloader_prefetch_factor=None,
ddp_backend=None,
ddp_broadcast_buffers=None,
ddp_bucket_cap_mb=None,
ddp_find_unused_parameters=None,
ddp_timeout=1800,
debug=[],
deepspeed=None,
disable_tqdm=False,
do_eval=False,
do_predict=False,
do_train=False,
eval_accumulation_steps=None,
eval_delay=0,
eval_do_concat_batches=True,
eval_on_start=False,
eval_steps=None,
eval_strategy=IntervalStrategy.NO,
eval_use_gather_object=False,
fp16=False,
fp16_backend=auto,
fp16_full_eval=False,
fp16_opt_level=O1,
fsdp=[],
fsdp_config={'min_num_params': 0, 'xla': False, 'xla_fsdp_v2': False, 'xla_fsdp_grad_ckpt': False},
fsdp_min_num_params=0,
fsdp_transformer_layer_cls_to_wrap=None,
full_determinism=False,
gradient_accumulation_steps=1,
gradient_checkpointing=False,
gradient_checkpointing_kwargs=None,
greater_is_better=None,
group_by_length=False,
half_precision_backend=auto,
hub_always_push=False,
hub_model_id=None,
hub_private_repo=None,
hub_revision=None,
hub_strategy=HubStrategy.EVERY_SAVE,
hub_token=<HUB_TOKEN>,
ignore_data_skip=False,
include_for_metrics=[],
include_inputs_for_metrics=False,
include_num_input_tokens_seen=no,
include_tokens_per_second=False,
jit_mode_eval=False,
label_names=None,
label_smoothing_factor=0.0,
learning_rate=5e-05,
length_column_name=length,
liger_kernel_config=None,
load_best_model_at_end=False,
local_rank=0,
log_level=passive,
log_level_replica=warning,
log_on_each_node=True,
logging_dir=trainer_output/runs/Nov20_06-53-52_c0d8d6395f10,
logging_first_step=False,
logging_nan_inf_filter=True,
logging_steps=500,
logging_strategy=IntervalStrategy.STEPS,
lr_scheduler_kwargs={},
lr_scheduler_type=SchedulerType.LINEAR,
max_grad_norm=1.0,
max_steps=-1,
metric_for_best_model=None,
mp_parameters=,
neftune_noise_alpha=None,
no_cuda=False,
num_train_epochs=3.0,
optim=OptimizerNames.ADAMW_TORCH,
optim_args=None,
optim_target_modules=None,
output_dir=trainer_output,
overwrite_output_dir=False,
parallelism_config=None,
past_index=-1,
per_device_eval_batch_size=32,
per_device_train_batch_size=8,
prediction_loss_only=False,
project=huggingface,
push_to_hub=False,
push_to_hub_model_id=None,
push_to_hub_organization=None,
push_to_hub_token=<PUSH_TO_HUB_TOKEN>,
ray_scope=last,
remove_unused_columns=True,
report_to=[],
restore_callback_states_from_checkpoint=False,
resume_from_checkpoint=None,
run_name=None,
save_on_each_node=False,
save_only_model=False,
save_safetensors=True,
save_steps=500,
save_strategy=SaveStrategy.STEPS,
save_total_limit=None,
seed=42,
skip_memory_metrics=True,
tf32=None,
torch_compile=False,
torch_compile_backend=None,
torch_compile_mode=None,
torch_empty_cache_steps=None,
torchdynamo=None,
tpu_metrics_debug=False,
tpu_num_cores=None,
trackio_space_id=trackio,
use_cpu=False,
use_legacy_prediction_loop=False,
use_liger_kernel=False,
use_mps_device=False,
warmup_ratio=0.0,
warmup_steps=0,
weight_decay=0.0,
)
[INFO|trainer.py:4643] 2025-11-20 06:53:52,455 >> 
***** Running Evaluation *****
[INFO|trainer.py:4643] 2025-11-20 06:53:52,455 >> 
***** Running Evaluation *****
[INFO|trainer.py:4645] 2025-11-20 06:53:52,456 >>   Num examples = 17778
[INFO|trainer.py:4645] 2025-11-20 06:53:52,456 >>   Num examples = 17778
[INFO|trainer.py:4648] 2025-11-20 06:53:52,457 >>   Batch size = 32
[INFO|trainer.py:4648] 2025-11-20 06:53:52,457 >>   Batch size = 32
[INFO|evaluation_funcs.py:69] 2025-11-20 06:54:12,308 >> Metrics: {'eval_loss': 0.7169203758239746, 'eval_model_preparation_time': 0.0027, 'eval_accuracy_branch1': 0.24069074136573293, 'eval_precision_branch1': 0.29940268643501855, 'eval_recall_branch1': 0.25978345239382544, 'eval_f1_branch1': 0.18361483607349005, 'eval_accuracy_branch2': 0.03633704578692766, 'eval_precision_branch2': 0.5, 'eval_recall_branch2': 0.01816852289346383, 'eval_f1_branch2': 0.03506296135475467, 'eval_lambda': 0.0, 'eval_tn_branch2': 0, 'eval_fp_branch2': 0, 'eval_fn_branch2': 17132, 'eval_tp_branch2': 646, 'eval_loss_branch1': 0.0, 'eval_loss_branch2': 0.7169211506843567, 'eval_cm_branch1_actual0_pred0': 0, 'eval_cm_branch1_actual0_pred1': 0, 'eval_cm_branch1_actual0_pred2': 1, 'eval_cm_branch1_actual0_pred3': 86, 'eval_cm_branch1_actual0_pred4': 176, 'eval_cm_branch1_actual0_pred5': 566, 'eval_cm_branch1_actual0_pred6': 0, 'eval_cm_branch1_actual0_pred7': 41, 'eval_cm_branch1_actual0_pred8': 141, 'eval_cm_branch1_actual0_pred9': 0, 'eval_cm_branch1_actual0_pred10': 25, 'eval_cm_branch1_actual1_pred0': 0, 'eval_cm_branch1_actual1_pred1': 139, 'eval_cm_branch1_actual1_pred2': 273, 'eval_cm_branch1_actual1_pred3': 0, 'eval_cm_branch1_actual1_pred4': 153, 'eval_cm_branch1_actual1_pred5': 103, 'eval_cm_branch1_actual1_pred6': 0, 'eval_cm_branch1_actual1_pred7': 77, 'eval_cm_branch1_actual1_pred8': 39, 'eval_cm_branch1_actual1_pred9': 0, 'eval_cm_branch1_actual1_pred10': 0, 'eval_cm_branch1_actual2_pred0': 0, 'eval_cm_branch1_actual2_pred1': 0, 'eval_cm_branch1_actual2_pred2': 472, 'eval_cm_branch1_actual2_pred3': 8, 'eval_cm_branch1_actual2_pred4': 132, 'eval_cm_branch1_actual2_pred5': 81, 'eval_cm_branch1_actual2_pred6': 0, 'eval_cm_branch1_actual2_pred7': 5, 'eval_cm_branch1_actual2_pred8': 95, 'eval_cm_branch1_actual2_pred9': 0, 'eval_cm_branch1_actual2_pred10': 0, 'eval_cm_branch1_actual3_pred0': 0, 'eval_cm_branch1_actual3_pred1': 0, 'eval_cm_branch1_actual3_pred2': 49, 'eval_cm_branch1_actual3_pred3': 204, 'eval_cm_branch1_actual3_pred4': 33, 'eval_cm_branch1_actual3_pred5': 1, 'eval_cm_branch1_actual3_pred6': 0, 'eval_cm_branch1_actual3_pred7': 198, 'eval_cm_branch1_actual3_pred8': 295, 'eval_cm_branch1_actual3_pred9': 0, 'eval_cm_branch1_actual3_pred10': 5, 'eval_cm_branch1_actual4_pred0': 0, 'eval_cm_branch1_actual4_pred1': 0, 'eval_cm_branch1_actual4_pred2': 224, 'eval_cm_branch1_actual4_pred3': 91, 'eval_cm_branch1_actual4_pred4': 1015, 'eval_cm_branch1_actual4_pred5': 81, 'eval_cm_branch1_actual4_pred6': 0, 'eval_cm_branch1_actual4_pred7': 292, 'eval_cm_branch1_actual4_pred8': 353, 'eval_cm_branch1_actual4_pred9': 0, 'eval_cm_branch1_actual4_pred10': 8, 'eval_cm_branch1_actual5_pred0': 0, 'eval_cm_branch1_actual5_pred1': 0, 'eval_cm_branch1_actual5_pred2': 371, 'eval_cm_branch1_actual5_pred3': 34, 'eval_cm_branch1_actual5_pred4': 954, 'eval_cm_branch1_actual5_pred5': 209, 'eval_cm_branch1_actual5_pred6': 0, 'eval_cm_branch1_actual5_pred7': 106, 'eval_cm_branch1_actual5_pred8': 275, 'eval_cm_branch1_actual5_pred9': 0, 'eval_cm_branch1_actual5_pred10': 16, 'eval_cm_branch1_actual6_pred0': 3, 'eval_cm_branch1_actual6_pred1': 0, 'eval_cm_branch1_actual6_pred2': 86, 'eval_cm_branch1_actual6_pred3': 635, 'eval_cm_branch1_actual6_pred4': 904, 'eval_cm_branch1_actual6_pred5': 533, 'eval_cm_branch1_actual6_pred6': 62, 'eval_cm_branch1_actual6_pred7': 158, 'eval_cm_branch1_actual6_pred8': 810, 'eval_cm_branch1_actual6_pred9': 0, 'eval_cm_branch1_actual6_pred10': 94, 'eval_cm_branch1_actual7_pred0': 0, 'eval_cm_branch1_actual7_pred1': 0, 'eval_cm_branch1_actual7_pred2': 0, 'eval_cm_branch1_actual7_pred3': 0, 'eval_cm_branch1_actual7_pred4': 0, 'eval_cm_branch1_actual7_pred5': 0, 'eval_cm_branch1_actual7_pred6': 0, 'eval_cm_branch1_actual7_pred7': 349, 'eval_cm_branch1_actual7_pred8': 1398, 'eval_cm_branch1_actual7_pred9': 0, 'eval_cm_branch1_actual7_pred10': 0, 'eval_cm_branch1_actual8_pred0': 0, 'eval_cm_branch1_actual8_pred1': 0, 'eval_cm_branch1_actual8_pred2': 0, 'eval_cm_branch1_actual8_pred3': 0, 'eval_cm_branch1_actual8_pred4': 0, 'eval_cm_branch1_actual8_pred5': 0, 'eval_cm_branch1_actual8_pred6': 0, 'eval_cm_branch1_actual8_pred7': 1, 'eval_cm_branch1_actual8_pred8': 1812, 'eval_cm_branch1_actual8_pred9': 0, 'eval_cm_branch1_actual8_pred10': 0, 'eval_cm_branch1_actual9_pred0': 0, 'eval_cm_branch1_actual9_pred1': 0, 'eval_cm_branch1_actual9_pred2': 3, 'eval_cm_branch1_actual9_pred3': 23, 'eval_cm_branch1_actual9_pred4': 1291, 'eval_cm_branch1_actual9_pred5': 121, 'eval_cm_branch1_actual9_pred6': 0, 'eval_cm_branch1_actual9_pred7': 134, 'eval_cm_branch1_actual9_pred8': 25, 'eval_cm_branch1_actual9_pred9': 0, 'eval_cm_branch1_actual9_pred10': 25, 'eval_cm_branch1_actual10_pred0': 0, 'eval_cm_branch1_actual10_pred1': 14, 'eval_cm_branch1_actual10_pred2': 201, 'eval_cm_branch1_actual10_pred3': 73, 'eval_cm_branch1_actual10_pred4': 853, 'eval_cm_branch1_actual10_pred5': 173, 'eval_cm_branch1_actual10_pred6': 0, 'eval_cm_branch1_actual10_pred7': 273, 'eval_cm_branch1_actual10_pred8': 280, 'eval_cm_branch1_actual10_pred9': 0, 'eval_cm_branch1_actual10_pred10': 17, 'eval_runtime': 19.8498, 'eval_samples_per_second': 895.627, 'eval_steps_per_second': 28.01}
[INFO|evaluation_funcs.py:96] 2025-11-20 06:54:13,055 >> Instantiated model ResNet50DANN from /data/D21_training/parabolic_increasing_lambda_scheduler_fold_0_2025-11-19_04-49-21/final_model/model.safetensors. Summary:
ResNet50DANN(
  (resnet): ResNetModel(
    (embedder): ResNetEmbeddings(
      (embedder): ResNetConvLayer(
        (convolution): Conv2d(3, 64, kernel_size=(7, 7), stride=(2, 2), padding=(3, 3), bias=False)
        (normalization): BatchNorm2d(64, eps=1e-05, momentum=0.1, affine=True, track_running_stats=True)
        (activation): ReLU()
      )
      (pooler): MaxPool2d(kernel_size=3, stride=2, padding=1, dilation=1, ceil_mode=False)
    )
    (encoder): ResNetEncoder(
      (stages): ModuleList(
        (0): ResNetStage(
          (layers): Sequential(
            (0): ResNetBottleNeckLayer(
              (shortcut): ResNetShortCut(
                (convolution): Conv2d(64, 256, kernel_size=(1, 1), stride=(1, 1), bias=False)
                (normalization): BatchNorm2d(256, eps=1e-05, momentum=0.1, affine=True, track_running_stats=True)
              )
              (layer): Sequential(
                (0): ResNetConvLayer(
                  (convolution): Conv2d(64, 64, kernel_size=(1, 1), stride=(1, 1), bias=False)
                  (normalization): BatchNorm2d(64, eps=1e-05, momentum=0.1, affine=True, track_running_stats=True)
                  (activation): ReLU()
                )
                (1): ResNetConvLayer(
                  (convolution): Conv2d(64, 64, kernel_size=(3, 3), stride=(1, 1), padding=(1, 1), bias=False)
                  (normalization): BatchNorm2d(64, eps=1e-05, momentum=0.1, affine=True, track_running_stats=True)
                  (activation): ReLU()
                )
                (2): ResNetConvLayer(
                  (convolution): Conv2d(64, 256, kernel_size=(1, 1), stride=(1, 1), bias=False)
                  (normalization): BatchNorm2d(256, eps=1e-05, momentum=0.1, affine=True, track_running_stats=True)
                  (activation): Identity()
                )
              )
              (activation): ReLU()
            )
            (1): ResNetBottleNeckLayer(
              (shortcut): Identity()
              (layer): Sequential(
                (0): ResNetConvLayer(
                  (convolution): Conv2d(256, 64, kernel_size=(1, 1), stride=(1, 1), bias=False)
                  (normalization): BatchNorm2d(64, eps=1e-05, momentum=0.1, affine=True, track_running_stats=True)
                  (activation): ReLU()
                )
                (1): ResNetConvLayer(
                  (convolution): Conv2d(64, 64, kernel_size=(3, 3), stride=(1, 1), padding=(1, 1), bias=False)
                  (normalization): BatchNorm2d(64, eps=1e-05, momentum=0.1, affine=True, track_running_stats=True)
                  (activation): ReLU()
                )
                (2): ResNetConvLayer(
                  (convolution): Conv2d(64, 256, kernel_size=(1, 1), stride=(1, 1), bias=False)
                  (normalization): BatchNorm2d(256, eps=1e-05, momentum=0.1, affine=True, track_running_stats=True)
                  (activation): Identity()
                )
              )
              (activation): ReLU()
            )
            (2): ResNetBottleNeckLayer(
              (shortcut): Identity()
              (layer): Sequential(
                (0): ResNetConvLayer(
                  (convolution): Conv2d(256, 64, kernel_size=(1, 1), stride=(1, 1), bias=False)
                  (normalization): BatchNorm2d(64, eps=1e-05, momentum=0.1, affine=True, track_running_stats=True)
                  (activation): ReLU()
                )
                (1): ResNetConvLayer(
                  (convolution): Conv2d(64, 64, kernel_size=(3, 3), stride=(1, 1), padding=(1, 1), bias=False)
                  (normalization): BatchNorm2d(64, eps=1e-05, momentum=0.1, affine=True, track_running_stats=True)
                  (activation): ReLU()
                )
                (2): ResNetConvLayer(
                  (convolution): Conv2d(64, 256, kernel_size=(1, 1), stride=(1, 1), bias=False)
                  (normalization): BatchNorm2d(256, eps=1e-05, momentum=0.1, affine=True, track_running_stats=True)
                  (activation): Identity()
                )
              )
              (activation): ReLU()
            )
          )
        )
        (1): ResNetStage(
          (layers): Sequential(
            (0): ResNetBottleNeckLayer(
              (shortcut): ResNetShortCut(
                (convolution): Conv2d(256, 512, kernel_size=(1, 1), stride=(2, 2), bias=False)
                (normalization): BatchNorm2d(512, eps=1e-05, momentum=0.1, affine=True, track_running_stats=True)
              )
              (layer): Sequential(
                (0): ResNetConvLayer(
                  (convolution): Conv2d(256, 128, kernel_size=(1, 1), stride=(1, 1), bias=False)
                  (normalization): BatchNorm2d(128, eps=1e-05, momentum=0.1, affine=True, track_running_stats=True)
                  (activation): ReLU()
                )
                (1): ResNetConvLayer(
                  (convolution): Conv2d(128, 128, kernel_size=(3, 3), stride=(2, 2), padding=(1, 1), bias=False)
                  (normalization): BatchNorm2d(128, eps=1e-05, momentum=0.1, affine=True, track_running_stats=True)
                  (activation): ReLU()
                )
                (2): ResNetConvLayer(
                  (convolution): Conv2d(128, 512, kernel_size=(1, 1), stride=(1, 1), bias=False)
                  (normalization): BatchNorm2d(512, eps=1e-05, momentum=0.1, affine=True, track_running_stats=True)
                  (activation): Identity()
                )
              )
              (activation): ReLU()
            )
            (1): ResNetBottleNeckLayer(
              (shortcut): Identity()
              (layer): Sequential(
                (0): ResNetConvLayer(
                  (convolution): Conv2d(512, 128, kernel_size=(1, 1), stride=(1, 1), bias=False)
                  (normalization): BatchNorm2d(128, eps=1e-05, momentum=0.1, affine=True, track_running_stats=True)
                  (activation): ReLU()
                )
                (1): ResNetConvLayer(
                  (convolution): Conv2d(128, 128, kernel_size=(3, 3), stride=(1, 1), padding=(1, 1), bias=False)
                  (normalization): BatchNorm2d(128, eps=1e-05, momentum=0.1, affine=True, track_running_stats=True)
                  (activation): ReLU()
                )
                (2): ResNetConvLayer(
                  (convolution): Conv2d(128, 512, kernel_size=(1, 1), stride=(1, 1), bias=False)
                  (normalization): BatchNorm2d(512, eps=1e-05, momentum=0.1, affine=True, track_running_stats=True)
                  (activation): Identity()
                )
              )
              (activation): ReLU()
            )
            (2): ResNetBottleNeckLayer(
              (shortcut): Identity()
              (layer): Sequential(
                (0): ResNetConvLayer(
                  (convolution): Conv2d(512, 128, kernel_size=(1, 1), stride=(1, 1), bias=False)
                  (normalization): BatchNorm2d(128, eps=1e-05, momentum=0.1, affine=True, track_running_stats=True)
                  (activation): ReLU()
                )
                (1): ResNetConvLayer(
                  (convolution): Conv2d(128, 128, kernel_size=(3, 3), stride=(1, 1), padding=(1, 1), bias=False)
                  (normalization): BatchNorm2d(128, eps=1e-05, momentum=0.1, affine=True, track_running_stats=True)
                  (activation): ReLU()
                )
                (2): ResNetConvLayer(
                  (convolution): Conv2d(128, 512, kernel_size=(1, 1), stride=(1, 1), bias=False)
                  (normalization): BatchNorm2d(512, eps=1e-05, momentum=0.1, affine=True, track_running_stats=True)
                  (activation): Identity()
                )
              )
              (activation): ReLU()
            )
            (3): ResNetBottleNeckLayer(
              (shortcut): Identity()
              (layer): Sequential(
                (0): ResNetConvLayer(
                  (convolution): Conv2d(512, 128, kernel_size=(1, 1), stride=(1, 1), bias=False)
                  (normalization): BatchNorm2d(128, eps=1e-05, momentum=0.1, affine=True, track_running_stats=True)
                  (activation): ReLU()
                )
                (1): ResNetConvLayer(
                  (convolution): Conv2d(128, 128, kernel_size=(3, 3), stride=(1, 1), padding=(1, 1), bias=False)
                  (normalization): BatchNorm2d(128, eps=1e-05, momentum=0.1, affine=True, track_running_stats=True)
                  (activation): ReLU()
                )
                (2): ResNetConvLayer(
                  (convolution): Conv2d(128, 512, kernel_size=(1, 1), stride=(1, 1), bias=False)
                  (normalization): BatchNorm2d(512, eps=1e-05, momentum=0.1, affine=True, track_running_stats=True)
                  (activation): Identity()
                )
              )
              (activation): ReLU()
            )
          )
        )
        (2): ResNetStage(
          (layers): Sequential(
            (0): ResNetBottleNeckLayer(
              (shortcut): ResNetShortCut(
                (convolution): Conv2d(512, 1024, kernel_size=(1, 1), stride=(2, 2), bias=False)
                (normalization): BatchNorm2d(1024, eps=1e-05, momentum=0.1, affine=True, track_running_stats=True)
              )
              (layer): Sequential(
                (0): ResNetConvLayer(
                  (convolution): Conv2d(512, 256, kernel_size=(1, 1), stride=(1, 1), bias=False)
                  (normalization): BatchNorm2d(256, eps=1e-05, momentum=0.1, affine=True, track_running_stats=True)
                  (activation): ReLU()
                )
                (1): ResNetConvLayer(
                  (convolution): Conv2d(256, 256, kernel_size=(3, 3), stride=(2, 2), padding=(1, 1), bias=False)
                  (normalization): BatchNorm2d(256, eps=1e-05, momentum=0.1, affine=True, track_running_stats=True)
                  (activation): ReLU()
                )
                (2): ResNetConvLayer(
                  (convolution): Conv2d(256, 1024, kernel_size=(1, 1), stride=(1, 1), bias=False)
                  (normalization): BatchNorm2d(1024, eps=1e-05, momentum=0.1, affine=True, track_running_stats=True)
                  (activation): Identity()
                )
              )
              (activation): ReLU()
            )
            (1): ResNetBottleNeckLayer(
              (shortcut): Identity()
              (layer): Sequential(
                (0): ResNetConvLayer(
                  (convolution): Conv2d(1024, 256, kernel_size=(1, 1), stride=(1, 1), bias=False)
                  (normalization): BatchNorm2d(256, eps=1e-05, momentum=0.1, affine=True, track_running_stats=True)
                  (activation): ReLU()
                )
                (1): ResNetConvLayer(
                  (convolution): Conv2d(256, 256, kernel_size=(3, 3), stride=(1, 1), padding=(1, 1), bias=False)
                  (normalization): BatchNorm2d(256, eps=1e-05, momentum=0.1, affine=True, track_running_stats=True)
                  (activation): ReLU()
                )
                (2): ResNetConvLayer(
                  (convolution): Conv2d(256, 1024, kernel_size=(1, 1), stride=(1, 1), bias=False)
                  (normalization): BatchNorm2d(1024, eps=1e-05, momentum=0.1, affine=True, track_running_stats=True)
                  (activation): Identity()
                )
              )
              (activation): ReLU()
            )
            (2): ResNetBottleNeckLayer(
              (shortcut): Identity()
              (layer): Sequential(
                (0): ResNetConvLayer(
                  (convolution): Conv2d(1024, 256, kernel_size=(1, 1), stride=(1, 1), bias=False)
                  (normalization): BatchNorm2d(256, eps=1e-05, momentum=0.1, affine=True, track_running_stats=True)
                  (activation): ReLU()
                )
                (1): ResNetConvLayer(
                  (convolution): Conv2d(256, 256, kernel_size=(3, 3), stride=(1, 1), padding=(1, 1), bias=False)
                  (normalization): BatchNorm2d(256, eps=1e-05, momentum=0.1, affine=True, track_running_stats=True)
                  (activation): ReLU()
                )
                (2): ResNetConvLayer(
                  (convolution): Conv2d(256, 1024, kernel_size=(1, 1), stride=(1, 1), bias=False)
                  (normalization): BatchNorm2d(1024, eps=1e-05, momentum=0.1, affine=True, track_running_stats=True)
                  (activation): Identity()
                )
              )
              (activation): ReLU()
            )
            (3): ResNetBottleNeckLayer(
              (shortcut): Identity()
              (layer): Sequential(
                (0): ResNetConvLayer(
                  (convolution): Conv2d(1024, 256, kernel_size=(1, 1), stride=(1, 1), bias=False)
                  (normalization): BatchNorm2d(256, eps=1e-05, momentum=0.1, affine=True, track_running_stats=True)
                  (activation): ReLU()
                )
                (1): ResNetConvLayer(
                  (convolution): Conv2d(256, 256, kernel_size=(3, 3), stride=(1, 1), padding=(1, 1), bias=False)
                  (normalization): BatchNorm2d(256, eps=1e-05, momentum=0.1, affine=True, track_running_stats=True)
                  (activation): ReLU()
                )
                (2): ResNetConvLayer(
                  (convolution): Conv2d(256, 1024, kernel_size=(1, 1), stride=(1, 1), bias=False)
                  (normalization): BatchNorm2d(1024, eps=1e-05, momentum=0.1, affine=True, track_running_stats=True)
                  (activation): Identity()
                )
              )
              (activation): ReLU()
            )
            (4): ResNetBottleNeckLayer(
              (shortcut): Identity()
              (layer): Sequential(
                (0): ResNetConvLayer(
                  (convolution): Conv2d(1024, 256, kernel_size=(1, 1), stride=(1, 1), bias=False)
                  (normalization): BatchNorm2d(256, eps=1e-05, momentum=0.1, affine=True, track_running_stats=True)
                  (activation): ReLU()
                )
                (1): ResNetConvLayer(
                  (convolution): Conv2d(256, 256, kernel_size=(3, 3), stride=(1, 1), padding=(1, 1), bias=False)
                  (normalization): BatchNorm2d(256, eps=1e-05, momentum=0.1, affine=True, track_running_stats=True)
                  (activation): ReLU()
                )
                (2): ResNetConvLayer(
                  (convolution): Conv2d(256, 1024, kernel_size=(1, 1), stride=(1, 1), bias=False)
                  (normalization): BatchNorm2d(1024, eps=1e-05, momentum=0.1, affine=True, track_running_stats=True)
                  (activation): Identity()
                )
              )
              (activation): ReLU()
            )
            (5): ResNetBottleNeckLayer(
              (shortcut): Identity()
              (layer): Sequential(
                (0): ResNetConvLayer(
                  (convolution): Conv2d(1024, 256, kernel_size=(1, 1), stride=(1, 1), bias=False)
                  (normalization): BatchNorm2d(256, eps=1e-05, momentum=0.1, affine=True, track_running_stats=True)
                  (activation): ReLU()
                )
                (1): ResNetConvLayer(
                  (convolution): Conv2d(256, 256, kernel_size=(3, 3), stride=(1, 1), padding=(1, 1), bias=False)
                  (normalization): BatchNorm2d(256, eps=1e-05, momentum=0.1, affine=True, track_running_stats=True)
                  (activation): ReLU()
                )
                (2): ResNetConvLayer(
                  (convolution): Conv2d(256, 1024, kernel_size=(1, 1), stride=(1, 1), bias=False)
                  (normalization): BatchNorm2d(1024, eps=1e-05, momentum=0.1, affine=True, track_running_stats=True)
                  (activation): Identity()
                )
              )
              (activation): ReLU()
            )
          )
        )
        (3): ResNetStage(
          (layers): Sequential(
            (0): ResNetBottleNeckLayer(
              (shortcut): ResNetShortCut(
                (convolution): Conv2d(1024, 2048, kernel_size=(1, 1), stride=(2, 2), bias=False)
                (normalization): BatchNorm2d(2048, eps=1e-05, momentum=0.1, affine=True, track_running_stats=True)
              )
              (layer): Sequential(
                (0): ResNetConvLayer(
                  (convolution): Conv2d(1024, 512, kernel_size=(1, 1), stride=(1, 1), bias=False)
                  (normalization): BatchNorm2d(512, eps=1e-05, momentum=0.1, affine=True, track_running_stats=True)
                  (activation): ReLU()
                )
                (1): ResNetConvLayer(
                  (convolution): Conv2d(512, 512, kernel_size=(3, 3), stride=(2, 2), padding=(1, 1), bias=False)
                  (normalization): BatchNorm2d(512, eps=1e-05, momentum=0.1, affine=True, track_running_stats=True)
                  (activation): ReLU()
                )
                (2): ResNetConvLayer(
                  (convolution): Conv2d(512, 2048, kernel_size=(1, 1), stride=(1, 1), bias=False)
                  (normalization): BatchNorm2d(2048, eps=1e-05, momentum=0.1, affine=True, track_running_stats=True)
                  (activation): Identity()
                )
              )
              (activation): ReLU()
            )
            (1): ResNetBottleNeckLayer(
              (shortcut): Identity()
              (layer): Sequential(
                (0): ResNetConvLayer(
                  (convolution): Conv2d(2048, 512, kernel_size=(1, 1), stride=(1, 1), bias=False)
                  (normalization): BatchNorm2d(512, eps=1e-05, momentum=0.1, affine=True, track_running_stats=True)
                  (activation): ReLU()
                )
                (1): ResNetConvLayer(
                  (convolution): Conv2d(512, 512, kernel_size=(3, 3), stride=(1, 1), padding=(1, 1), bias=False)
                  (normalization): BatchNorm2d(512, eps=1e-05, momentum=0.1, affine=True, track_running_stats=True)
                  (activation): ReLU()
                )
                (2): ResNetConvLayer(
                  (convolution): Conv2d(512, 2048, kernel_size=(1, 1), stride=(1, 1), bias=False)
                  (normalization): BatchNorm2d(2048, eps=1e-05, momentum=0.1, affine=True, track_running_stats=True)
                  (activation): Identity()
                )
              )
              (activation): ReLU()
            )
            (2): ResNetBottleNeckLayer(
              (shortcut): Identity()
              (layer): Sequential(
                (0): ResNetConvLayer(
                  (convolution): Conv2d(2048, 512, kernel_size=(1, 1), stride=(1, 1), bias=False)
                  (normalization): BatchNorm2d(512, eps=1e-05, momentum=0.1, affine=True, track_running_stats=True)
                  (activation): ReLU()
                )
                (1): ResNetConvLayer(
                  (convolution): Conv2d(512, 512, kernel_size=(3, 3), stride=(1, 1), padding=(1, 1), bias=False)
                  (normalization): BatchNorm2d(512, eps=1e-05, momentum=0.1, affine=True, track_running_stats=True)
                  (activation): ReLU()
                )
                (2): ResNetConvLayer(
                  (convolution): Conv2d(512, 2048, kernel_size=(1, 1), stride=(1, 1), bias=False)
                  (normalization): BatchNorm2d(2048, eps=1e-05, momentum=0.1, affine=True, track_running_stats=True)
                  (activation): Identity()
                )
              )
              (activation): ReLU()
            )
          )
        )
      )
    )
    (pooler): AdaptiveAvgPool2d(output_size=(1, 1))
  )
  (pre_branch): Sequential(
    (0): Flatten(start_dim=1, end_dim=-1)
    (1): Linear(in_features=2048, out_features=512, bias=True)
    (2): ReLU()
    (3): Dropout(p=0.5, inplace=False)
  )
  (branch1): Linear(in_features=512, out_features=11, bias=True)
  (loss_fn): MaskedDomainAdversarialLoss(
    (branch1_loss_fn): InstanceWeightedCrossEntropyLoss(
      (base_loss): CrossEntropyLoss()
    )
    (branch2_loss_fn): BCEWithLogitsLoss()
  )
  (grad_reverse): GradientReversal()
  (branch2): Sequential(
    (0): GradientReversal()
    (1): Linear(in_features=512, out_features=1, bias=True)
  )
)
[INFO|evaluation_funcs.py:99] 2025-11-20 06:54:13,056 >> Beginning evaluation of fold 0 (#1 out of 1)
[INFO|evaluation_funcs.py:107] 2025-11-20 06:54:48,704 >> Instantiated eval dataset TwoLabelDataset, length 17778, which is file /data/DG_Test_set/test_dataset_Uniform_Noise.npz
[INFO|training_args.py:1598] 2025-11-20 06:54:48,706 >> No output directory specified, defaulting to 'trainer_output'. To change this behavior, specify --output_dir when creating TrainingArguments.
[INFO|training_args.py:1598] 2025-11-20 06:54:48,706 >> No output directory specified, defaulting to 'trainer_output'. To change this behavior, specify --output_dir when creating TrainingArguments.
[INFO|training_args.py:2222] 2025-11-20 06:54:48,707 >> PyTorch: setting up devices
[INFO|training_args.py:2222] 2025-11-20 06:54:48,707 >> PyTorch: setting up devices
[INFO|evaluation_funcs.py:55] 2025-11-20 06:54:48,755 >> TrainingArguments(
_n_gpu=1,
accelerator_config={'split_batches': False, 'dispatch_batches': None, 'even_batches': True, 'use_seedable_sampler': True, 'non_blocking': False, 'gradient_accumulation_kwargs': None, 'use_configured_state': False},
adafactor=False,
adam_beta1=0.9,
adam_beta2=0.999,
adam_epsilon=1e-08,
auto_find_batch_size=False,
average_tokens_across_devices=True,
batch_eval_metrics=False,
bf16=False,
bf16_full_eval=False,
data_seed=None,
dataloader_drop_last=False,
dataloader_num_workers=0,
dataloader_persistent_workers=False,
dataloader_pin_memory=False,
dataloader_prefetch_factor=None,
ddp_backend=None,
ddp_broadcast_buffers=None,
ddp_bucket_cap_mb=None,
ddp_find_unused_parameters=None,
ddp_timeout=1800,
debug=[],
deepspeed=None,
disable_tqdm=False,
do_eval=False,
do_predict=False,
do_train=False,
eval_accumulation_steps=None,
eval_delay=0,
eval_do_concat_batches=True,
eval_on_start=False,
eval_steps=None,
eval_strategy=IntervalStrategy.NO,
eval_use_gather_object=False,
fp16=False,
fp16_backend=auto,
fp16_full_eval=False,
fp16_opt_level=O1,
fsdp=[],
fsdp_config={'min_num_params': 0, 'xla': False, 'xla_fsdp_v2': False, 'xla_fsdp_grad_ckpt': False},
fsdp_min_num_params=0,
fsdp_transformer_layer_cls_to_wrap=None,
full_determinism=False,
gradient_accumulation_steps=1,
gradient_checkpointing=False,
gradient_checkpointing_kwargs=None,
greater_is_better=None,
group_by_length=False,
half_precision_backend=auto,
hub_always_push=False,
hub_model_id=None,
hub_private_repo=None,
hub_revision=None,
hub_strategy=HubStrategy.EVERY_SAVE,
hub_token=<HUB_TOKEN>,
ignore_data_skip=False,
include_for_metrics=[],
include_inputs_for_metrics=False,
include_num_input_tokens_seen=no,
include_tokens_per_second=False,
jit_mode_eval=False,
label_names=None,
label_smoothing_factor=0.0,
learning_rate=5e-05,
length_column_name=length,
liger_kernel_config=None,
load_best_model_at_end=False,
local_rank=0,
log_level=passive,
log_level_replica=warning,
log_on_each_node=True,
logging_dir=trainer_output/runs/Nov20_06-54-48_c0d8d6395f10,
logging_first_step=False,
logging_nan_inf_filter=True,
logging_steps=500,
logging_strategy=IntervalStrategy.STEPS,
lr_scheduler_kwargs={},
lr_scheduler_type=SchedulerType.LINEAR,
max_grad_norm=1.0,
max_steps=-1,
metric_for_best_model=None,
mp_parameters=,
neftune_noise_alpha=None,
no_cuda=False,
num_train_epochs=3.0,
optim=OptimizerNames.ADAMW_TORCH,
optim_args=None,
optim_target_modules=None,
output_dir=trainer_output,
overwrite_output_dir=False,
parallelism_config=None,
past_index=-1,
per_device_eval_batch_size=32,
per_device_train_batch_size=8,
prediction_loss_only=False,
project=huggingface,
push_to_hub=False,
push_to_hub_model_id=None,
push_to_hub_organization=None,
push_to_hub_token=<PUSH_TO_HUB_TOKEN>,
ray_scope=last,
remove_unused_columns=True,
report_to=[],
restore_callback_states_from_checkpoint=False,
resume_from_checkpoint=None,
run_name=None,
save_on_each_node=False,
save_only_model=False,
save_safetensors=True,
save_steps=500,
save_strategy=SaveStrategy.STEPS,
save_total_limit=None,
seed=42,
skip_memory_metrics=True,
tf32=None,
torch_compile=False,
torch_compile_backend=None,
torch_compile_mode=None,
torch_empty_cache_steps=None,
torchdynamo=None,
tpu_metrics_debug=False,
tpu_num_cores=None,
trackio_space_id=trackio,
use_cpu=False,
use_legacy_prediction_loop=False,
use_liger_kernel=False,
use_mps_device=False,
warmup_ratio=0.0,
warmup_steps=0,
weight_decay=0.0,
)
[INFO|trainer.py:4643] 2025-11-20 06:54:48,891 >> 
***** Running Evaluation *****
[INFO|trainer.py:4643] 2025-11-20 06:54:48,891 >> 
***** Running Evaluation *****
[INFO|trainer.py:4645] 2025-11-20 06:54:48,892 >>   Num examples = 17778
[INFO|trainer.py:4645] 2025-11-20 06:54:48,892 >>   Num examples = 17778
[INFO|trainer.py:4648] 2025-11-20 06:54:48,892 >>   Batch size = 32
[INFO|trainer.py:4648] 2025-11-20 06:54:48,892 >>   Batch size = 32
[INFO|evaluation_funcs.py:69] 2025-11-20 06:55:07,716 >> Metrics: {'eval_loss': 0.6962429881095886, 'eval_model_preparation_time': 0.0025, 'eval_accuracy_branch1': 0.3752390595117561, 'eval_precision_branch1': 0.4358222527662777, 'eval_recall_branch1': 0.41650604811395586, 'eval_f1_branch1': 0.34181419660811546, 'eval_accuracy_branch2': 0.38716391045111936, 'eval_precision_branch2': 0.5, 'eval_recall_branch2': 0.19358195522555968, 'eval_f1_branch2': 0.2791046591784599, 'eval_lambda': 0.0, 'eval_tn_branch2': 0, 'eval_fp_branch2': 0, 'eval_fn_branch2': 10895, 'eval_tp_branch2': 6883, 'eval_loss_branch1': 0.0, 'eval_loss_branch2': 0.696242094039917, 'eval_cm_branch1_actual0_pred0': 0, 'eval_cm_branch1_actual0_pred1': 2, 'eval_cm_branch1_actual0_pred2': 6, 'eval_cm_branch1_actual0_pred3': 4, 'eval_cm_branch1_actual0_pred4': 144, 'eval_cm_branch1_actual0_pred5': 760, 'eval_cm_branch1_actual0_pred6': 0, 'eval_cm_branch1_actual0_pred7': 0, 'eval_cm_branch1_actual0_pred8': 120, 'eval_cm_branch1_actual0_pred9': 0, 'eval_cm_branch1_actual0_pred10': 0, 'eval_cm_branch1_actual1_pred0': 0, 'eval_cm_branch1_actual1_pred1': 314, 'eval_cm_branch1_actual1_pred2': 140, 'eval_cm_branch1_actual1_pred3': 1, 'eval_cm_branch1_actual1_pred4': 23, 'eval_cm_branch1_actual1_pred5': 221, 'eval_cm_branch1_actual1_pred6': 0, 'eval_cm_branch1_actual1_pred7': 12, 'eval_cm_branch1_actual1_pred8': 73, 'eval_cm_branch1_actual1_pred9': 0, 'eval_cm_branch1_actual1_pred10': 0, 'eval_cm_branch1_actual2_pred0': 0, 'eval_cm_branch1_actual2_pred1': 4, 'eval_cm_branch1_actual2_pred2': 515, 'eval_cm_branch1_actual2_pred3': 2, 'eval_cm_branch1_actual2_pred4': 14, 'eval_cm_branch1_actual2_pred5': 188, 'eval_cm_branch1_actual2_pred6': 0, 'eval_cm_branch1_actual2_pred7': 0, 'eval_cm_branch1_actual2_pred8': 70, 'eval_cm_branch1_actual2_pred9': 0, 'eval_cm_branch1_actual2_pred10': 0, 'eval_cm_branch1_actual3_pred0': 0, 'eval_cm_branch1_actual3_pred1': 1, 'eval_cm_branch1_actual3_pred2': 20, 'eval_cm_branch1_actual3_pred3': 549, 'eval_cm_branch1_actual3_pred4': 63, 'eval_cm_branch1_actual3_pred5': 100, 'eval_cm_branch1_actual3_pred6': 0, 'eval_cm_branch1_actual3_pred7': 8, 'eval_cm_branch1_actual3_pred8': 31, 'eval_cm_branch1_actual3_pred9': 9, 'eval_cm_branch1_actual3_pred10': 4, 'eval_cm_branch1_actual4_pred0': 0, 'eval_cm_branch1_actual4_pred1': 12, 'eval_cm_branch1_actual4_pred2': 274, 'eval_cm_branch1_actual4_pred3': 7, 'eval_cm_branch1_actual4_pred4': 823, 'eval_cm_branch1_actual4_pred5': 556, 'eval_cm_branch1_actual4_pred6': 0, 'eval_cm_branch1_actual4_pred7': 57, 'eval_cm_branch1_actual4_pred8': 333, 'eval_cm_branch1_actual4_pred9': 2, 'eval_cm_branch1_actual4_pred10': 0, 'eval_cm_branch1_actual5_pred0': 0, 'eval_cm_branch1_actual5_pred1': 4, 'eval_cm_branch1_actual5_pred2': 161, 'eval_cm_branch1_actual5_pred3': 5, 'eval_cm_branch1_actual5_pred4': 421, 'eval_cm_branch1_actual5_pred5': 1095, 'eval_cm_branch1_actual5_pred6': 0, 'eval_cm_branch1_actual5_pred7': 21, 'eval_cm_branch1_actual5_pred8': 218, 'eval_cm_branch1_actual5_pred9': 40, 'eval_cm_branch1_actual5_pred10': 0, 'eval_cm_branch1_actual6_pred0': 14, 'eval_cm_branch1_actual6_pred1': 0, 'eval_cm_branch1_actual6_pred2': 28, 'eval_cm_branch1_actual6_pred3': 464, 'eval_cm_branch1_actual6_pred4': 340, 'eval_cm_branch1_actual6_pred5': 1350, 'eval_cm_branch1_actual6_pred6': 65, 'eval_cm_branch1_actual6_pred7': 24, 'eval_cm_branch1_actual6_pred8': 825, 'eval_cm_branch1_actual6_pred9': 132, 'eval_cm_branch1_actual6_pred10': 43, 'eval_cm_branch1_actual7_pred0': 0, 'eval_cm_branch1_actual7_pred1': 0, 'eval_cm_branch1_actual7_pred2': 0, 'eval_cm_branch1_actual7_pred3': 3, 'eval_cm_branch1_actual7_pred4': 5, 'eval_cm_branch1_actual7_pred5': 0, 'eval_cm_branch1_actual7_pred6': 0, 'eval_cm_branch1_actual7_pred7': 1493, 'eval_cm_branch1_actual7_pred8': 246, 'eval_cm_branch1_actual7_pred9': 0, 'eval_cm_branch1_actual7_pred10': 0, 'eval_cm_branch1_actual8_pred0': 2, 'eval_cm_branch1_actual8_pred1': 0, 'eval_cm_branch1_actual8_pred2': 0, 'eval_cm_branch1_actual8_pred3': 4, 'eval_cm_branch1_actual8_pred4': 0, 'eval_cm_branch1_actual8_pred5': 4, 'eval_cm_branch1_actual8_pred6': 0, 'eval_cm_branch1_actual8_pred7': 2, 'eval_cm_branch1_actual8_pred8': 1801, 'eval_cm_branch1_actual8_pred9': 0, 'eval_cm_branch1_actual8_pred10': 0, 'eval_cm_branch1_actual9_pred0': 0, 'eval_cm_branch1_actual9_pred1': 2, 'eval_cm_branch1_actual9_pred2': 28, 'eval_cm_branch1_actual9_pred3': 1, 'eval_cm_branch1_actual9_pred4': 1038, 'eval_cm_branch1_actual9_pred5': 427, 'eval_cm_branch1_actual9_pred6': 0, 'eval_cm_branch1_actual9_pred7': 49, 'eval_cm_branch1_actual9_pred8': 77, 'eval_cm_branch1_actual9_pred9': 0, 'eval_cm_branch1_actual9_pred10': 0, 'eval_cm_branch1_actual10_pred0': 0, 'eval_cm_branch1_actual10_pred1': 18, 'eval_cm_branch1_actual10_pred2': 106, 'eval_cm_branch1_actual10_pred3': 17, 'eval_cm_branch1_actual10_pred4': 516, 'eval_cm_branch1_actual10_pred5': 721, 'eval_cm_branch1_actual10_pred6': 0, 'eval_cm_branch1_actual10_pred7': 78, 'eval_cm_branch1_actual10_pred8': 326, 'eval_cm_branch1_actual10_pred9': 86, 'eval_cm_branch1_actual10_pred10': 16, 'eval_runtime': 18.8223, 'eval_samples_per_second': 944.519, 'eval_steps_per_second': 29.539}
[INFO|evaluation_funcs.py:96] 2025-11-20 06:55:08,376 >> Instantiated model ResNet50DANN from /data/D21_training/parabolic_increasing_lambda_scheduler_fold_0_2025-11-19_07-47-48/final_model/model.safetensors. Summary:
ResNet50DANN(
  (resnet): ResNetModel(
    (embedder): ResNetEmbeddings(
      (embedder): ResNetConvLayer(
        (convolution): Conv2d(3, 64, kernel_size=(7, 7), stride=(2, 2), padding=(3, 3), bias=False)
        (normalization): BatchNorm2d(64, eps=1e-05, momentum=0.1, affine=True, track_running_stats=True)
        (activation): ReLU()
      )
      (pooler): MaxPool2d(kernel_size=3, stride=2, padding=1, dilation=1, ceil_mode=False)
    )
    (encoder): ResNetEncoder(
      (stages): ModuleList(
        (0): ResNetStage(
          (layers): Sequential(
            (0): ResNetBottleNeckLayer(
              (shortcut): ResNetShortCut(
                (convolution): Conv2d(64, 256, kernel_size=(1, 1), stride=(1, 1), bias=False)
                (normalization): BatchNorm2d(256, eps=1e-05, momentum=0.1, affine=True, track_running_stats=True)
              )
              (layer): Sequential(
                (0): ResNetConvLayer(
                  (convolution): Conv2d(64, 64, kernel_size=(1, 1), stride=(1, 1), bias=False)
                  (normalization): BatchNorm2d(64, eps=1e-05, momentum=0.1, affine=True, track_running_stats=True)
                  (activation): ReLU()
                )
                (1): ResNetConvLayer(
                  (convolution): Conv2d(64, 64, kernel_size=(3, 3), stride=(1, 1), padding=(1, 1), bias=False)
                  (normalization): BatchNorm2d(64, eps=1e-05, momentum=0.1, affine=True, track_running_stats=True)
                  (activation): ReLU()
                )
                (2): ResNetConvLayer(
                  (convolution): Conv2d(64, 256, kernel_size=(1, 1), stride=(1, 1), bias=False)
                  (normalization): BatchNorm2d(256, eps=1e-05, momentum=0.1, affine=True, track_running_stats=True)
                  (activation): Identity()
                )
              )
              (activation): ReLU()
            )
            (1): ResNetBottleNeckLayer(
              (shortcut): Identity()
              (layer): Sequential(
                (0): ResNetConvLayer(
                  (convolution): Conv2d(256, 64, kernel_size=(1, 1), stride=(1, 1), bias=False)
                  (normalization): BatchNorm2d(64, eps=1e-05, momentum=0.1, affine=True, track_running_stats=True)
                  (activation): ReLU()
                )
                (1): ResNetConvLayer(
                  (convolution): Conv2d(64, 64, kernel_size=(3, 3), stride=(1, 1), padding=(1, 1), bias=False)
                  (normalization): BatchNorm2d(64, eps=1e-05, momentum=0.1, affine=True, track_running_stats=True)
                  (activation): ReLU()
                )
                (2): ResNetConvLayer(
                  (convolution): Conv2d(64, 256, kernel_size=(1, 1), stride=(1, 1), bias=False)
                  (normalization): BatchNorm2d(256, eps=1e-05, momentum=0.1, affine=True, track_running_stats=True)
                  (activation): Identity()
                )
              )
              (activation): ReLU()
            )
            (2): ResNetBottleNeckLayer(
              (shortcut): Identity()
              (layer): Sequential(
                (0): ResNetConvLayer(
                  (convolution): Conv2d(256, 64, kernel_size=(1, 1), stride=(1, 1), bias=False)
                  (normalization): BatchNorm2d(64, eps=1e-05, momentum=0.1, affine=True, track_running_stats=True)
                  (activation): ReLU()
                )
                (1): ResNetConvLayer(
                  (convolution): Conv2d(64, 64, kernel_size=(3, 3), stride=(1, 1), padding=(1, 1), bias=False)
                  (normalization): BatchNorm2d(64, eps=1e-05, momentum=0.1, affine=True, track_running_stats=True)
                  (activation): ReLU()
                )
                (2): ResNetConvLayer(
                  (convolution): Conv2d(64, 256, kernel_size=(1, 1), stride=(1, 1), bias=False)
                  (normalization): BatchNorm2d(256, eps=1e-05, momentum=0.1, affine=True, track_running_stats=True)
                  (activation): Identity()
                )
              )
              (activation): ReLU()
            )
          )
        )
        (1): ResNetStage(
          (layers): Sequential(
            (0): ResNetBottleNeckLayer(
              (shortcut): ResNetShortCut(
                (convolution): Conv2d(256, 512, kernel_size=(1, 1), stride=(2, 2), bias=False)
                (normalization): BatchNorm2d(512, eps=1e-05, momentum=0.1, affine=True, track_running_stats=True)
              )
              (layer): Sequential(
                (0): ResNetConvLayer(
                  (convolution): Conv2d(256, 128, kernel_size=(1, 1), stride=(1, 1), bias=False)
                  (normalization): BatchNorm2d(128, eps=1e-05, momentum=0.1, affine=True, track_running_stats=True)
                  (activation): ReLU()
                )
                (1): ResNetConvLayer(
                  (convolution): Conv2d(128, 128, kernel_size=(3, 3), stride=(2, 2), padding=(1, 1), bias=False)
                  (normalization): BatchNorm2d(128, eps=1e-05, momentum=0.1, affine=True, track_running_stats=True)
                  (activation): ReLU()
                )
                (2): ResNetConvLayer(
                  (convolution): Conv2d(128, 512, kernel_size=(1, 1), stride=(1, 1), bias=False)
                  (normalization): BatchNorm2d(512, eps=1e-05, momentum=0.1, affine=True, track_running_stats=True)
                  (activation): Identity()
                )
              )
              (activation): ReLU()
            )
            (1): ResNetBottleNeckLayer(
              (shortcut): Identity()
              (layer): Sequential(
                (0): ResNetConvLayer(
                  (convolution): Conv2d(512, 128, kernel_size=(1, 1), stride=(1, 1), bias=False)
                  (normalization): BatchNorm2d(128, eps=1e-05, momentum=0.1, affine=True, track_running_stats=True)
                  (activation): ReLU()
                )
                (1): ResNetConvLayer(
                  (convolution): Conv2d(128, 128, kernel_size=(3, 3), stride=(1, 1), padding=(1, 1), bias=False)
                  (normalization): BatchNorm2d(128, eps=1e-05, momentum=0.1, affine=True, track_running_stats=True)
                  (activation): ReLU()
                )
                (2): ResNetConvLayer(
                  (convolution): Conv2d(128, 512, kernel_size=(1, 1), stride=(1, 1), bias=False)
                  (normalization): BatchNorm2d(512, eps=1e-05, momentum=0.1, affine=True, track_running_stats=True)
                  (activation): Identity()
                )
              )
              (activation): ReLU()
            )
            (2): ResNetBottleNeckLayer(
              (shortcut): Identity()
              (layer): Sequential(
                (0): ResNetConvLayer(
                  (convolution): Conv2d(512, 128, kernel_size=(1, 1), stride=(1, 1), bias=False)
                  (normalization): BatchNorm2d(128, eps=1e-05, momentum=0.1, affine=True, track_running_stats=True)
                  (activation): ReLU()
                )
                (1): ResNetConvLayer(
                  (convolution): Conv2d(128, 128, kernel_size=(3, 3), stride=(1, 1), padding=(1, 1), bias=False)
                  (normalization): BatchNorm2d(128, eps=1e-05, momentum=0.1, affine=True, track_running_stats=True)
                  (activation): ReLU()
                )
                (2): ResNetConvLayer(
                  (convolution): Conv2d(128, 512, kernel_size=(1, 1), stride=(1, 1), bias=False)
                  (normalization): BatchNorm2d(512, eps=1e-05, momentum=0.1, affine=True, track_running_stats=True)
                  (activation): Identity()
                )
              )
              (activation): ReLU()
            )
            (3): ResNetBottleNeckLayer(
              (shortcut): Identity()
              (layer): Sequential(
                (0): ResNetConvLayer(
                  (convolution): Conv2d(512, 128, kernel_size=(1, 1), stride=(1, 1), bias=False)
                  (normalization): BatchNorm2d(128, eps=1e-05, momentum=0.1, affine=True, track_running_stats=True)
                  (activation): ReLU()
                )
                (1): ResNetConvLayer(
                  (convolution): Conv2d(128, 128, kernel_size=(3, 3), stride=(1, 1), padding=(1, 1), bias=False)
                  (normalization): BatchNorm2d(128, eps=1e-05, momentum=0.1, affine=True, track_running_stats=True)
                  (activation): ReLU()
                )
                (2): ResNetConvLayer(
                  (convolution): Conv2d(128, 512, kernel_size=(1, 1), stride=(1, 1), bias=False)
                  (normalization): BatchNorm2d(512, eps=1e-05, momentum=0.1, affine=True, track_running_stats=True)
                  (activation): Identity()
                )
              )
              (activation): ReLU()
            )
          )
        )
        (2): ResNetStage(
          (layers): Sequential(
            (0): ResNetBottleNeckLayer(
              (shortcut): ResNetShortCut(
                (convolution): Conv2d(512, 1024, kernel_size=(1, 1), stride=(2, 2), bias=False)
                (normalization): BatchNorm2d(1024, eps=1e-05, momentum=0.1, affine=True, track_running_stats=True)
              )
              (layer): Sequential(
                (0): ResNetConvLayer(
                  (convolution): Conv2d(512, 256, kernel_size=(1, 1), stride=(1, 1), bias=False)
                  (normalization): BatchNorm2d(256, eps=1e-05, momentum=0.1, affine=True, track_running_stats=True)
                  (activation): ReLU()
                )
                (1): ResNetConvLayer(
                  (convolution): Conv2d(256, 256, kernel_size=(3, 3), stride=(2, 2), padding=(1, 1), bias=False)
                  (normalization): BatchNorm2d(256, eps=1e-05, momentum=0.1, affine=True, track_running_stats=True)
                  (activation): ReLU()
                )
                (2): ResNetConvLayer(
                  (convolution): Conv2d(256, 1024, kernel_size=(1, 1), stride=(1, 1), bias=False)
                  (normalization): BatchNorm2d(1024, eps=1e-05, momentum=0.1, affine=True, track_running_stats=True)
                  (activation): Identity()
                )
              )
              (activation): ReLU()
            )
            (1): ResNetBottleNeckLayer(
              (shortcut): Identity()
              (layer): Sequential(
                (0): ResNetConvLayer(
                  (convolution): Conv2d(1024, 256, kernel_size=(1, 1), stride=(1, 1), bias=False)
                  (normalization): BatchNorm2d(256, eps=1e-05, momentum=0.1, affine=True, track_running_stats=True)
                  (activation): ReLU()
                )
                (1): ResNetConvLayer(
                  (convolution): Conv2d(256, 256, kernel_size=(3, 3), stride=(1, 1), padding=(1, 1), bias=False)
                  (normalization): BatchNorm2d(256, eps=1e-05, momentum=0.1, affine=True, track_running_stats=True)
                  (activation): ReLU()
                )
                (2): ResNetConvLayer(
                  (convolution): Conv2d(256, 1024, kernel_size=(1, 1), stride=(1, 1), bias=False)
                  (normalization): BatchNorm2d(1024, eps=1e-05, momentum=0.1, affine=True, track_running_stats=True)
                  (activation): Identity()
                )
              )
              (activation): ReLU()
            )
            (2): ResNetBottleNeckLayer(
              (shortcut): Identity()
              (layer): Sequential(
                (0): ResNetConvLayer(
                  (convolution): Conv2d(1024, 256, kernel_size=(1, 1), stride=(1, 1), bias=False)
                  (normalization): BatchNorm2d(256, eps=1e-05, momentum=0.1, affine=True, track_running_stats=True)
                  (activation): ReLU()
                )
                (1): ResNetConvLayer(
                  (convolution): Conv2d(256, 256, kernel_size=(3, 3), stride=(1, 1), padding=(1, 1), bias=False)
                  (normalization): BatchNorm2d(256, eps=1e-05, momentum=0.1, affine=True, track_running_stats=True)
                  (activation): ReLU()
                )
                (2): ResNetConvLayer(
                  (convolution): Conv2d(256, 1024, kernel_size=(1, 1), stride=(1, 1), bias=False)
                  (normalization): BatchNorm2d(1024, eps=1e-05, momentum=0.1, affine=True, track_running_stats=True)
                  (activation): Identity()
                )
              )
              (activation): ReLU()
            )
            (3): ResNetBottleNeckLayer(
              (shortcut): Identity()
              (layer): Sequential(
                (0): ResNetConvLayer(
                  (convolution): Conv2d(1024, 256, kernel_size=(1, 1), stride=(1, 1), bias=False)
                  (normalization): BatchNorm2d(256, eps=1e-05, momentum=0.1, affine=True, track_running_stats=True)
                  (activation): ReLU()
                )
                (1): ResNetConvLayer(
                  (convolution): Conv2d(256, 256, kernel_size=(3, 3), stride=(1, 1), padding=(1, 1), bias=False)
                  (normalization): BatchNorm2d(256, eps=1e-05, momentum=0.1, affine=True, track_running_stats=True)
                  (activation): ReLU()
                )
                (2): ResNetConvLayer(
                  (convolution): Conv2d(256, 1024, kernel_size=(1, 1), stride=(1, 1), bias=False)
                  (normalization): BatchNorm2d(1024, eps=1e-05, momentum=0.1, affine=True, track_running_stats=True)
                  (activation): Identity()
                )
              )
              (activation): ReLU()
            )
            (4): ResNetBottleNeckLayer(
              (shortcut): Identity()
              (layer): Sequential(
                (0): ResNetConvLayer(
                  (convolution): Conv2d(1024, 256, kernel_size=(1, 1), stride=(1, 1), bias=False)
                  (normalization): BatchNorm2d(256, eps=1e-05, momentum=0.1, affine=True, track_running_stats=True)
                  (activation): ReLU()
                )
                (1): ResNetConvLayer(
                  (convolution): Conv2d(256, 256, kernel_size=(3, 3), stride=(1, 1), padding=(1, 1), bias=False)
                  (normalization): BatchNorm2d(256, eps=1e-05, momentum=0.1, affine=True, track_running_stats=True)
                  (activation): ReLU()
                )
                (2): ResNetConvLayer(
                  (convolution): Conv2d(256, 1024, kernel_size=(1, 1), stride=(1, 1), bias=False)
                  (normalization): BatchNorm2d(1024, eps=1e-05, momentum=0.1, affine=True, track_running_stats=True)
                  (activation): Identity()
                )
              )
              (activation): ReLU()
            )
            (5): ResNetBottleNeckLayer(
              (shortcut): Identity()
              (layer): Sequential(
                (0): ResNetConvLayer(
                  (convolution): Conv2d(1024, 256, kernel_size=(1, 1), stride=(1, 1), bias=False)
                  (normalization): BatchNorm2d(256, eps=1e-05, momentum=0.1, affine=True, track_running_stats=True)
                  (activation): ReLU()
                )
                (1): ResNetConvLayer(
                  (convolution): Conv2d(256, 256, kernel_size=(3, 3), stride=(1, 1), padding=(1, 1), bias=False)
                  (normalization): BatchNorm2d(256, eps=1e-05, momentum=0.1, affine=True, track_running_stats=True)
                  (activation): ReLU()
                )
                (2): ResNetConvLayer(
                  (convolution): Conv2d(256, 1024, kernel_size=(1, 1), stride=(1, 1), bias=False)
                  (normalization): BatchNorm2d(1024, eps=1e-05, momentum=0.1, affine=True, track_running_stats=True)
                  (activation): Identity()
                )
              )
              (activation): ReLU()
            )
          )
        )
        (3): ResNetStage(
          (layers): Sequential(
            (0): ResNetBottleNeckLayer(
              (shortcut): ResNetShortCut(
                (convolution): Conv2d(1024, 2048, kernel_size=(1, 1), stride=(2, 2), bias=False)
                (normalization): BatchNorm2d(2048, eps=1e-05, momentum=0.1, affine=True, track_running_stats=True)
              )
              (layer): Sequential(
                (0): ResNetConvLayer(
                  (convolution): Conv2d(1024, 512, kernel_size=(1, 1), stride=(1, 1), bias=False)
                  (normalization): BatchNorm2d(512, eps=1e-05, momentum=0.1, affine=True, track_running_stats=True)
                  (activation): ReLU()
                )
                (1): ResNetConvLayer(
                  (convolution): Conv2d(512, 512, kernel_size=(3, 3), stride=(2, 2), padding=(1, 1), bias=False)
                  (normalization): BatchNorm2d(512, eps=1e-05, momentum=0.1, affine=True, track_running_stats=True)
                  (activation): ReLU()
                )
                (2): ResNetConvLayer(
                  (convolution): Conv2d(512, 2048, kernel_size=(1, 1), stride=(1, 1), bias=False)
                  (normalization): BatchNorm2d(2048, eps=1e-05, momentum=0.1, affine=True, track_running_stats=True)
                  (activation): Identity()
                )
              )
              (activation): ReLU()
            )
            (1): ResNetBottleNeckLayer(
              (shortcut): Identity()
              (layer): Sequential(
                (0): ResNetConvLayer(
                  (convolution): Conv2d(2048, 512, kernel_size=(1, 1), stride=(1, 1), bias=False)
                  (normalization): BatchNorm2d(512, eps=1e-05, momentum=0.1, affine=True, track_running_stats=True)
                  (activation): ReLU()
                )
                (1): ResNetConvLayer(
                  (convolution): Conv2d(512, 512, kernel_size=(3, 3), stride=(1, 1), padding=(1, 1), bias=False)
                  (normalization): BatchNorm2d(512, eps=1e-05, momentum=0.1, affine=True, track_running_stats=True)
                  (activation): ReLU()
                )
                (2): ResNetConvLayer(
                  (convolution): Conv2d(512, 2048, kernel_size=(1, 1), stride=(1, 1), bias=False)
                  (normalization): BatchNorm2d(2048, eps=1e-05, momentum=0.1, affine=True, track_running_stats=True)
                  (activation): Identity()
                )
              )
              (activation): ReLU()
            )
            (2): ResNetBottleNeckLayer(
              (shortcut): Identity()
              (layer): Sequential(
                (0): ResNetConvLayer(
                  (convolution): Conv2d(2048, 512, kernel_size=(1, 1), stride=(1, 1), bias=False)
                  (normalization): BatchNorm2d(512, eps=1e-05, momentum=0.1, affine=True, track_running_stats=True)
                  (activation): ReLU()
                )
                (1): ResNetConvLayer(
                  (convolution): Conv2d(512, 512, kernel_size=(3, 3), stride=(1, 1), padding=(1, 1), bias=False)
                  (normalization): BatchNorm2d(512, eps=1e-05, momentum=0.1, affine=True, track_running_stats=True)
                  (activation): ReLU()
                )
                (2): ResNetConvLayer(
                  (convolution): Conv2d(512, 2048, kernel_size=(1, 1), stride=(1, 1), bias=False)
                  (normalization): BatchNorm2d(2048, eps=1e-05, momentum=0.1, affine=True, track_running_stats=True)
                  (activation): Identity()
                )
              )
              (activation): ReLU()
            )
          )
        )
      )
    )
    (pooler): AdaptiveAvgPool2d(output_size=(1, 1))
  )
  (pre_branch): Sequential(
    (0): Flatten(start_dim=1, end_dim=-1)
    (1): Linear(in_features=2048, out_features=512, bias=True)
    (2): ReLU()
    (3): Dropout(p=0.5, inplace=False)
  )
  (branch1): Linear(in_features=512, out_features=11, bias=True)
  (loss_fn): MaskedDomainAdversarialLoss(
    (branch1_loss_fn): InstanceWeightedCrossEntropyLoss(
      (base_loss): CrossEntropyLoss()
    )
    (branch2_loss_fn): BCEWithLogitsLoss()
  )
  (grad_reverse): GradientReversal()
  (branch2): Sequential(
    (0): GradientReversal()
    (1): Linear(in_features=512, out_features=1, bias=True)
  )
)
[INFO|evaluation_funcs.py:99] 2025-11-20 06:55:08,377 >> Beginning evaluation of fold 0 (#1 out of 1)
[INFO|evaluation_funcs.py:107] 2025-11-20 06:55:43,864 >> Instantiated eval dataset TwoLabelDataset, length 17778, which is file /data/DG_Test_set/test_dataset_Uniform_Noise.npz
[INFO|training_args.py:1598] 2025-11-20 06:55:43,866 >> No output directory specified, defaulting to 'trainer_output'. To change this behavior, specify --output_dir when creating TrainingArguments.
[INFO|training_args.py:1598] 2025-11-20 06:55:43,866 >> No output directory specified, defaulting to 'trainer_output'. To change this behavior, specify --output_dir when creating TrainingArguments.
[INFO|training_args.py:2222] 2025-11-20 06:55:43,867 >> PyTorch: setting up devices
[INFO|training_args.py:2222] 2025-11-20 06:55:43,867 >> PyTorch: setting up devices
[INFO|evaluation_funcs.py:55] 2025-11-20 06:55:43,915 >> TrainingArguments(
_n_gpu=1,
accelerator_config={'split_batches': False, 'dispatch_batches': None, 'even_batches': True, 'use_seedable_sampler': True, 'non_blocking': False, 'gradient_accumulation_kwargs': None, 'use_configured_state': False},
adafactor=False,
adam_beta1=0.9,
adam_beta2=0.999,
adam_epsilon=1e-08,
auto_find_batch_size=False,
average_tokens_across_devices=True,
batch_eval_metrics=False,
bf16=False,
bf16_full_eval=False,
data_seed=None,
dataloader_drop_last=False,
dataloader_num_workers=0,
dataloader_persistent_workers=False,
dataloader_pin_memory=False,
dataloader_prefetch_factor=None,
ddp_backend=None,
ddp_broadcast_buffers=None,
ddp_bucket_cap_mb=None,
ddp_find_unused_parameters=None,
ddp_timeout=1800,
debug=[],
deepspeed=None,
disable_tqdm=False,
do_eval=False,
do_predict=False,
do_train=False,
eval_accumulation_steps=None,
eval_delay=0,
eval_do_concat_batches=True,
eval_on_start=False,
eval_steps=None,
eval_strategy=IntervalStrategy.NO,
eval_use_gather_object=False,
fp16=False,
fp16_backend=auto,
fp16_full_eval=False,
fp16_opt_level=O1,
fsdp=[],
fsdp_config={'min_num_params': 0, 'xla': False, 'xla_fsdp_v2': False, 'xla_fsdp_grad_ckpt': False},
fsdp_min_num_params=0,
fsdp_transformer_layer_cls_to_wrap=None,
full_determinism=False,
gradient_accumulation_steps=1,
gradient_checkpointing=False,
gradient_checkpointing_kwargs=None,
greater_is_better=None,
group_by_length=False,
half_precision_backend=auto,
hub_always_push=False,
hub_model_id=None,
hub_private_repo=None,
hub_revision=None,
hub_strategy=HubStrategy.EVERY_SAVE,
hub_token=<HUB_TOKEN>,
ignore_data_skip=False,
include_for_metrics=[],
include_inputs_for_metrics=False,
include_num_input_tokens_seen=no,
include_tokens_per_second=False,
jit_mode_eval=False,
label_names=None,
label_smoothing_factor=0.0,
learning_rate=5e-05,
length_column_name=length,
liger_kernel_config=None,
load_best_model_at_end=False,
local_rank=0,
log_level=passive,
log_level_replica=warning,
log_on_each_node=True,
logging_dir=trainer_output/runs/Nov20_06-55-43_c0d8d6395f10,
logging_first_step=False,
logging_nan_inf_filter=True,
logging_steps=500,
logging_strategy=IntervalStrategy.STEPS,
lr_scheduler_kwargs={},
lr_scheduler_type=SchedulerType.LINEAR,
max_grad_norm=1.0,
max_steps=-1,
metric_for_best_model=None,
mp_parameters=,
neftune_noise_alpha=None,
no_cuda=False,
num_train_epochs=3.0,
optim=OptimizerNames.ADAMW_TORCH,
optim_args=None,
optim_target_modules=None,
output_dir=trainer_output,
overwrite_output_dir=False,
parallelism_config=None,
past_index=-1,
per_device_eval_batch_size=32,
per_device_train_batch_size=8,
prediction_loss_only=False,
project=huggingface,
push_to_hub=False,
push_to_hub_model_id=None,
push_to_hub_organization=None,
push_to_hub_token=<PUSH_TO_HUB_TOKEN>,
ray_scope=last,
remove_unused_columns=True,
report_to=[],
restore_callback_states_from_checkpoint=False,
resume_from_checkpoint=None,
run_name=None,
save_on_each_node=False,
save_only_model=False,
save_safetensors=True,
save_steps=500,
save_strategy=SaveStrategy.STEPS,
save_total_limit=None,
seed=42,
skip_memory_metrics=True,
tf32=None,
torch_compile=False,
torch_compile_backend=None,
torch_compile_mode=None,
torch_empty_cache_steps=None,
torchdynamo=None,
tpu_metrics_debug=False,
tpu_num_cores=None,
trackio_space_id=trackio,
use_cpu=False,
use_legacy_prediction_loop=False,
use_liger_kernel=False,
use_mps_device=False,
warmup_ratio=0.0,
warmup_steps=0,
weight_decay=0.0,
)
[INFO|trainer.py:4643] 2025-11-20 06:55:44,069 >> 
***** Running Evaluation *****
[INFO|trainer.py:4643] 2025-11-20 06:55:44,069 >> 
***** Running Evaluation *****
[INFO|trainer.py:4645] 2025-11-20 06:55:44,069 >>   Num examples = 17778
[INFO|trainer.py:4645] 2025-11-20 06:55:44,069 >>   Num examples = 17778
[INFO|trainer.py:4648] 2025-11-20 06:55:44,070 >>   Batch size = 32
[INFO|trainer.py:4648] 2025-11-20 06:55:44,070 >>   Batch size = 32
[INFO|evaluation_funcs.py:69] 2025-11-20 06:56:02,846 >> Metrics: {'eval_loss': 0.6961235404014587, 'eval_model_preparation_time': 0.0026, 'eval_accuracy_branch1': 0.35926425919676, 'eval_precision_branch1': 0.4128410655698211, 'eval_recall_branch1': 0.3980088152022732, 'eval_f1_branch1': 0.35547428701570083, 'eval_accuracy_branch2': 0.23945325683428959, 'eval_precision_branch2': 0.5, 'eval_recall_branch2': 0.11972662841714479, 'eval_f1_branch2': 0.1931926480599047, 'eval_lambda': 0.0, 'eval_tn_branch2': 0, 'eval_fp_branch2': 0, 'eval_fn_branch2': 13521, 'eval_tp_branch2': 4257, 'eval_loss_branch1': 0.0, 'eval_loss_branch2': 0.6961239576339722, 'eval_cm_branch1_actual0_pred0': 1, 'eval_cm_branch1_actual0_pred1': 0, 'eval_cm_branch1_actual0_pred2': 0, 'eval_cm_branch1_actual0_pred3': 32, 'eval_cm_branch1_actual0_pred4': 506, 'eval_cm_branch1_actual0_pred5': 376, 'eval_cm_branch1_actual0_pred6': 5, 'eval_cm_branch1_actual0_pred7': 65, 'eval_cm_branch1_actual0_pred8': 16, 'eval_cm_branch1_actual0_pred9': 0, 'eval_cm_branch1_actual0_pred10': 35, 'eval_cm_branch1_actual1_pred0': 0, 'eval_cm_branch1_actual1_pred1': 461, 'eval_cm_branch1_actual1_pred2': 18, 'eval_cm_branch1_actual1_pred3': 0, 'eval_cm_branch1_actual1_pred4': 31, 'eval_cm_branch1_actual1_pred5': 176, 'eval_cm_branch1_actual1_pred6': 16, 'eval_cm_branch1_actual1_pred7': 73, 'eval_cm_branch1_actual1_pred8': 4, 'eval_cm_branch1_actual1_pred9': 0, 'eval_cm_branch1_actual1_pred10': 5, 'eval_cm_branch1_actual2_pred0': 0, 'eval_cm_branch1_actual2_pred1': 16, 'eval_cm_branch1_actual2_pred2': 485, 'eval_cm_branch1_actual2_pred3': 5, 'eval_cm_branch1_actual2_pred4': 68, 'eval_cm_branch1_actual2_pred5': 137, 'eval_cm_branch1_actual2_pred6': 63, 'eval_cm_branch1_actual2_pred7': 4, 'eval_cm_branch1_actual2_pred8': 10, 'eval_cm_branch1_actual2_pred9': 0, 'eval_cm_branch1_actual2_pred10': 5, 'eval_cm_branch1_actual3_pred0': 0, 'eval_cm_branch1_actual3_pred1': 0, 'eval_cm_branch1_actual3_pred2': 10, 'eval_cm_branch1_actual3_pred3': 463, 'eval_cm_branch1_actual3_pred4': 45, 'eval_cm_branch1_actual3_pred5': 11, 'eval_cm_branch1_actual3_pred6': 82, 'eval_cm_branch1_actual3_pred7': 164, 'eval_cm_branch1_actual3_pred8': 0, 'eval_cm_branch1_actual3_pred9': 0, 'eval_cm_branch1_actual3_pred10': 10, 'eval_cm_branch1_actual4_pred0': 0, 'eval_cm_branch1_actual4_pred1': 2, 'eval_cm_branch1_actual4_pred2': 75, 'eval_cm_branch1_actual4_pred3': 122, 'eval_cm_branch1_actual4_pred4': 1193, 'eval_cm_branch1_actual4_pred5': 392, 'eval_cm_branch1_actual4_pred6': 3, 'eval_cm_branch1_actual4_pred7': 188, 'eval_cm_branch1_actual4_pred8': 3, 'eval_cm_branch1_actual4_pred9': 0, 'eval_cm_branch1_actual4_pred10': 86, 'eval_cm_branch1_actual5_pred0': 0, 'eval_cm_branch1_actual5_pred1': 50, 'eval_cm_branch1_actual5_pred2': 71, 'eval_cm_branch1_actual5_pred3': 61, 'eval_cm_branch1_actual5_pred4': 558, 'eval_cm_branch1_actual5_pred5': 1010, 'eval_cm_branch1_actual5_pred6': 49, 'eval_cm_branch1_actual5_pred7': 51, 'eval_cm_branch1_actual5_pred8': 89, 'eval_cm_branch1_actual5_pred9': 0, 'eval_cm_branch1_actual5_pred10': 26, 'eval_cm_branch1_actual6_pred0': 2, 'eval_cm_branch1_actual6_pred1': 0, 'eval_cm_branch1_actual6_pred2': 1, 'eval_cm_branch1_actual6_pred3': 691, 'eval_cm_branch1_actual6_pred4': 615, 'eval_cm_branch1_actual6_pred5': 1429, 'eval_cm_branch1_actual6_pred6': 268, 'eval_cm_branch1_actual6_pred7': 44, 'eval_cm_branch1_actual6_pred8': 157, 'eval_cm_branch1_actual6_pred9': 1, 'eval_cm_branch1_actual6_pred10': 77, 'eval_cm_branch1_actual7_pred0': 0, 'eval_cm_branch1_actual7_pred1': 0, 'eval_cm_branch1_actual7_pred2': 0, 'eval_cm_branch1_actual7_pred3': 5, 'eval_cm_branch1_actual7_pred4': 0, 'eval_cm_branch1_actual7_pred5': 0, 'eval_cm_branch1_actual7_pred6': 50, 'eval_cm_branch1_actual7_pred7': 1686, 'eval_cm_branch1_actual7_pred8': 6, 'eval_cm_branch1_actual7_pred9': 0, 'eval_cm_branch1_actual7_pred10': 0, 'eval_cm_branch1_actual8_pred0': 0, 'eval_cm_branch1_actual8_pred1': 0, 'eval_cm_branch1_actual8_pred2': 0, 'eval_cm_branch1_actual8_pred3': 4, 'eval_cm_branch1_actual8_pred4': 0, 'eval_cm_branch1_actual8_pred5': 0, 'eval_cm_branch1_actual8_pred6': 969, 'eval_cm_branch1_actual8_pred7': 176, 'eval_cm_branch1_actual8_pred8': 664, 'eval_cm_branch1_actual8_pred9': 0, 'eval_cm_branch1_actual8_pred10': 0, 'eval_cm_branch1_actual9_pred0': 0, 'eval_cm_branch1_actual9_pred1': 1, 'eval_cm_branch1_actual9_pred2': 0, 'eval_cm_branch1_actual9_pred3': 6, 'eval_cm_branch1_actual9_pred4': 1326, 'eval_cm_branch1_actual9_pred5': 226, 'eval_cm_branch1_actual9_pred6': 0, 'eval_cm_branch1_actual9_pred7': 14, 'eval_cm_branch1_actual9_pred8': 1, 'eval_cm_branch1_actual9_pred9': 0, 'eval_cm_branch1_actual9_pred10': 48, 'eval_cm_branch1_actual10_pred0': 0, 'eval_cm_branch1_actual10_pred1': 1, 'eval_cm_branch1_actual10_pred2': 11, 'eval_cm_branch1_actual10_pred3': 151, 'eval_cm_branch1_actual10_pred4': 684, 'eval_cm_branch1_actual10_pred5': 687, 'eval_cm_branch1_actual10_pred6': 19, 'eval_cm_branch1_actual10_pred7': 154, 'eval_cm_branch1_actual10_pred8': 21, 'eval_cm_branch1_actual10_pred9': 0, 'eval_cm_branch1_actual10_pred10': 156, 'eval_runtime': 18.7756, 'eval_samples_per_second': 946.868, 'eval_steps_per_second': 29.613}
[INFO|evaluation_funcs.py:96] 2025-11-20 06:56:03,521 >> Instantiated model ResNet50DANN from /data/D21_training/parabolic_increasing_lambda_scheduler_fold_0_2025-11-19_10-32-53/final_model/model.safetensors. Summary:
ResNet50DANN(
  (resnet): ResNetModel(
    (embedder): ResNetEmbeddings(
      (embedder): ResNetConvLayer(
        (convolution): Conv2d(3, 64, kernel_size=(7, 7), stride=(2, 2), padding=(3, 3), bias=False)
        (normalization): BatchNorm2d(64, eps=1e-05, momentum=0.1, affine=True, track_running_stats=True)
        (activation): ReLU()
      )
      (pooler): MaxPool2d(kernel_size=3, stride=2, padding=1, dilation=1, ceil_mode=False)
    )
    (encoder): ResNetEncoder(
      (stages): ModuleList(
        (0): ResNetStage(
          (layers): Sequential(
            (0): ResNetBottleNeckLayer(
              (shortcut): ResNetShortCut(
                (convolution): Conv2d(64, 256, kernel_size=(1, 1), stride=(1, 1), bias=False)
                (normalization): BatchNorm2d(256, eps=1e-05, momentum=0.1, affine=True, track_running_stats=True)
              )
              (layer): Sequential(
                (0): ResNetConvLayer(
                  (convolution): Conv2d(64, 64, kernel_size=(1, 1), stride=(1, 1), bias=False)
                  (normalization): BatchNorm2d(64, eps=1e-05, momentum=0.1, affine=True, track_running_stats=True)
                  (activation): ReLU()
                )
                (1): ResNetConvLayer(
                  (convolution): Conv2d(64, 64, kernel_size=(3, 3), stride=(1, 1), padding=(1, 1), bias=False)
                  (normalization): BatchNorm2d(64, eps=1e-05, momentum=0.1, affine=True, track_running_stats=True)
                  (activation): ReLU()
                )
                (2): ResNetConvLayer(
                  (convolution): Conv2d(64, 256, kernel_size=(1, 1), stride=(1, 1), bias=False)
                  (normalization): BatchNorm2d(256, eps=1e-05, momentum=0.1, affine=True, track_running_stats=True)
                  (activation): Identity()
                )
              )
              (activation): ReLU()
            )
            (1): ResNetBottleNeckLayer(
              (shortcut): Identity()
              (layer): Sequential(
                (0): ResNetConvLayer(
                  (convolution): Conv2d(256, 64, kernel_size=(1, 1), stride=(1, 1), bias=False)
                  (normalization): BatchNorm2d(64, eps=1e-05, momentum=0.1, affine=True, track_running_stats=True)
                  (activation): ReLU()
                )
                (1): ResNetConvLayer(
                  (convolution): Conv2d(64, 64, kernel_size=(3, 3), stride=(1, 1), padding=(1, 1), bias=False)
                  (normalization): BatchNorm2d(64, eps=1e-05, momentum=0.1, affine=True, track_running_stats=True)
                  (activation): ReLU()
                )
                (2): ResNetConvLayer(
                  (convolution): Conv2d(64, 256, kernel_size=(1, 1), stride=(1, 1), bias=False)
                  (normalization): BatchNorm2d(256, eps=1e-05, momentum=0.1, affine=True, track_running_stats=True)
                  (activation): Identity()
                )
              )
              (activation): ReLU()
            )
            (2): ResNetBottleNeckLayer(
              (shortcut): Identity()
              (layer): Sequential(
                (0): ResNetConvLayer(
                  (convolution): Conv2d(256, 64, kernel_size=(1, 1), stride=(1, 1), bias=False)
                  (normalization): BatchNorm2d(64, eps=1e-05, momentum=0.1, affine=True, track_running_stats=True)
                  (activation): ReLU()
                )
                (1): ResNetConvLayer(
                  (convolution): Conv2d(64, 64, kernel_size=(3, 3), stride=(1, 1), padding=(1, 1), bias=False)
                  (normalization): BatchNorm2d(64, eps=1e-05, momentum=0.1, affine=True, track_running_stats=True)
                  (activation): ReLU()
                )
                (2): ResNetConvLayer(
                  (convolution): Conv2d(64, 256, kernel_size=(1, 1), stride=(1, 1), bias=False)
                  (normalization): BatchNorm2d(256, eps=1e-05, momentum=0.1, affine=True, track_running_stats=True)
                  (activation): Identity()
                )
              )
              (activation): ReLU()
            )
          )
        )
        (1): ResNetStage(
          (layers): Sequential(
            (0): ResNetBottleNeckLayer(
              (shortcut): ResNetShortCut(
                (convolution): Conv2d(256, 512, kernel_size=(1, 1), stride=(2, 2), bias=False)
                (normalization): BatchNorm2d(512, eps=1e-05, momentum=0.1, affine=True, track_running_stats=True)
              )
              (layer): Sequential(
                (0): ResNetConvLayer(
                  (convolution): Conv2d(256, 128, kernel_size=(1, 1), stride=(1, 1), bias=False)
                  (normalization): BatchNorm2d(128, eps=1e-05, momentum=0.1, affine=True, track_running_stats=True)
                  (activation): ReLU()
                )
                (1): ResNetConvLayer(
                  (convolution): Conv2d(128, 128, kernel_size=(3, 3), stride=(2, 2), padding=(1, 1), bias=False)
                  (normalization): BatchNorm2d(128, eps=1e-05, momentum=0.1, affine=True, track_running_stats=True)
                  (activation): ReLU()
                )
                (2): ResNetConvLayer(
                  (convolution): Conv2d(128, 512, kernel_size=(1, 1), stride=(1, 1), bias=False)
                  (normalization): BatchNorm2d(512, eps=1e-05, momentum=0.1, affine=True, track_running_stats=True)
                  (activation): Identity()
                )
              )
              (activation): ReLU()
            )
            (1): ResNetBottleNeckLayer(
              (shortcut): Identity()
              (layer): Sequential(
                (0): ResNetConvLayer(
                  (convolution): Conv2d(512, 128, kernel_size=(1, 1), stride=(1, 1), bias=False)
                  (normalization): BatchNorm2d(128, eps=1e-05, momentum=0.1, affine=True, track_running_stats=True)
                  (activation): ReLU()
                )
                (1): ResNetConvLayer(
                  (convolution): Conv2d(128, 128, kernel_size=(3, 3), stride=(1, 1), padding=(1, 1), bias=False)
                  (normalization): BatchNorm2d(128, eps=1e-05, momentum=0.1, affine=True, track_running_stats=True)
                  (activation): ReLU()
                )
                (2): ResNetConvLayer(
                  (convolution): Conv2d(128, 512, kernel_size=(1, 1), stride=(1, 1), bias=False)
                  (normalization): BatchNorm2d(512, eps=1e-05, momentum=0.1, affine=True, track_running_stats=True)
                  (activation): Identity()
                )
              )
              (activation): ReLU()
            )
            (2): ResNetBottleNeckLayer(
              (shortcut): Identity()
              (layer): Sequential(
                (0): ResNetConvLayer(
                  (convolution): Conv2d(512, 128, kernel_size=(1, 1), stride=(1, 1), bias=False)
                  (normalization): BatchNorm2d(128, eps=1e-05, momentum=0.1, affine=True, track_running_stats=True)
                  (activation): ReLU()
                )
                (1): ResNetConvLayer(
                  (convolution): Conv2d(128, 128, kernel_size=(3, 3), stride=(1, 1), padding=(1, 1), bias=False)
                  (normalization): BatchNorm2d(128, eps=1e-05, momentum=0.1, affine=True, track_running_stats=True)
                  (activation): ReLU()
                )
                (2): ResNetConvLayer(
                  (convolution): Conv2d(128, 512, kernel_size=(1, 1), stride=(1, 1), bias=False)
                  (normalization): BatchNorm2d(512, eps=1e-05, momentum=0.1, affine=True, track_running_stats=True)
                  (activation): Identity()
                )
              )
              (activation): ReLU()
            )
            (3): ResNetBottleNeckLayer(
              (shortcut): Identity()
              (layer): Sequential(
                (0): ResNetConvLayer(
                  (convolution): Conv2d(512, 128, kernel_size=(1, 1), stride=(1, 1), bias=False)
                  (normalization): BatchNorm2d(128, eps=1e-05, momentum=0.1, affine=True, track_running_stats=True)
                  (activation): ReLU()
                )
                (1): ResNetConvLayer(
                  (convolution): Conv2d(128, 128, kernel_size=(3, 3), stride=(1, 1), padding=(1, 1), bias=False)
                  (normalization): BatchNorm2d(128, eps=1e-05, momentum=0.1, affine=True, track_running_stats=True)
                  (activation): ReLU()
                )
                (2): ResNetConvLayer(
                  (convolution): Conv2d(128, 512, kernel_size=(1, 1), stride=(1, 1), bias=False)
                  (normalization): BatchNorm2d(512, eps=1e-05, momentum=0.1, affine=True, track_running_stats=True)
                  (activation): Identity()
                )
              )
              (activation): ReLU()
            )
          )
        )
        (2): ResNetStage(
          (layers): Sequential(
            (0): ResNetBottleNeckLayer(
              (shortcut): ResNetShortCut(
                (convolution): Conv2d(512, 1024, kernel_size=(1, 1), stride=(2, 2), bias=False)
                (normalization): BatchNorm2d(1024, eps=1e-05, momentum=0.1, affine=True, track_running_stats=True)
              )
              (layer): Sequential(
                (0): ResNetConvLayer(
                  (convolution): Conv2d(512, 256, kernel_size=(1, 1), stride=(1, 1), bias=False)
                  (normalization): BatchNorm2d(256, eps=1e-05, momentum=0.1, affine=True, track_running_stats=True)
                  (activation): ReLU()
                )
                (1): ResNetConvLayer(
                  (convolution): Conv2d(256, 256, kernel_size=(3, 3), stride=(2, 2), padding=(1, 1), bias=False)
                  (normalization): BatchNorm2d(256, eps=1e-05, momentum=0.1, affine=True, track_running_stats=True)
                  (activation): ReLU()
                )
                (2): ResNetConvLayer(
                  (convolution): Conv2d(256, 1024, kernel_size=(1, 1), stride=(1, 1), bias=False)
                  (normalization): BatchNorm2d(1024, eps=1e-05, momentum=0.1, affine=True, track_running_stats=True)
                  (activation): Identity()
                )
              )
              (activation): ReLU()
            )
            (1): ResNetBottleNeckLayer(
              (shortcut): Identity()
              (layer): Sequential(
                (0): ResNetConvLayer(
                  (convolution): Conv2d(1024, 256, kernel_size=(1, 1), stride=(1, 1), bias=False)
                  (normalization): BatchNorm2d(256, eps=1e-05, momentum=0.1, affine=True, track_running_stats=True)
                  (activation): ReLU()
                )
                (1): ResNetConvLayer(
                  (convolution): Conv2d(256, 256, kernel_size=(3, 3), stride=(1, 1), padding=(1, 1), bias=False)
                  (normalization): BatchNorm2d(256, eps=1e-05, momentum=0.1, affine=True, track_running_stats=True)
                  (activation): ReLU()
                )
                (2): ResNetConvLayer(
                  (convolution): Conv2d(256, 1024, kernel_size=(1, 1), stride=(1, 1), bias=False)
                  (normalization): BatchNorm2d(1024, eps=1e-05, momentum=0.1, affine=True, track_running_stats=True)
                  (activation): Identity()
                )
              )
              (activation): ReLU()
            )
            (2): ResNetBottleNeckLayer(
              (shortcut): Identity()
              (layer): Sequential(
                (0): ResNetConvLayer(
                  (convolution): Conv2d(1024, 256, kernel_size=(1, 1), stride=(1, 1), bias=False)
                  (normalization): BatchNorm2d(256, eps=1e-05, momentum=0.1, affine=True, track_running_stats=True)
                  (activation): ReLU()
                )
                (1): ResNetConvLayer(
                  (convolution): Conv2d(256, 256, kernel_size=(3, 3), stride=(1, 1), padding=(1, 1), bias=False)
                  (normalization): BatchNorm2d(256, eps=1e-05, momentum=0.1, affine=True, track_running_stats=True)
                  (activation): ReLU()
                )
                (2): ResNetConvLayer(
                  (convolution): Conv2d(256, 1024, kernel_size=(1, 1), stride=(1, 1), bias=False)
                  (normalization): BatchNorm2d(1024, eps=1e-05, momentum=0.1, affine=True, track_running_stats=True)
                  (activation): Identity()
                )
              )
              (activation): ReLU()
            )
            (3): ResNetBottleNeckLayer(
              (shortcut): Identity()
              (layer): Sequential(
                (0): ResNetConvLayer(
                  (convolution): Conv2d(1024, 256, kernel_size=(1, 1), stride=(1, 1), bias=False)
                  (normalization): BatchNorm2d(256, eps=1e-05, momentum=0.1, affine=True, track_running_stats=True)
                  (activation): ReLU()
                )
                (1): ResNetConvLayer(
                  (convolution): Conv2d(256, 256, kernel_size=(3, 3), stride=(1, 1), padding=(1, 1), bias=False)
                  (normalization): BatchNorm2d(256, eps=1e-05, momentum=0.1, affine=True, track_running_stats=True)
                  (activation): ReLU()
                )
                (2): ResNetConvLayer(
                  (convolution): Conv2d(256, 1024, kernel_size=(1, 1), stride=(1, 1), bias=False)
                  (normalization): BatchNorm2d(1024, eps=1e-05, momentum=0.1, affine=True, track_running_stats=True)
                  (activation): Identity()
                )
              )
              (activation): ReLU()
            )
            (4): ResNetBottleNeckLayer(
              (shortcut): Identity()
              (layer): Sequential(
                (0): ResNetConvLayer(
                  (convolution): Conv2d(1024, 256, kernel_size=(1, 1), stride=(1, 1), bias=False)
                  (normalization): BatchNorm2d(256, eps=1e-05, momentum=0.1, affine=True, track_running_stats=True)
                  (activation): ReLU()
                )
                (1): ResNetConvLayer(
                  (convolution): Conv2d(256, 256, kernel_size=(3, 3), stride=(1, 1), padding=(1, 1), bias=False)
                  (normalization): BatchNorm2d(256, eps=1e-05, momentum=0.1, affine=True, track_running_stats=True)
                  (activation): ReLU()
                )
                (2): ResNetConvLayer(
                  (convolution): Conv2d(256, 1024, kernel_size=(1, 1), stride=(1, 1), bias=False)
                  (normalization): BatchNorm2d(1024, eps=1e-05, momentum=0.1, affine=True, track_running_stats=True)
                  (activation): Identity()
                )
              )
              (activation): ReLU()
            )
            (5): ResNetBottleNeckLayer(
              (shortcut): Identity()
              (layer): Sequential(
                (0): ResNetConvLayer(
                  (convolution): Conv2d(1024, 256, kernel_size=(1, 1), stride=(1, 1), bias=False)
                  (normalization): BatchNorm2d(256, eps=1e-05, momentum=0.1, affine=True, track_running_stats=True)
                  (activation): ReLU()
                )
                (1): ResNetConvLayer(
                  (convolution): Conv2d(256, 256, kernel_size=(3, 3), stride=(1, 1), padding=(1, 1), bias=False)
                  (normalization): BatchNorm2d(256, eps=1e-05, momentum=0.1, affine=True, track_running_stats=True)
                  (activation): ReLU()
                )
                (2): ResNetConvLayer(
                  (convolution): Conv2d(256, 1024, kernel_size=(1, 1), stride=(1, 1), bias=False)
                  (normalization): BatchNorm2d(1024, eps=1e-05, momentum=0.1, affine=True, track_running_stats=True)
                  (activation): Identity()
                )
              )
              (activation): ReLU()
            )
          )
        )
        (3): ResNetStage(
          (layers): Sequential(
            (0): ResNetBottleNeckLayer(
              (shortcut): ResNetShortCut(
                (convolution): Conv2d(1024, 2048, kernel_size=(1, 1), stride=(2, 2), bias=False)
                (normalization): BatchNorm2d(2048, eps=1e-05, momentum=0.1, affine=True, track_running_stats=True)
              )
              (layer): Sequential(
                (0): ResNetConvLayer(
                  (convolution): Conv2d(1024, 512, kernel_size=(1, 1), stride=(1, 1), bias=False)
                  (normalization): BatchNorm2d(512, eps=1e-05, momentum=0.1, affine=True, track_running_stats=True)
                  (activation): ReLU()
                )
                (1): ResNetConvLayer(
                  (convolution): Conv2d(512, 512, kernel_size=(3, 3), stride=(2, 2), padding=(1, 1), bias=False)
                  (normalization): BatchNorm2d(512, eps=1e-05, momentum=0.1, affine=True, track_running_stats=True)
                  (activation): ReLU()
                )
                (2): ResNetConvLayer(
                  (convolution): Conv2d(512, 2048, kernel_size=(1, 1), stride=(1, 1), bias=False)
                  (normalization): BatchNorm2d(2048, eps=1e-05, momentum=0.1, affine=True, track_running_stats=True)
                  (activation): Identity()
                )
              )
              (activation): ReLU()
            )
            (1): ResNetBottleNeckLayer(
              (shortcut): Identity()
              (layer): Sequential(
                (0): ResNetConvLayer(
                  (convolution): Conv2d(2048, 512, kernel_size=(1, 1), stride=(1, 1), bias=False)
                  (normalization): BatchNorm2d(512, eps=1e-05, momentum=0.1, affine=True, track_running_stats=True)
                  (activation): ReLU()
                )
                (1): ResNetConvLayer(
                  (convolution): Conv2d(512, 512, kernel_size=(3, 3), stride=(1, 1), padding=(1, 1), bias=False)
                  (normalization): BatchNorm2d(512, eps=1e-05, momentum=0.1, affine=True, track_running_stats=True)
                  (activation): ReLU()
                )
                (2): ResNetConvLayer(
                  (convolution): Conv2d(512, 2048, kernel_size=(1, 1), stride=(1, 1), bias=False)
                  (normalization): BatchNorm2d(2048, eps=1e-05, momentum=0.1, affine=True, track_running_stats=True)
                  (activation): Identity()
                )
              )
              (activation): ReLU()
            )
            (2): ResNetBottleNeckLayer(
              (shortcut): Identity()
              (layer): Sequential(
                (0): ResNetConvLayer(
                  (convolution): Conv2d(2048, 512, kernel_size=(1, 1), stride=(1, 1), bias=False)
                  (normalization): BatchNorm2d(512, eps=1e-05, momentum=0.1, affine=True, track_running_stats=True)
                  (activation): ReLU()
                )
                (1): ResNetConvLayer(
                  (convolution): Conv2d(512, 512, kernel_size=(3, 3), stride=(1, 1), padding=(1, 1), bias=False)
                  (normalization): BatchNorm2d(512, eps=1e-05, momentum=0.1, affine=True, track_running_stats=True)
                  (activation): ReLU()
                )
                (2): ResNetConvLayer(
                  (convolution): Conv2d(512, 2048, kernel_size=(1, 1), stride=(1, 1), bias=False)
                  (normalization): BatchNorm2d(2048, eps=1e-05, momentum=0.1, affine=True, track_running_stats=True)
                  (activation): Identity()
                )
              )
              (activation): ReLU()
            )
          )
        )
      )
    )
    (pooler): AdaptiveAvgPool2d(output_size=(1, 1))
  )
  (pre_branch): Sequential(
    (0): Flatten(start_dim=1, end_dim=-1)
    (1): Linear(in_features=2048, out_features=512, bias=True)
    (2): ReLU()
    (3): Dropout(p=0.5, inplace=False)
  )
  (branch1): Linear(in_features=512, out_features=11, bias=True)
  (loss_fn): MaskedDomainAdversarialLoss(
    (branch1_loss_fn): InstanceWeightedCrossEntropyLoss(
      (base_loss): CrossEntropyLoss()
    )
    (branch2_loss_fn): BCEWithLogitsLoss()
  )
  (grad_reverse): GradientReversal()
  (branch2): Sequential(
    (0): GradientReversal()
    (1): Linear(in_features=512, out_features=1, bias=True)
  )
)
[INFO|evaluation_funcs.py:99] 2025-11-20 06:56:03,522 >> Beginning evaluation of fold 0 (#1 out of 1)
[INFO|evaluation_funcs.py:107] 2025-11-20 06:56:39,269 >> Instantiated eval dataset TwoLabelDataset, length 17778, which is file /data/DG_Test_set/test_dataset_Uniform_Noise.npz
[INFO|training_args.py:1598] 2025-11-20 06:56:39,271 >> No output directory specified, defaulting to 'trainer_output'. To change this behavior, specify --output_dir when creating TrainingArguments.
[INFO|training_args.py:1598] 2025-11-20 06:56:39,271 >> No output directory specified, defaulting to 'trainer_output'. To change this behavior, specify --output_dir when creating TrainingArguments.
[INFO|training_args.py:2222] 2025-11-20 06:56:39,272 >> PyTorch: setting up devices
[INFO|training_args.py:2222] 2025-11-20 06:56:39,272 >> PyTorch: setting up devices
[INFO|evaluation_funcs.py:55] 2025-11-20 06:56:39,316 >> TrainingArguments(
_n_gpu=1,
accelerator_config={'split_batches': False, 'dispatch_batches': None, 'even_batches': True, 'use_seedable_sampler': True, 'non_blocking': False, 'gradient_accumulation_kwargs': None, 'use_configured_state': False},
adafactor=False,
adam_beta1=0.9,
adam_beta2=0.999,
adam_epsilon=1e-08,
auto_find_batch_size=False,
average_tokens_across_devices=True,
batch_eval_metrics=False,
bf16=False,
bf16_full_eval=False,
data_seed=None,
dataloader_drop_last=False,
dataloader_num_workers=0,
dataloader_persistent_workers=False,
dataloader_pin_memory=False,
dataloader_prefetch_factor=None,
ddp_backend=None,
ddp_broadcast_buffers=None,
ddp_bucket_cap_mb=None,
ddp_find_unused_parameters=None,
ddp_timeout=1800,
debug=[],
deepspeed=None,
disable_tqdm=False,
do_eval=False,
do_predict=False,
do_train=False,
eval_accumulation_steps=None,
eval_delay=0,
eval_do_concat_batches=True,
eval_on_start=False,
eval_steps=None,
eval_strategy=IntervalStrategy.NO,
eval_use_gather_object=False,
fp16=False,
fp16_backend=auto,
fp16_full_eval=False,
fp16_opt_level=O1,
fsdp=[],
fsdp_config={'min_num_params': 0, 'xla': False, 'xla_fsdp_v2': False, 'xla_fsdp_grad_ckpt': False},
fsdp_min_num_params=0,
fsdp_transformer_layer_cls_to_wrap=None,
full_determinism=False,
gradient_accumulation_steps=1,
gradient_checkpointing=False,
gradient_checkpointing_kwargs=None,
greater_is_better=None,
group_by_length=False,
half_precision_backend=auto,
hub_always_push=False,
hub_model_id=None,
hub_private_repo=None,
hub_revision=None,
hub_strategy=HubStrategy.EVERY_SAVE,
hub_token=<HUB_TOKEN>,
ignore_data_skip=False,
include_for_metrics=[],
include_inputs_for_metrics=False,
include_num_input_tokens_seen=no,
include_tokens_per_second=False,
jit_mode_eval=False,
label_names=None,
label_smoothing_factor=0.0,
learning_rate=5e-05,
length_column_name=length,
liger_kernel_config=None,
load_best_model_at_end=False,
local_rank=0,
log_level=passive,
log_level_replica=warning,
log_on_each_node=True,
logging_dir=trainer_output/runs/Nov20_06-56-39_c0d8d6395f10,
logging_first_step=False,
logging_nan_inf_filter=True,
logging_steps=500,
logging_strategy=IntervalStrategy.STEPS,
lr_scheduler_kwargs={},
lr_scheduler_type=SchedulerType.LINEAR,
max_grad_norm=1.0,
max_steps=-1,
metric_for_best_model=None,
mp_parameters=,
neftune_noise_alpha=None,
no_cuda=False,
num_train_epochs=3.0,
optim=OptimizerNames.ADAMW_TORCH,
optim_args=None,
optim_target_modules=None,
output_dir=trainer_output,
overwrite_output_dir=False,
parallelism_config=None,
past_index=-1,
per_device_eval_batch_size=32,
per_device_train_batch_size=8,
prediction_loss_only=False,
project=huggingface,
push_to_hub=False,
push_to_hub_model_id=None,
push_to_hub_organization=None,
push_to_hub_token=<PUSH_TO_HUB_TOKEN>,
ray_scope=last,
remove_unused_columns=True,
report_to=[],
restore_callback_states_from_checkpoint=False,
resume_from_checkpoint=None,
run_name=None,
save_on_each_node=False,
save_only_model=False,
save_safetensors=True,
save_steps=500,
save_strategy=SaveStrategy.STEPS,
save_total_limit=None,
seed=42,
skip_memory_metrics=True,
tf32=None,
torch_compile=False,
torch_compile_backend=None,
torch_compile_mode=None,
torch_empty_cache_steps=None,
torchdynamo=None,
tpu_metrics_debug=False,
tpu_num_cores=None,
trackio_space_id=trackio,
use_cpu=False,
use_legacy_prediction_loop=False,
use_liger_kernel=False,
use_mps_device=False,
warmup_ratio=0.0,
warmup_steps=0,
weight_decay=0.0,
)
[INFO|trainer.py:4643] 2025-11-20 06:56:39,459 >> 
***** Running Evaluation *****
[INFO|trainer.py:4643] 2025-11-20 06:56:39,459 >> 
***** Running Evaluation *****
[INFO|trainer.py:4645] 2025-11-20 06:56:39,460 >>   Num examples = 17778
[INFO|trainer.py:4645] 2025-11-20 06:56:39,460 >>   Num examples = 17778
[INFO|trainer.py:4648] 2025-11-20 06:56:39,461 >>   Batch size = 32
[INFO|trainer.py:4648] 2025-11-20 06:56:39,461 >>   Batch size = 32
[INFO|evaluation_funcs.py:69] 2025-11-20 06:56:58,451 >> Metrics: {'eval_loss': 0.6883562207221985, 'eval_model_preparation_time': 0.0024, 'eval_accuracy_branch1': 0.40190122623467206, 'eval_precision_branch1': 0.5264321643500516, 'eval_recall_branch1': 0.4156739855020825, 'eval_f1_branch1': 0.361351424329613, 'eval_accuracy_branch2': 0.809989875126561, 'eval_precision_branch2': 0.5, 'eval_recall_branch2': 0.4049949375632805, 'eval_f1_branch2': 0.4475107216110386, 'eval_lambda': 0.0, 'eval_tn_branch2': 0, 'eval_fp_branch2': 0, 'eval_fn_branch2': 3378, 'eval_tp_branch2': 14400, 'eval_loss_branch1': 0.0, 'eval_loss_branch2': 0.6883541345596313, 'eval_cm_branch1_actual0_pred0': 0, 'eval_cm_branch1_actual0_pred1': 0, 'eval_cm_branch1_actual0_pred2': 5, 'eval_cm_branch1_actual0_pred3': 16, 'eval_cm_branch1_actual0_pred4': 733, 'eval_cm_branch1_actual0_pred5': 225, 'eval_cm_branch1_actual0_pred6': 0, 'eval_cm_branch1_actual0_pred7': 42, 'eval_cm_branch1_actual0_pred8': 14, 'eval_cm_branch1_actual0_pred9': 0, 'eval_cm_branch1_actual0_pred10': 1, 'eval_cm_branch1_actual1_pred0': 0, 'eval_cm_branch1_actual1_pred1': 277, 'eval_cm_branch1_actual1_pred2': 61, 'eval_cm_branch1_actual1_pred3': 0, 'eval_cm_branch1_actual1_pred4': 113, 'eval_cm_branch1_actual1_pred5': 260, 'eval_cm_branch1_actual1_pred6': 0, 'eval_cm_branch1_actual1_pred7': 50, 'eval_cm_branch1_actual1_pred8': 20, 'eval_cm_branch1_actual1_pred9': 0, 'eval_cm_branch1_actual1_pred10': 3, 'eval_cm_branch1_actual2_pred0': 0, 'eval_cm_branch1_actual2_pred1': 6, 'eval_cm_branch1_actual2_pred2': 448, 'eval_cm_branch1_actual2_pred3': 2, 'eval_cm_branch1_actual2_pred4': 122, 'eval_cm_branch1_actual2_pred5': 146, 'eval_cm_branch1_actual2_pred6': 0, 'eval_cm_branch1_actual2_pred7': 0, 'eval_cm_branch1_actual2_pred8': 69, 'eval_cm_branch1_actual2_pred9': 0, 'eval_cm_branch1_actual2_pred10': 0, 'eval_cm_branch1_actual3_pred0': 0, 'eval_cm_branch1_actual3_pred1': 0, 'eval_cm_branch1_actual3_pred2': 0, 'eval_cm_branch1_actual3_pred3': 414, 'eval_cm_branch1_actual3_pred4': 44, 'eval_cm_branch1_actual3_pred5': 81, 'eval_cm_branch1_actual3_pred6': 1, 'eval_cm_branch1_actual3_pred7': 178, 'eval_cm_branch1_actual3_pred8': 67, 'eval_cm_branch1_actual3_pred9': 0, 'eval_cm_branch1_actual3_pred10': 0, 'eval_cm_branch1_actual4_pred0': 0, 'eval_cm_branch1_actual4_pred1': 0, 'eval_cm_branch1_actual4_pred2': 20, 'eval_cm_branch1_actual4_pred3': 34, 'eval_cm_branch1_actual4_pred4': 1675, 'eval_cm_branch1_actual4_pred5': 184, 'eval_cm_branch1_actual4_pred6': 0, 'eval_cm_branch1_actual4_pred7': 127, 'eval_cm_branch1_actual4_pred8': 19, 'eval_cm_branch1_actual4_pred9': 0, 'eval_cm_branch1_actual4_pred10': 5, 'eval_cm_branch1_actual5_pred0': 0, 'eval_cm_branch1_actual5_pred1': 0, 'eval_cm_branch1_actual5_pred2': 5, 'eval_cm_branch1_actual5_pred3': 46, 'eval_cm_branch1_actual5_pred4': 739, 'eval_cm_branch1_actual5_pred5': 1064, 'eval_cm_branch1_actual5_pred6': 0, 'eval_cm_branch1_actual5_pred7': 25, 'eval_cm_branch1_actual5_pred8': 86, 'eval_cm_branch1_actual5_pred9': 0, 'eval_cm_branch1_actual5_pred10': 0, 'eval_cm_branch1_actual6_pred0': 2, 'eval_cm_branch1_actual6_pred1': 0, 'eval_cm_branch1_actual6_pred2': 0, 'eval_cm_branch1_actual6_pred3': 524, 'eval_cm_branch1_actual6_pred4': 499, 'eval_cm_branch1_actual6_pred5': 1455, 'eval_cm_branch1_actual6_pred6': 211, 'eval_cm_branch1_actual6_pred7': 63, 'eval_cm_branch1_actual6_pred8': 337, 'eval_cm_branch1_actual6_pred9': 5, 'eval_cm_branch1_actual6_pred10': 189, 'eval_cm_branch1_actual7_pred0': 0, 'eval_cm_branch1_actual7_pred1': 0, 'eval_cm_branch1_actual7_pred2': 0, 'eval_cm_branch1_actual7_pred3': 0, 'eval_cm_branch1_actual7_pred4': 0, 'eval_cm_branch1_actual7_pred5': 0, 'eval_cm_branch1_actual7_pred6': 0, 'eval_cm_branch1_actual7_pred7': 1182, 'eval_cm_branch1_actual7_pred8': 565, 'eval_cm_branch1_actual7_pred9': 0, 'eval_cm_branch1_actual7_pred10': 0, 'eval_cm_branch1_actual8_pred0': 0, 'eval_cm_branch1_actual8_pred1': 0, 'eval_cm_branch1_actual8_pred2': 0, 'eval_cm_branch1_actual8_pred3': 5, 'eval_cm_branch1_actual8_pred4': 0, 'eval_cm_branch1_actual8_pred5': 0, 'eval_cm_branch1_actual8_pred6': 0, 'eval_cm_branch1_actual8_pred7': 1, 'eval_cm_branch1_actual8_pred8': 1807, 'eval_cm_branch1_actual8_pred9': 0, 'eval_cm_branch1_actual8_pred10': 0, 'eval_cm_branch1_actual9_pred0': 0, 'eval_cm_branch1_actual9_pred1': 0, 'eval_cm_branch1_actual9_pred2': 0, 'eval_cm_branch1_actual9_pred3': 1, 'eval_cm_branch1_actual9_pred4': 1527, 'eval_cm_branch1_actual9_pred5': 70, 'eval_cm_branch1_actual9_pred6': 0, 'eval_cm_branch1_actual9_pred7': 11, 'eval_cm_branch1_actual9_pred8': 0, 'eval_cm_branch1_actual9_pred9': 8, 'eval_cm_branch1_actual9_pred10': 5, 'eval_cm_branch1_actual10_pred0': 0, 'eval_cm_branch1_actual10_pred1': 0, 'eval_cm_branch1_actual10_pred2': 6, 'eval_cm_branch1_actual10_pred3': 51, 'eval_cm_branch1_actual10_pred4': 926, 'eval_cm_branch1_actual10_pred5': 702, 'eval_cm_branch1_actual10_pred6': 0, 'eval_cm_branch1_actual10_pred7': 120, 'eval_cm_branch1_actual10_pred8': 20, 'eval_cm_branch1_actual10_pred9': 0, 'eval_cm_branch1_actual10_pred10': 59, 'eval_runtime': 18.9893, 'eval_samples_per_second': 936.213, 'eval_steps_per_second': 29.28}
[INFO|evaluation_funcs.py:96] 2025-11-20 06:56:59,140 >> Instantiated model ResNet50DANN from /data/D21_training/parabolic_increasing_lambda_scheduler_fold_0_2025-11-19_13-18-07/final_model/model.safetensors. Summary:
ResNet50DANN(
  (resnet): ResNetModel(
    (embedder): ResNetEmbeddings(
      (embedder): ResNetConvLayer(
        (convolution): Conv2d(3, 64, kernel_size=(7, 7), stride=(2, 2), padding=(3, 3), bias=False)
        (normalization): BatchNorm2d(64, eps=1e-05, momentum=0.1, affine=True, track_running_stats=True)
        (activation): ReLU()
      )
      (pooler): MaxPool2d(kernel_size=3, stride=2, padding=1, dilation=1, ceil_mode=False)
    )
    (encoder): ResNetEncoder(
      (stages): ModuleList(
        (0): ResNetStage(
          (layers): Sequential(
            (0): ResNetBottleNeckLayer(
              (shortcut): ResNetShortCut(
                (convolution): Conv2d(64, 256, kernel_size=(1, 1), stride=(1, 1), bias=False)
                (normalization): BatchNorm2d(256, eps=1e-05, momentum=0.1, affine=True, track_running_stats=True)
              )
              (layer): Sequential(
                (0): ResNetConvLayer(
                  (convolution): Conv2d(64, 64, kernel_size=(1, 1), stride=(1, 1), bias=False)
                  (normalization): BatchNorm2d(64, eps=1e-05, momentum=0.1, affine=True, track_running_stats=True)
                  (activation): ReLU()
                )
                (1): ResNetConvLayer(
                  (convolution): Conv2d(64, 64, kernel_size=(3, 3), stride=(1, 1), padding=(1, 1), bias=False)
                  (normalization): BatchNorm2d(64, eps=1e-05, momentum=0.1, affine=True, track_running_stats=True)
                  (activation): ReLU()
                )
                (2): ResNetConvLayer(
                  (convolution): Conv2d(64, 256, kernel_size=(1, 1), stride=(1, 1), bias=False)
                  (normalization): BatchNorm2d(256, eps=1e-05, momentum=0.1, affine=True, track_running_stats=True)
                  (activation): Identity()
                )
              )
              (activation): ReLU()
            )
            (1): ResNetBottleNeckLayer(
              (shortcut): Identity()
              (layer): Sequential(
                (0): ResNetConvLayer(
                  (convolution): Conv2d(256, 64, kernel_size=(1, 1), stride=(1, 1), bias=False)
                  (normalization): BatchNorm2d(64, eps=1e-05, momentum=0.1, affine=True, track_running_stats=True)
                  (activation): ReLU()
                )
                (1): ResNetConvLayer(
                  (convolution): Conv2d(64, 64, kernel_size=(3, 3), stride=(1, 1), padding=(1, 1), bias=False)
                  (normalization): BatchNorm2d(64, eps=1e-05, momentum=0.1, affine=True, track_running_stats=True)
                  (activation): ReLU()
                )
                (2): ResNetConvLayer(
                  (convolution): Conv2d(64, 256, kernel_size=(1, 1), stride=(1, 1), bias=False)
                  (normalization): BatchNorm2d(256, eps=1e-05, momentum=0.1, affine=True, track_running_stats=True)
                  (activation): Identity()
                )
              )
              (activation): ReLU()
            )
            (2): ResNetBottleNeckLayer(
              (shortcut): Identity()
              (layer): Sequential(
                (0): ResNetConvLayer(
                  (convolution): Conv2d(256, 64, kernel_size=(1, 1), stride=(1, 1), bias=False)
                  (normalization): BatchNorm2d(64, eps=1e-05, momentum=0.1, affine=True, track_running_stats=True)
                  (activation): ReLU()
                )
                (1): ResNetConvLayer(
                  (convolution): Conv2d(64, 64, kernel_size=(3, 3), stride=(1, 1), padding=(1, 1), bias=False)
                  (normalization): BatchNorm2d(64, eps=1e-05, momentum=0.1, affine=True, track_running_stats=True)
                  (activation): ReLU()
                )
                (2): ResNetConvLayer(
                  (convolution): Conv2d(64, 256, kernel_size=(1, 1), stride=(1, 1), bias=False)
                  (normalization): BatchNorm2d(256, eps=1e-05, momentum=0.1, affine=True, track_running_stats=True)
                  (activation): Identity()
                )
              )
              (activation): ReLU()
            )
          )
        )
        (1): ResNetStage(
          (layers): Sequential(
            (0): ResNetBottleNeckLayer(
              (shortcut): ResNetShortCut(
                (convolution): Conv2d(256, 512, kernel_size=(1, 1), stride=(2, 2), bias=False)
                (normalization): BatchNorm2d(512, eps=1e-05, momentum=0.1, affine=True, track_running_stats=True)
              )
              (layer): Sequential(
                (0): ResNetConvLayer(
                  (convolution): Conv2d(256, 128, kernel_size=(1, 1), stride=(1, 1), bias=False)
                  (normalization): BatchNorm2d(128, eps=1e-05, momentum=0.1, affine=True, track_running_stats=True)
                  (activation): ReLU()
                )
                (1): ResNetConvLayer(
                  (convolution): Conv2d(128, 128, kernel_size=(3, 3), stride=(2, 2), padding=(1, 1), bias=False)
                  (normalization): BatchNorm2d(128, eps=1e-05, momentum=0.1, affine=True, track_running_stats=True)
                  (activation): ReLU()
                )
                (2): ResNetConvLayer(
                  (convolution): Conv2d(128, 512, kernel_size=(1, 1), stride=(1, 1), bias=False)
                  (normalization): BatchNorm2d(512, eps=1e-05, momentum=0.1, affine=True, track_running_stats=True)
                  (activation): Identity()
                )
              )
              (activation): ReLU()
            )
            (1): ResNetBottleNeckLayer(
              (shortcut): Identity()
              (layer): Sequential(
                (0): ResNetConvLayer(
                  (convolution): Conv2d(512, 128, kernel_size=(1, 1), stride=(1, 1), bias=False)
                  (normalization): BatchNorm2d(128, eps=1e-05, momentum=0.1, affine=True, track_running_stats=True)
                  (activation): ReLU()
                )
                (1): ResNetConvLayer(
                  (convolution): Conv2d(128, 128, kernel_size=(3, 3), stride=(1, 1), padding=(1, 1), bias=False)
                  (normalization): BatchNorm2d(128, eps=1e-05, momentum=0.1, affine=True, track_running_stats=True)
                  (activation): ReLU()
                )
                (2): ResNetConvLayer(
                  (convolution): Conv2d(128, 512, kernel_size=(1, 1), stride=(1, 1), bias=False)
                  (normalization): BatchNorm2d(512, eps=1e-05, momentum=0.1, affine=True, track_running_stats=True)
                  (activation): Identity()
                )
              )
              (activation): ReLU()
            )
            (2): ResNetBottleNeckLayer(
              (shortcut): Identity()
              (layer): Sequential(
                (0): ResNetConvLayer(
                  (convolution): Conv2d(512, 128, kernel_size=(1, 1), stride=(1, 1), bias=False)
                  (normalization): BatchNorm2d(128, eps=1e-05, momentum=0.1, affine=True, track_running_stats=True)
                  (activation): ReLU()
                )
                (1): ResNetConvLayer(
                  (convolution): Conv2d(128, 128, kernel_size=(3, 3), stride=(1, 1), padding=(1, 1), bias=False)
                  (normalization): BatchNorm2d(128, eps=1e-05, momentum=0.1, affine=True, track_running_stats=True)
                  (activation): ReLU()
                )
                (2): ResNetConvLayer(
                  (convolution): Conv2d(128, 512, kernel_size=(1, 1), stride=(1, 1), bias=False)
                  (normalization): BatchNorm2d(512, eps=1e-05, momentum=0.1, affine=True, track_running_stats=True)
                  (activation): Identity()
                )
              )
              (activation): ReLU()
            )
            (3): ResNetBottleNeckLayer(
              (shortcut): Identity()
              (layer): Sequential(
                (0): ResNetConvLayer(
                  (convolution): Conv2d(512, 128, kernel_size=(1, 1), stride=(1, 1), bias=False)
                  (normalization): BatchNorm2d(128, eps=1e-05, momentum=0.1, affine=True, track_running_stats=True)
                  (activation): ReLU()
                )
                (1): ResNetConvLayer(
                  (convolution): Conv2d(128, 128, kernel_size=(3, 3), stride=(1, 1), padding=(1, 1), bias=False)
                  (normalization): BatchNorm2d(128, eps=1e-05, momentum=0.1, affine=True, track_running_stats=True)
                  (activation): ReLU()
                )
                (2): ResNetConvLayer(
                  (convolution): Conv2d(128, 512, kernel_size=(1, 1), stride=(1, 1), bias=False)
                  (normalization): BatchNorm2d(512, eps=1e-05, momentum=0.1, affine=True, track_running_stats=True)
                  (activation): Identity()
                )
              )
              (activation): ReLU()
            )
          )
        )
        (2): ResNetStage(
          (layers): Sequential(
            (0): ResNetBottleNeckLayer(
              (shortcut): ResNetShortCut(
                (convolution): Conv2d(512, 1024, kernel_size=(1, 1), stride=(2, 2), bias=False)
                (normalization): BatchNorm2d(1024, eps=1e-05, momentum=0.1, affine=True, track_running_stats=True)
              )
              (layer): Sequential(
                (0): ResNetConvLayer(
                  (convolution): Conv2d(512, 256, kernel_size=(1, 1), stride=(1, 1), bias=False)
                  (normalization): BatchNorm2d(256, eps=1e-05, momentum=0.1, affine=True, track_running_stats=True)
                  (activation): ReLU()
                )
                (1): ResNetConvLayer(
                  (convolution): Conv2d(256, 256, kernel_size=(3, 3), stride=(2, 2), padding=(1, 1), bias=False)
                  (normalization): BatchNorm2d(256, eps=1e-05, momentum=0.1, affine=True, track_running_stats=True)
                  (activation): ReLU()
                )
                (2): ResNetConvLayer(
                  (convolution): Conv2d(256, 1024, kernel_size=(1, 1), stride=(1, 1), bias=False)
                  (normalization): BatchNorm2d(1024, eps=1e-05, momentum=0.1, affine=True, track_running_stats=True)
                  (activation): Identity()
                )
              )
              (activation): ReLU()
            )
            (1): ResNetBottleNeckLayer(
              (shortcut): Identity()
              (layer): Sequential(
                (0): ResNetConvLayer(
                  (convolution): Conv2d(1024, 256, kernel_size=(1, 1), stride=(1, 1), bias=False)
                  (normalization): BatchNorm2d(256, eps=1e-05, momentum=0.1, affine=True, track_running_stats=True)
                  (activation): ReLU()
                )
                (1): ResNetConvLayer(
                  (convolution): Conv2d(256, 256, kernel_size=(3, 3), stride=(1, 1), padding=(1, 1), bias=False)
                  (normalization): BatchNorm2d(256, eps=1e-05, momentum=0.1, affine=True, track_running_stats=True)
                  (activation): ReLU()
                )
                (2): ResNetConvLayer(
                  (convolution): Conv2d(256, 1024, kernel_size=(1, 1), stride=(1, 1), bias=False)
                  (normalization): BatchNorm2d(1024, eps=1e-05, momentum=0.1, affine=True, track_running_stats=True)
                  (activation): Identity()
                )
              )
              (activation): ReLU()
            )
            (2): ResNetBottleNeckLayer(
              (shortcut): Identity()
              (layer): Sequential(
                (0): ResNetConvLayer(
                  (convolution): Conv2d(1024, 256, kernel_size=(1, 1), stride=(1, 1), bias=False)
                  (normalization): BatchNorm2d(256, eps=1e-05, momentum=0.1, affine=True, track_running_stats=True)
                  (activation): ReLU()
                )
                (1): ResNetConvLayer(
                  (convolution): Conv2d(256, 256, kernel_size=(3, 3), stride=(1, 1), padding=(1, 1), bias=False)
                  (normalization): BatchNorm2d(256, eps=1e-05, momentum=0.1, affine=True, track_running_stats=True)
                  (activation): ReLU()
                )
                (2): ResNetConvLayer(
                  (convolution): Conv2d(256, 1024, kernel_size=(1, 1), stride=(1, 1), bias=False)
                  (normalization): BatchNorm2d(1024, eps=1e-05, momentum=0.1, affine=True, track_running_stats=True)
                  (activation): Identity()
                )
              )
              (activation): ReLU()
            )
            (3): ResNetBottleNeckLayer(
              (shortcut): Identity()
              (layer): Sequential(
                (0): ResNetConvLayer(
                  (convolution): Conv2d(1024, 256, kernel_size=(1, 1), stride=(1, 1), bias=False)
                  (normalization): BatchNorm2d(256, eps=1e-05, momentum=0.1, affine=True, track_running_stats=True)
                  (activation): ReLU()
                )
                (1): ResNetConvLayer(
                  (convolution): Conv2d(256, 256, kernel_size=(3, 3), stride=(1, 1), padding=(1, 1), bias=False)
                  (normalization): BatchNorm2d(256, eps=1e-05, momentum=0.1, affine=True, track_running_stats=True)
                  (activation): ReLU()
                )
                (2): ResNetConvLayer(
                  (convolution): Conv2d(256, 1024, kernel_size=(1, 1), stride=(1, 1), bias=False)
                  (normalization): BatchNorm2d(1024, eps=1e-05, momentum=0.1, affine=True, track_running_stats=True)
                  (activation): Identity()
                )
              )
              (activation): ReLU()
            )
            (4): ResNetBottleNeckLayer(
              (shortcut): Identity()
              (layer): Sequential(
                (0): ResNetConvLayer(
                  (convolution): Conv2d(1024, 256, kernel_size=(1, 1), stride=(1, 1), bias=False)
                  (normalization): BatchNorm2d(256, eps=1e-05, momentum=0.1, affine=True, track_running_stats=True)
                  (activation): ReLU()
                )
                (1): ResNetConvLayer(
                  (convolution): Conv2d(256, 256, kernel_size=(3, 3), stride=(1, 1), padding=(1, 1), bias=False)
                  (normalization): BatchNorm2d(256, eps=1e-05, momentum=0.1, affine=True, track_running_stats=True)
                  (activation): ReLU()
                )
                (2): ResNetConvLayer(
                  (convolution): Conv2d(256, 1024, kernel_size=(1, 1), stride=(1, 1), bias=False)
                  (normalization): BatchNorm2d(1024, eps=1e-05, momentum=0.1, affine=True, track_running_stats=True)
                  (activation): Identity()
                )
              )
              (activation): ReLU()
            )
            (5): ResNetBottleNeckLayer(
              (shortcut): Identity()
              (layer): Sequential(
                (0): ResNetConvLayer(
                  (convolution): Conv2d(1024, 256, kernel_size=(1, 1), stride=(1, 1), bias=False)
                  (normalization): BatchNorm2d(256, eps=1e-05, momentum=0.1, affine=True, track_running_stats=True)
                  (activation): ReLU()
                )
                (1): ResNetConvLayer(
                  (convolution): Conv2d(256, 256, kernel_size=(3, 3), stride=(1, 1), padding=(1, 1), bias=False)
                  (normalization): BatchNorm2d(256, eps=1e-05, momentum=0.1, affine=True, track_running_stats=True)
                  (activation): ReLU()
                )
                (2): ResNetConvLayer(
                  (convolution): Conv2d(256, 1024, kernel_size=(1, 1), stride=(1, 1), bias=False)
                  (normalization): BatchNorm2d(1024, eps=1e-05, momentum=0.1, affine=True, track_running_stats=True)
                  (activation): Identity()
                )
              )
              (activation): ReLU()
            )
          )
        )
        (3): ResNetStage(
          (layers): Sequential(
            (0): ResNetBottleNeckLayer(
              (shortcut): ResNetShortCut(
                (convolution): Conv2d(1024, 2048, kernel_size=(1, 1), stride=(2, 2), bias=False)
                (normalization): BatchNorm2d(2048, eps=1e-05, momentum=0.1, affine=True, track_running_stats=True)
              )
              (layer): Sequential(
                (0): ResNetConvLayer(
                  (convolution): Conv2d(1024, 512, kernel_size=(1, 1), stride=(1, 1), bias=False)
                  (normalization): BatchNorm2d(512, eps=1e-05, momentum=0.1, affine=True, track_running_stats=True)
                  (activation): ReLU()
                )
                (1): ResNetConvLayer(
                  (convolution): Conv2d(512, 512, kernel_size=(3, 3), stride=(2, 2), padding=(1, 1), bias=False)
                  (normalization): BatchNorm2d(512, eps=1e-05, momentum=0.1, affine=True, track_running_stats=True)
                  (activation): ReLU()
                )
                (2): ResNetConvLayer(
                  (convolution): Conv2d(512, 2048, kernel_size=(1, 1), stride=(1, 1), bias=False)
                  (normalization): BatchNorm2d(2048, eps=1e-05, momentum=0.1, affine=True, track_running_stats=True)
                  (activation): Identity()
                )
              )
              (activation): ReLU()
            )
            (1): ResNetBottleNeckLayer(
              (shortcut): Identity()
              (layer): Sequential(
                (0): ResNetConvLayer(
                  (convolution): Conv2d(2048, 512, kernel_size=(1, 1), stride=(1, 1), bias=False)
                  (normalization): BatchNorm2d(512, eps=1e-05, momentum=0.1, affine=True, track_running_stats=True)
                  (activation): ReLU()
                )
                (1): ResNetConvLayer(
                  (convolution): Conv2d(512, 512, kernel_size=(3, 3), stride=(1, 1), padding=(1, 1), bias=False)
                  (normalization): BatchNorm2d(512, eps=1e-05, momentum=0.1, affine=True, track_running_stats=True)
                  (activation): ReLU()
                )
                (2): ResNetConvLayer(
                  (convolution): Conv2d(512, 2048, kernel_size=(1, 1), stride=(1, 1), bias=False)
                  (normalization): BatchNorm2d(2048, eps=1e-05, momentum=0.1, affine=True, track_running_stats=True)
                  (activation): Identity()
                )
              )
              (activation): ReLU()
            )
            (2): ResNetBottleNeckLayer(
              (shortcut): Identity()
              (layer): Sequential(
                (0): ResNetConvLayer(
                  (convolution): Conv2d(2048, 512, kernel_size=(1, 1), stride=(1, 1), bias=False)
                  (normalization): BatchNorm2d(512, eps=1e-05, momentum=0.1, affine=True, track_running_stats=True)
                  (activation): ReLU()
                )
                (1): ResNetConvLayer(
                  (convolution): Conv2d(512, 512, kernel_size=(3, 3), stride=(1, 1), padding=(1, 1), bias=False)
                  (normalization): BatchNorm2d(512, eps=1e-05, momentum=0.1, affine=True, track_running_stats=True)
                  (activation): ReLU()
                )
                (2): ResNetConvLayer(
                  (convolution): Conv2d(512, 2048, kernel_size=(1, 1), stride=(1, 1), bias=False)
                  (normalization): BatchNorm2d(2048, eps=1e-05, momentum=0.1, affine=True, track_running_stats=True)
                  (activation): Identity()
                )
              )
              (activation): ReLU()
            )
          )
        )
      )
    )
    (pooler): AdaptiveAvgPool2d(output_size=(1, 1))
  )
  (pre_branch): Sequential(
    (0): Flatten(start_dim=1, end_dim=-1)
    (1): Linear(in_features=2048, out_features=512, bias=True)
    (2): ReLU()
    (3): Dropout(p=0.5, inplace=False)
  )
  (branch1): Linear(in_features=512, out_features=11, bias=True)
  (loss_fn): MaskedDomainAdversarialLoss(
    (branch1_loss_fn): InstanceWeightedCrossEntropyLoss(
      (base_loss): CrossEntropyLoss()
    )
    (branch2_loss_fn): BCEWithLogitsLoss()
  )
  (grad_reverse): GradientReversal()
  (branch2): Sequential(
    (0): GradientReversal()
    (1): Linear(in_features=512, out_features=1, bias=True)
  )
)
[INFO|evaluation_funcs.py:99] 2025-11-20 06:56:59,141 >> Beginning evaluation of fold 0 (#1 out of 1)
[INFO|evaluation_funcs.py:107] 2025-11-20 06:57:35,322 >> Instantiated eval dataset TwoLabelDataset, length 17778, which is file /data/DG_Test_set/test_dataset_Uniform_Noise.npz
[INFO|training_args.py:1598] 2025-11-20 06:57:35,324 >> No output directory specified, defaulting to 'trainer_output'. To change this behavior, specify --output_dir when creating TrainingArguments.
[INFO|training_args.py:1598] 2025-11-20 06:57:35,324 >> No output directory specified, defaulting to 'trainer_output'. To change this behavior, specify --output_dir when creating TrainingArguments.
[INFO|training_args.py:2222] 2025-11-20 06:57:35,324 >> PyTorch: setting up devices
[INFO|training_args.py:2222] 2025-11-20 06:57:35,324 >> PyTorch: setting up devices
[INFO|evaluation_funcs.py:55] 2025-11-20 06:57:35,367 >> TrainingArguments(
_n_gpu=1,
accelerator_config={'split_batches': False, 'dispatch_batches': None, 'even_batches': True, 'use_seedable_sampler': True, 'non_blocking': False, 'gradient_accumulation_kwargs': None, 'use_configured_state': False},
adafactor=False,
adam_beta1=0.9,
adam_beta2=0.999,
adam_epsilon=1e-08,
auto_find_batch_size=False,
average_tokens_across_devices=True,
batch_eval_metrics=False,
bf16=False,
bf16_full_eval=False,
data_seed=None,
dataloader_drop_last=False,
dataloader_num_workers=0,
dataloader_persistent_workers=False,
dataloader_pin_memory=False,
dataloader_prefetch_factor=None,
ddp_backend=None,
ddp_broadcast_buffers=None,
ddp_bucket_cap_mb=None,
ddp_find_unused_parameters=None,
ddp_timeout=1800,
debug=[],
deepspeed=None,
disable_tqdm=False,
do_eval=False,
do_predict=False,
do_train=False,
eval_accumulation_steps=None,
eval_delay=0,
eval_do_concat_batches=True,
eval_on_start=False,
eval_steps=None,
eval_strategy=IntervalStrategy.NO,
eval_use_gather_object=False,
fp16=False,
fp16_backend=auto,
fp16_full_eval=False,
fp16_opt_level=O1,
fsdp=[],
fsdp_config={'min_num_params': 0, 'xla': False, 'xla_fsdp_v2': False, 'xla_fsdp_grad_ckpt': False},
fsdp_min_num_params=0,
fsdp_transformer_layer_cls_to_wrap=None,
full_determinism=False,
gradient_accumulation_steps=1,
gradient_checkpointing=False,
gradient_checkpointing_kwargs=None,
greater_is_better=None,
group_by_length=False,
half_precision_backend=auto,
hub_always_push=False,
hub_model_id=None,
hub_private_repo=None,
hub_revision=None,
hub_strategy=HubStrategy.EVERY_SAVE,
hub_token=<HUB_TOKEN>,
ignore_data_skip=False,
include_for_metrics=[],
include_inputs_for_metrics=False,
include_num_input_tokens_seen=no,
include_tokens_per_second=False,
jit_mode_eval=False,
label_names=None,
label_smoothing_factor=0.0,
learning_rate=5e-05,
length_column_name=length,
liger_kernel_config=None,
load_best_model_at_end=False,
local_rank=0,
log_level=passive,
log_level_replica=warning,
log_on_each_node=True,
logging_dir=trainer_output/runs/Nov20_06-57-35_c0d8d6395f10,
logging_first_step=False,
logging_nan_inf_filter=True,
logging_steps=500,
logging_strategy=IntervalStrategy.STEPS,
lr_scheduler_kwargs={},
lr_scheduler_type=SchedulerType.LINEAR,
max_grad_norm=1.0,
max_steps=-1,
metric_for_best_model=None,
mp_parameters=,
neftune_noise_alpha=None,
no_cuda=False,
num_train_epochs=3.0,
optim=OptimizerNames.ADAMW_TORCH,
optim_args=None,
optim_target_modules=None,
output_dir=trainer_output,
overwrite_output_dir=False,
parallelism_config=None,
past_index=-1,
per_device_eval_batch_size=32,
per_device_train_batch_size=8,
prediction_loss_only=False,
project=huggingface,
push_to_hub=False,
push_to_hub_model_id=None,
push_to_hub_organization=None,
push_to_hub_token=<PUSH_TO_HUB_TOKEN>,
ray_scope=last,
remove_unused_columns=True,
report_to=[],
restore_callback_states_from_checkpoint=False,
resume_from_checkpoint=None,
run_name=None,
save_on_each_node=False,
save_only_model=False,
save_safetensors=True,
save_steps=500,
save_strategy=SaveStrategy.STEPS,
save_total_limit=None,
seed=42,
skip_memory_metrics=True,
tf32=None,
torch_compile=False,
torch_compile_backend=None,
torch_compile_mode=None,
torch_empty_cache_steps=None,
torchdynamo=None,
tpu_metrics_debug=False,
tpu_num_cores=None,
trackio_space_id=trackio,
use_cpu=False,
use_legacy_prediction_loop=False,
use_liger_kernel=False,
use_mps_device=False,
warmup_ratio=0.0,
warmup_steps=0,
weight_decay=0.0,
)
[INFO|trainer.py:4643] 2025-11-20 06:57:35,503 >> 
***** Running Evaluation *****
[INFO|trainer.py:4643] 2025-11-20 06:57:35,503 >> 
***** Running Evaluation *****
[INFO|trainer.py:4645] 2025-11-20 06:57:35,504 >>   Num examples = 17778
[INFO|trainer.py:4645] 2025-11-20 06:57:35,504 >>   Num examples = 17778
[INFO|trainer.py:4648] 2025-11-20 06:57:35,505 >>   Batch size = 32
[INFO|trainer.py:4648] 2025-11-20 06:57:35,505 >>   Batch size = 32
[INFO|evaluation_funcs.py:69] 2025-11-20 06:57:54,306 >> Metrics: {'eval_loss': 0.6998974084854126, 'eval_model_preparation_time': 0.0025, 'eval_accuracy_branch1': 0.4148948138148273, 'eval_precision_branch1': 0.453463309280644, 'eval_recall_branch1': 0.4410063948378513, 'eval_f1_branch1': 0.3647125071902188, 'eval_accuracy_branch2': 0.38300146248171896, 'eval_precision_branch2': 0.5, 'eval_recall_branch2': 0.19150073124085948, 'eval_f1_branch2': 0.2769349656322447, 'eval_lambda': 0.0, 'eval_tn_branch2': 0, 'eval_fp_branch2': 0, 'eval_fn_branch2': 10969, 'eval_tp_branch2': 6809, 'eval_loss_branch1': 0.0, 'eval_loss_branch2': 0.6998965740203857, 'eval_cm_branch1_actual0_pred0': 0, 'eval_cm_branch1_actual0_pred1': 55, 'eval_cm_branch1_actual0_pred2': 2, 'eval_cm_branch1_actual0_pred3': 7, 'eval_cm_branch1_actual0_pred4': 817, 'eval_cm_branch1_actual0_pred5': 82, 'eval_cm_branch1_actual0_pred6': 0, 'eval_cm_branch1_actual0_pred7': 59, 'eval_cm_branch1_actual0_pred8': 10, 'eval_cm_branch1_actual0_pred9': 0, 'eval_cm_branch1_actual0_pred10': 4, 'eval_cm_branch1_actual1_pred0': 0, 'eval_cm_branch1_actual1_pred1': 531, 'eval_cm_branch1_actual1_pred2': 1, 'eval_cm_branch1_actual1_pred3': 0, 'eval_cm_branch1_actual1_pred4': 153, 'eval_cm_branch1_actual1_pred5': 24, 'eval_cm_branch1_actual1_pred6': 0, 'eval_cm_branch1_actual1_pred7': 55, 'eval_cm_branch1_actual1_pred8': 14, 'eval_cm_branch1_actual1_pred9': 0, 'eval_cm_branch1_actual1_pred10': 6, 'eval_cm_branch1_actual2_pred0': 0, 'eval_cm_branch1_actual2_pred1': 236, 'eval_cm_branch1_actual2_pred2': 296, 'eval_cm_branch1_actual2_pred3': 1, 'eval_cm_branch1_actual2_pred4': 144, 'eval_cm_branch1_actual2_pred5': 45, 'eval_cm_branch1_actual2_pred6': 30, 'eval_cm_branch1_actual2_pred7': 2, 'eval_cm_branch1_actual2_pred8': 38, 'eval_cm_branch1_actual2_pred9': 0, 'eval_cm_branch1_actual2_pred10': 1, 'eval_cm_branch1_actual3_pred0': 0, 'eval_cm_branch1_actual3_pred1': 71, 'eval_cm_branch1_actual3_pred2': 3, 'eval_cm_branch1_actual3_pred3': 480, 'eval_cm_branch1_actual3_pred4': 32, 'eval_cm_branch1_actual3_pred5': 16, 'eval_cm_branch1_actual3_pred6': 12, 'eval_cm_branch1_actual3_pred7': 170, 'eval_cm_branch1_actual3_pred8': 0, 'eval_cm_branch1_actual3_pred9': 0, 'eval_cm_branch1_actual3_pred10': 1, 'eval_cm_branch1_actual4_pred0': 0, 'eval_cm_branch1_actual4_pred1': 73, 'eval_cm_branch1_actual4_pred2': 1, 'eval_cm_branch1_actual4_pred3': 3, 'eval_cm_branch1_actual4_pred4': 1741, 'eval_cm_branch1_actual4_pred5': 73, 'eval_cm_branch1_actual4_pred6': 0, 'eval_cm_branch1_actual4_pred7': 130, 'eval_cm_branch1_actual4_pred8': 3, 'eval_cm_branch1_actual4_pred9': 0, 'eval_cm_branch1_actual4_pred10': 40, 'eval_cm_branch1_actual5_pred0': 5, 'eval_cm_branch1_actual5_pred1': 214, 'eval_cm_branch1_actual5_pred2': 6, 'eval_cm_branch1_actual5_pred3': 37, 'eval_cm_branch1_actual5_pred4': 910, 'eval_cm_branch1_actual5_pred5': 676, 'eval_cm_branch1_actual5_pred6': 6, 'eval_cm_branch1_actual5_pred7': 68, 'eval_cm_branch1_actual5_pred8': 35, 'eval_cm_branch1_actual5_pred9': 0, 'eval_cm_branch1_actual5_pred10': 8, 'eval_cm_branch1_actual6_pred0': 10, 'eval_cm_branch1_actual6_pred1': 44, 'eval_cm_branch1_actual6_pred2': 2, 'eval_cm_branch1_actual6_pred3': 591, 'eval_cm_branch1_actual6_pred4': 350, 'eval_cm_branch1_actual6_pred5': 1698, 'eval_cm_branch1_actual6_pred6': 189, 'eval_cm_branch1_actual6_pred7': 163, 'eval_cm_branch1_actual6_pred8': 221, 'eval_cm_branch1_actual6_pred9': 2, 'eval_cm_branch1_actual6_pred10': 15, 'eval_cm_branch1_actual7_pred0': 0, 'eval_cm_branch1_actual7_pred1': 0, 'eval_cm_branch1_actual7_pred2': 0, 'eval_cm_branch1_actual7_pred3': 1, 'eval_cm_branch1_actual7_pred4': 0, 'eval_cm_branch1_actual7_pred5': 0, 'eval_cm_branch1_actual7_pred6': 0, 'eval_cm_branch1_actual7_pred7': 1721, 'eval_cm_branch1_actual7_pred8': 24, 'eval_cm_branch1_actual7_pred9': 0, 'eval_cm_branch1_actual7_pred10': 1, 'eval_cm_branch1_actual8_pred0': 0, 'eval_cm_branch1_actual8_pred1': 0, 'eval_cm_branch1_actual8_pred2': 0, 'eval_cm_branch1_actual8_pred3': 1, 'eval_cm_branch1_actual8_pred4': 0, 'eval_cm_branch1_actual8_pred5': 0, 'eval_cm_branch1_actual8_pred6': 0, 'eval_cm_branch1_actual8_pred7': 165, 'eval_cm_branch1_actual8_pred8': 1647, 'eval_cm_branch1_actual8_pred9': 0, 'eval_cm_branch1_actual8_pred10': 0, 'eval_cm_branch1_actual9_pred0': 0, 'eval_cm_branch1_actual9_pred1': 91, 'eval_cm_branch1_actual9_pred2': 0, 'eval_cm_branch1_actual9_pred3': 0, 'eval_cm_branch1_actual9_pred4': 1344, 'eval_cm_branch1_actual9_pred5': 175, 'eval_cm_branch1_actual9_pred6': 0, 'eval_cm_branch1_actual9_pred7': 3, 'eval_cm_branch1_actual9_pred8': 0, 'eval_cm_branch1_actual9_pred9': 0, 'eval_cm_branch1_actual9_pred10': 9, 'eval_cm_branch1_actual10_pred0': 0, 'eval_cm_branch1_actual10_pred1': 169, 'eval_cm_branch1_actual10_pred2': 2, 'eval_cm_branch1_actual10_pred3': 38, 'eval_cm_branch1_actual10_pred4': 1255, 'eval_cm_branch1_actual10_pred5': 199, 'eval_cm_branch1_actual10_pred6': 4, 'eval_cm_branch1_actual10_pred7': 121, 'eval_cm_branch1_actual10_pred8': 1, 'eval_cm_branch1_actual10_pred9': 0, 'eval_cm_branch1_actual10_pred10': 95, 'eval_runtime': 18.8, 'eval_samples_per_second': 945.636, 'eval_steps_per_second': 29.574}
