[INFO|evaluation_funcs.py:96] 2025-11-20 06:50:04,292 >> Instantiated model ResNet50DANN from /data/D21_training/parabolic_increasing_lambda_scheduler_fold_0_2025-11-19_01-55-50/final_model/model.safetensors. Summary:
ResNet50DANN(
  (resnet): ResNetModel(
    (embedder): ResNetEmbeddings(
      (embedder): ResNetConvLayer(
        (convolution): Conv2d(3, 64, kernel_size=(7, 7), stride=(2, 2), padding=(3, 3), bias=False)
        (normalization): BatchNorm2d(64, eps=1e-05, momentum=0.1, affine=True, track_running_stats=True)
        (activation): ReLU()
      )
      (pooler): MaxPool2d(kernel_size=3, stride=2, padding=1, dilation=1, ceil_mode=False)
    )
    (encoder): ResNetEncoder(
      (stages): ModuleList(
        (0): ResNetStage(
          (layers): Sequential(
            (0): ResNetBottleNeckLayer(
              (shortcut): ResNetShortCut(
                (convolution): Conv2d(64, 256, kernel_size=(1, 1), stride=(1, 1), bias=False)
                (normalization): BatchNorm2d(256, eps=1e-05, momentum=0.1, affine=True, track_running_stats=True)
              )
              (layer): Sequential(
                (0): ResNetConvLayer(
                  (convolution): Conv2d(64, 64, kernel_size=(1, 1), stride=(1, 1), bias=False)
                  (normalization): BatchNorm2d(64, eps=1e-05, momentum=0.1, affine=True, track_running_stats=True)
                  (activation): ReLU()
                )
                (1): ResNetConvLayer(
                  (convolution): Conv2d(64, 64, kernel_size=(3, 3), stride=(1, 1), padding=(1, 1), bias=False)
                  (normalization): BatchNorm2d(64, eps=1e-05, momentum=0.1, affine=True, track_running_stats=True)
                  (activation): ReLU()
                )
                (2): ResNetConvLayer(
                  (convolution): Conv2d(64, 256, kernel_size=(1, 1), stride=(1, 1), bias=False)
                  (normalization): BatchNorm2d(256, eps=1e-05, momentum=0.1, affine=True, track_running_stats=True)
                  (activation): Identity()
                )
              )
              (activation): ReLU()
            )
            (1): ResNetBottleNeckLayer(
              (shortcut): Identity()
              (layer): Sequential(
                (0): ResNetConvLayer(
                  (convolution): Conv2d(256, 64, kernel_size=(1, 1), stride=(1, 1), bias=False)
                  (normalization): BatchNorm2d(64, eps=1e-05, momentum=0.1, affine=True, track_running_stats=True)
                  (activation): ReLU()
                )
                (1): ResNetConvLayer(
                  (convolution): Conv2d(64, 64, kernel_size=(3, 3), stride=(1, 1), padding=(1, 1), bias=False)
                  (normalization): BatchNorm2d(64, eps=1e-05, momentum=0.1, affine=True, track_running_stats=True)
                  (activation): ReLU()
                )
                (2): ResNetConvLayer(
                  (convolution): Conv2d(64, 256, kernel_size=(1, 1), stride=(1, 1), bias=False)
                  (normalization): BatchNorm2d(256, eps=1e-05, momentum=0.1, affine=True, track_running_stats=True)
                  (activation): Identity()
                )
              )
              (activation): ReLU()
            )
            (2): ResNetBottleNeckLayer(
              (shortcut): Identity()
              (layer): Sequential(
                (0): ResNetConvLayer(
                  (convolution): Conv2d(256, 64, kernel_size=(1, 1), stride=(1, 1), bias=False)
                  (normalization): BatchNorm2d(64, eps=1e-05, momentum=0.1, affine=True, track_running_stats=True)
                  (activation): ReLU()
                )
                (1): ResNetConvLayer(
                  (convolution): Conv2d(64, 64, kernel_size=(3, 3), stride=(1, 1), padding=(1, 1), bias=False)
                  (normalization): BatchNorm2d(64, eps=1e-05, momentum=0.1, affine=True, track_running_stats=True)
                  (activation): ReLU()
                )
                (2): ResNetConvLayer(
                  (convolution): Conv2d(64, 256, kernel_size=(1, 1), stride=(1, 1), bias=False)
                  (normalization): BatchNorm2d(256, eps=1e-05, momentum=0.1, affine=True, track_running_stats=True)
                  (activation): Identity()
                )
              )
              (activation): ReLU()
            )
          )
        )
        (1): ResNetStage(
          (layers): Sequential(
            (0): ResNetBottleNeckLayer(
              (shortcut): ResNetShortCut(
                (convolution): Conv2d(256, 512, kernel_size=(1, 1), stride=(2, 2), bias=False)
                (normalization): BatchNorm2d(512, eps=1e-05, momentum=0.1, affine=True, track_running_stats=True)
              )
              (layer): Sequential(
                (0): ResNetConvLayer(
                  (convolution): Conv2d(256, 128, kernel_size=(1, 1), stride=(1, 1), bias=False)
                  (normalization): BatchNorm2d(128, eps=1e-05, momentum=0.1, affine=True, track_running_stats=True)
                  (activation): ReLU()
                )
                (1): ResNetConvLayer(
                  (convolution): Conv2d(128, 128, kernel_size=(3, 3), stride=(2, 2), padding=(1, 1), bias=False)
                  (normalization): BatchNorm2d(128, eps=1e-05, momentum=0.1, affine=True, track_running_stats=True)
                  (activation): ReLU()
                )
                (2): ResNetConvLayer(
                  (convolution): Conv2d(128, 512, kernel_size=(1, 1), stride=(1, 1), bias=False)
                  (normalization): BatchNorm2d(512, eps=1e-05, momentum=0.1, affine=True, track_running_stats=True)
                  (activation): Identity()
                )
              )
              (activation): ReLU()
            )
            (1): ResNetBottleNeckLayer(
              (shortcut): Identity()
              (layer): Sequential(
                (0): ResNetConvLayer(
                  (convolution): Conv2d(512, 128, kernel_size=(1, 1), stride=(1, 1), bias=False)
                  (normalization): BatchNorm2d(128, eps=1e-05, momentum=0.1, affine=True, track_running_stats=True)
                  (activation): ReLU()
                )
                (1): ResNetConvLayer(
                  (convolution): Conv2d(128, 128, kernel_size=(3, 3), stride=(1, 1), padding=(1, 1), bias=False)
                  (normalization): BatchNorm2d(128, eps=1e-05, momentum=0.1, affine=True, track_running_stats=True)
                  (activation): ReLU()
                )
                (2): ResNetConvLayer(
                  (convolution): Conv2d(128, 512, kernel_size=(1, 1), stride=(1, 1), bias=False)
                  (normalization): BatchNorm2d(512, eps=1e-05, momentum=0.1, affine=True, track_running_stats=True)
                  (activation): Identity()
                )
              )
              (activation): ReLU()
            )
            (2): ResNetBottleNeckLayer(
              (shortcut): Identity()
              (layer): Sequential(
                (0): ResNetConvLayer(
                  (convolution): Conv2d(512, 128, kernel_size=(1, 1), stride=(1, 1), bias=False)
                  (normalization): BatchNorm2d(128, eps=1e-05, momentum=0.1, affine=True, track_running_stats=True)
                  (activation): ReLU()
                )
                (1): ResNetConvLayer(
                  (convolution): Conv2d(128, 128, kernel_size=(3, 3), stride=(1, 1), padding=(1, 1), bias=False)
                  (normalization): BatchNorm2d(128, eps=1e-05, momentum=0.1, affine=True, track_running_stats=True)
                  (activation): ReLU()
                )
                (2): ResNetConvLayer(
                  (convolution): Conv2d(128, 512, kernel_size=(1, 1), stride=(1, 1), bias=False)
                  (normalization): BatchNorm2d(512, eps=1e-05, momentum=0.1, affine=True, track_running_stats=True)
                  (activation): Identity()
                )
              )
              (activation): ReLU()
            )
            (3): ResNetBottleNeckLayer(
              (shortcut): Identity()
              (layer): Sequential(
                (0): ResNetConvLayer(
                  (convolution): Conv2d(512, 128, kernel_size=(1, 1), stride=(1, 1), bias=False)
                  (normalization): BatchNorm2d(128, eps=1e-05, momentum=0.1, affine=True, track_running_stats=True)
                  (activation): ReLU()
                )
                (1): ResNetConvLayer(
                  (convolution): Conv2d(128, 128, kernel_size=(3, 3), stride=(1, 1), padding=(1, 1), bias=False)
                  (normalization): BatchNorm2d(128, eps=1e-05, momentum=0.1, affine=True, track_running_stats=True)
                  (activation): ReLU()
                )
                (2): ResNetConvLayer(
                  (convolution): Conv2d(128, 512, kernel_size=(1, 1), stride=(1, 1), bias=False)
                  (normalization): BatchNorm2d(512, eps=1e-05, momentum=0.1, affine=True, track_running_stats=True)
                  (activation): Identity()
                )
              )
              (activation): ReLU()
            )
          )
        )
        (2): ResNetStage(
          (layers): Sequential(
            (0): ResNetBottleNeckLayer(
              (shortcut): ResNetShortCut(
                (convolution): Conv2d(512, 1024, kernel_size=(1, 1), stride=(2, 2), bias=False)
                (normalization): BatchNorm2d(1024, eps=1e-05, momentum=0.1, affine=True, track_running_stats=True)
              )
              (layer): Sequential(
                (0): ResNetConvLayer(
                  (convolution): Conv2d(512, 256, kernel_size=(1, 1), stride=(1, 1), bias=False)
                  (normalization): BatchNorm2d(256, eps=1e-05, momentum=0.1, affine=True, track_running_stats=True)
                  (activation): ReLU()
                )
                (1): ResNetConvLayer(
                  (convolution): Conv2d(256, 256, kernel_size=(3, 3), stride=(2, 2), padding=(1, 1), bias=False)
                  (normalization): BatchNorm2d(256, eps=1e-05, momentum=0.1, affine=True, track_running_stats=True)
                  (activation): ReLU()
                )
                (2): ResNetConvLayer(
                  (convolution): Conv2d(256, 1024, kernel_size=(1, 1), stride=(1, 1), bias=False)
                  (normalization): BatchNorm2d(1024, eps=1e-05, momentum=0.1, affine=True, track_running_stats=True)
                  (activation): Identity()
                )
              )
              (activation): ReLU()
            )
            (1): ResNetBottleNeckLayer(
              (shortcut): Identity()
              (layer): Sequential(
                (0): ResNetConvLayer(
                  (convolution): Conv2d(1024, 256, kernel_size=(1, 1), stride=(1, 1), bias=False)
                  (normalization): BatchNorm2d(256, eps=1e-05, momentum=0.1, affine=True, track_running_stats=True)
                  (activation): ReLU()
                )
                (1): ResNetConvLayer(
                  (convolution): Conv2d(256, 256, kernel_size=(3, 3), stride=(1, 1), padding=(1, 1), bias=False)
                  (normalization): BatchNorm2d(256, eps=1e-05, momentum=0.1, affine=True, track_running_stats=True)
                  (activation): ReLU()
                )
                (2): ResNetConvLayer(
                  (convolution): Conv2d(256, 1024, kernel_size=(1, 1), stride=(1, 1), bias=False)
                  (normalization): BatchNorm2d(1024, eps=1e-05, momentum=0.1, affine=True, track_running_stats=True)
                  (activation): Identity()
                )
              )
              (activation): ReLU()
            )
            (2): ResNetBottleNeckLayer(
              (shortcut): Identity()
              (layer): Sequential(
                (0): ResNetConvLayer(
                  (convolution): Conv2d(1024, 256, kernel_size=(1, 1), stride=(1, 1), bias=False)
                  (normalization): BatchNorm2d(256, eps=1e-05, momentum=0.1, affine=True, track_running_stats=True)
                  (activation): ReLU()
                )
                (1): ResNetConvLayer(
                  (convolution): Conv2d(256, 256, kernel_size=(3, 3), stride=(1, 1), padding=(1, 1), bias=False)
                  (normalization): BatchNorm2d(256, eps=1e-05, momentum=0.1, affine=True, track_running_stats=True)
                  (activation): ReLU()
                )
                (2): ResNetConvLayer(
                  (convolution): Conv2d(256, 1024, kernel_size=(1, 1), stride=(1, 1), bias=False)
                  (normalization): BatchNorm2d(1024, eps=1e-05, momentum=0.1, affine=True, track_running_stats=True)
                  (activation): Identity()
                )
              )
              (activation): ReLU()
            )
            (3): ResNetBottleNeckLayer(
              (shortcut): Identity()
              (layer): Sequential(
                (0): ResNetConvLayer(
                  (convolution): Conv2d(1024, 256, kernel_size=(1, 1), stride=(1, 1), bias=False)
                  (normalization): BatchNorm2d(256, eps=1e-05, momentum=0.1, affine=True, track_running_stats=True)
                  (activation): ReLU()
                )
                (1): ResNetConvLayer(
                  (convolution): Conv2d(256, 256, kernel_size=(3, 3), stride=(1, 1), padding=(1, 1), bias=False)
                  (normalization): BatchNorm2d(256, eps=1e-05, momentum=0.1, affine=True, track_running_stats=True)
                  (activation): ReLU()
                )
                (2): ResNetConvLayer(
                  (convolution): Conv2d(256, 1024, kernel_size=(1, 1), stride=(1, 1), bias=False)
                  (normalization): BatchNorm2d(1024, eps=1e-05, momentum=0.1, affine=True, track_running_stats=True)
                  (activation): Identity()
                )
              )
              (activation): ReLU()
            )
            (4): ResNetBottleNeckLayer(
              (shortcut): Identity()
              (layer): Sequential(
                (0): ResNetConvLayer(
                  (convolution): Conv2d(1024, 256, kernel_size=(1, 1), stride=(1, 1), bias=False)
                  (normalization): BatchNorm2d(256, eps=1e-05, momentum=0.1, affine=True, track_running_stats=True)
                  (activation): ReLU()
                )
                (1): ResNetConvLayer(
                  (convolution): Conv2d(256, 256, kernel_size=(3, 3), stride=(1, 1), padding=(1, 1), bias=False)
                  (normalization): BatchNorm2d(256, eps=1e-05, momentum=0.1, affine=True, track_running_stats=True)
                  (activation): ReLU()
                )
                (2): ResNetConvLayer(
                  (convolution): Conv2d(256, 1024, kernel_size=(1, 1), stride=(1, 1), bias=False)
                  (normalization): BatchNorm2d(1024, eps=1e-05, momentum=0.1, affine=True, track_running_stats=True)
                  (activation): Identity()
                )
              )
              (activation): ReLU()
            )
            (5): ResNetBottleNeckLayer(
              (shortcut): Identity()
              (layer): Sequential(
                (0): ResNetConvLayer(
                  (convolution): Conv2d(1024, 256, kernel_size=(1, 1), stride=(1, 1), bias=False)
                  (normalization): BatchNorm2d(256, eps=1e-05, momentum=0.1, affine=True, track_running_stats=True)
                  (activation): ReLU()
                )
                (1): ResNetConvLayer(
                  (convolution): Conv2d(256, 256, kernel_size=(3, 3), stride=(1, 1), padding=(1, 1), bias=False)
                  (normalization): BatchNorm2d(256, eps=1e-05, momentum=0.1, affine=True, track_running_stats=True)
                  (activation): ReLU()
                )
                (2): ResNetConvLayer(
                  (convolution): Conv2d(256, 1024, kernel_size=(1, 1), stride=(1, 1), bias=False)
                  (normalization): BatchNorm2d(1024, eps=1e-05, momentum=0.1, affine=True, track_running_stats=True)
                  (activation): Identity()
                )
              )
              (activation): ReLU()
            )
          )
        )
        (3): ResNetStage(
          (layers): Sequential(
            (0): ResNetBottleNeckLayer(
              (shortcut): ResNetShortCut(
                (convolution): Conv2d(1024, 2048, kernel_size=(1, 1), stride=(2, 2), bias=False)
                (normalization): BatchNorm2d(2048, eps=1e-05, momentum=0.1, affine=True, track_running_stats=True)
              )
              (layer): Sequential(
                (0): ResNetConvLayer(
                  (convolution): Conv2d(1024, 512, kernel_size=(1, 1), stride=(1, 1), bias=False)
                  (normalization): BatchNorm2d(512, eps=1e-05, momentum=0.1, affine=True, track_running_stats=True)
                  (activation): ReLU()
                )
                (1): ResNetConvLayer(
                  (convolution): Conv2d(512, 512, kernel_size=(3, 3), stride=(2, 2), padding=(1, 1), bias=False)
                  (normalization): BatchNorm2d(512, eps=1e-05, momentum=0.1, affine=True, track_running_stats=True)
                  (activation): ReLU()
                )
                (2): ResNetConvLayer(
                  (convolution): Conv2d(512, 2048, kernel_size=(1, 1), stride=(1, 1), bias=False)
                  (normalization): BatchNorm2d(2048, eps=1e-05, momentum=0.1, affine=True, track_running_stats=True)
                  (activation): Identity()
                )
              )
              (activation): ReLU()
            )
            (1): ResNetBottleNeckLayer(
              (shortcut): Identity()
              (layer): Sequential(
                (0): ResNetConvLayer(
                  (convolution): Conv2d(2048, 512, kernel_size=(1, 1), stride=(1, 1), bias=False)
                  (normalization): BatchNorm2d(512, eps=1e-05, momentum=0.1, affine=True, track_running_stats=True)
                  (activation): ReLU()
                )
                (1): ResNetConvLayer(
                  (convolution): Conv2d(512, 512, kernel_size=(3, 3), stride=(1, 1), padding=(1, 1), bias=False)
                  (normalization): BatchNorm2d(512, eps=1e-05, momentum=0.1, affine=True, track_running_stats=True)
                  (activation): ReLU()
                )
                (2): ResNetConvLayer(
                  (convolution): Conv2d(512, 2048, kernel_size=(1, 1), stride=(1, 1), bias=False)
                  (normalization): BatchNorm2d(2048, eps=1e-05, momentum=0.1, affine=True, track_running_stats=True)
                  (activation): Identity()
                )
              )
              (activation): ReLU()
            )
            (2): ResNetBottleNeckLayer(
              (shortcut): Identity()
              (layer): Sequential(
                (0): ResNetConvLayer(
                  (convolution): Conv2d(2048, 512, kernel_size=(1, 1), stride=(1, 1), bias=False)
                  (normalization): BatchNorm2d(512, eps=1e-05, momentum=0.1, affine=True, track_running_stats=True)
                  (activation): ReLU()
                )
                (1): ResNetConvLayer(
                  (convolution): Conv2d(512, 512, kernel_size=(3, 3), stride=(1, 1), padding=(1, 1), bias=False)
                  (normalization): BatchNorm2d(512, eps=1e-05, momentum=0.1, affine=True, track_running_stats=True)
                  (activation): ReLU()
                )
                (2): ResNetConvLayer(
                  (convolution): Conv2d(512, 2048, kernel_size=(1, 1), stride=(1, 1), bias=False)
                  (normalization): BatchNorm2d(2048, eps=1e-05, momentum=0.1, affine=True, track_running_stats=True)
                  (activation): Identity()
                )
              )
              (activation): ReLU()
            )
          )
        )
      )
    )
    (pooler): AdaptiveAvgPool2d(output_size=(1, 1))
  )
  (pre_branch): Sequential(
    (0): Flatten(start_dim=1, end_dim=-1)
    (1): Linear(in_features=2048, out_features=512, bias=True)
    (2): ReLU()
    (3): Dropout(p=0.5, inplace=False)
  )
  (branch1): Linear(in_features=512, out_features=11, bias=True)
  (loss_fn): MaskedDomainAdversarialLoss(
    (branch1_loss_fn): InstanceWeightedCrossEntropyLoss(
      (base_loss): CrossEntropyLoss()
    )
    (branch2_loss_fn): BCEWithLogitsLoss()
  )
  (grad_reverse): GradientReversal()
  (branch2): Sequential(
    (0): GradientReversal()
    (1): Linear(in_features=512, out_features=1, bias=True)
  )
)
[INFO|evaluation_funcs.py:99] 2025-11-20 06:50:04,293 >> Beginning evaluation of fold 0 (#1 out of 1)
[INFO|evaluation_funcs.py:107] 2025-11-20 06:50:20,809 >> Instantiated eval dataset TwoLabelDataset, length 17778, which is file /data/DG_Test_set/test_dataset_original.npz
[INFO|training_args.py:1598] 2025-11-20 06:50:20,811 >> No output directory specified, defaulting to 'trainer_output'. To change this behavior, specify --output_dir when creating TrainingArguments.
[INFO|training_args.py:1598] 2025-11-20 06:50:20,811 >> No output directory specified, defaulting to 'trainer_output'. To change this behavior, specify --output_dir when creating TrainingArguments.
[INFO|training_args.py:2222] 2025-11-20 06:50:20,812 >> PyTorch: setting up devices
[INFO|training_args.py:2222] 2025-11-20 06:50:20,812 >> PyTorch: setting up devices
[INFO|evaluation_funcs.py:55] 2025-11-20 06:50:21,065 >> TrainingArguments(
_n_gpu=1,
accelerator_config={'split_batches': False, 'dispatch_batches': None, 'even_batches': True, 'use_seedable_sampler': True, 'non_blocking': False, 'gradient_accumulation_kwargs': None, 'use_configured_state': False},
adafactor=False,
adam_beta1=0.9,
adam_beta2=0.999,
adam_epsilon=1e-08,
auto_find_batch_size=False,
average_tokens_across_devices=True,
batch_eval_metrics=False,
bf16=False,
bf16_full_eval=False,
data_seed=None,
dataloader_drop_last=False,
dataloader_num_workers=0,
dataloader_persistent_workers=False,
dataloader_pin_memory=False,
dataloader_prefetch_factor=None,
ddp_backend=None,
ddp_broadcast_buffers=None,
ddp_bucket_cap_mb=None,
ddp_find_unused_parameters=None,
ddp_timeout=1800,
debug=[],
deepspeed=None,
disable_tqdm=False,
do_eval=False,
do_predict=False,
do_train=False,
eval_accumulation_steps=None,
eval_delay=0,
eval_do_concat_batches=True,
eval_on_start=False,
eval_steps=None,
eval_strategy=IntervalStrategy.NO,
eval_use_gather_object=False,
fp16=False,
fp16_backend=auto,
fp16_full_eval=False,
fp16_opt_level=O1,
fsdp=[],
fsdp_config={'min_num_params': 0, 'xla': False, 'xla_fsdp_v2': False, 'xla_fsdp_grad_ckpt': False},
fsdp_min_num_params=0,
fsdp_transformer_layer_cls_to_wrap=None,
full_determinism=False,
gradient_accumulation_steps=1,
gradient_checkpointing=False,
gradient_checkpointing_kwargs=None,
greater_is_better=None,
group_by_length=False,
half_precision_backend=auto,
hub_always_push=False,
hub_model_id=None,
hub_private_repo=None,
hub_revision=None,
hub_strategy=HubStrategy.EVERY_SAVE,
hub_token=<HUB_TOKEN>,
ignore_data_skip=False,
include_for_metrics=[],
include_inputs_for_metrics=False,
include_num_input_tokens_seen=no,
include_tokens_per_second=False,
jit_mode_eval=False,
label_names=None,
label_smoothing_factor=0.0,
learning_rate=5e-05,
length_column_name=length,
liger_kernel_config=None,
load_best_model_at_end=False,
local_rank=0,
log_level=passive,
log_level_replica=warning,
log_on_each_node=True,
logging_dir=trainer_output/runs/Nov20_06-50-20_c0d8d6395f10,
logging_first_step=False,
logging_nan_inf_filter=True,
logging_steps=500,
logging_strategy=IntervalStrategy.STEPS,
lr_scheduler_kwargs={},
lr_scheduler_type=SchedulerType.LINEAR,
max_grad_norm=1.0,
max_steps=-1,
metric_for_best_model=None,
mp_parameters=,
neftune_noise_alpha=None,
no_cuda=False,
num_train_epochs=3.0,
optim=OptimizerNames.ADAMW_TORCH,
optim_args=None,
optim_target_modules=None,
output_dir=trainer_output,
overwrite_output_dir=False,
parallelism_config=None,
past_index=-1,
per_device_eval_batch_size=32,
per_device_train_batch_size=8,
prediction_loss_only=False,
project=huggingface,
push_to_hub=False,
push_to_hub_model_id=None,
push_to_hub_organization=None,
push_to_hub_token=<PUSH_TO_HUB_TOKEN>,
ray_scope=last,
remove_unused_columns=True,
report_to=[],
restore_callback_states_from_checkpoint=False,
resume_from_checkpoint=None,
run_name=None,
save_on_each_node=False,
save_only_model=False,
save_safetensors=True,
save_steps=500,
save_strategy=SaveStrategy.STEPS,
save_total_limit=None,
seed=42,
skip_memory_metrics=True,
tf32=None,
torch_compile=False,
torch_compile_backend=None,
torch_compile_mode=None,
torch_empty_cache_steps=None,
torchdynamo=None,
tpu_metrics_debug=False,
tpu_num_cores=None,
trackio_space_id=trackio,
use_cpu=False,
use_legacy_prediction_loop=False,
use_liger_kernel=False,
use_mps_device=False,
warmup_ratio=0.0,
warmup_steps=0,
weight_decay=0.0,
)
[INFO|trainer.py:4643] 2025-11-20 06:50:21,415 >> 
***** Running Evaluation *****
[INFO|trainer.py:4643] 2025-11-20 06:50:21,415 >> 
***** Running Evaluation *****
[INFO|trainer.py:4645] 2025-11-20 06:50:21,416 >>   Num examples = 17778
[INFO|trainer.py:4645] 2025-11-20 06:50:21,416 >>   Num examples = 17778
[INFO|trainer.py:4648] 2025-11-20 06:50:21,417 >>   Batch size = 32
[INFO|trainer.py:4648] 2025-11-20 06:50:21,417 >>   Batch size = 32
[INFO|evaluation_funcs.py:69] 2025-11-20 06:50:41,644 >> Metrics: {'eval_loss': 0.7037115693092346, 'eval_model_preparation_time': 0.0029, 'eval_accuracy_branch1': 0.9481943975700303, 'eval_precision_branch1': 0.9505729222930127, 'eval_recall_branch1': 0.9414332686259675, 'eval_f1_branch1': 0.9452658738698756, 'eval_accuracy_branch2': 0.2780402744965688, 'eval_precision_branch2': 0.5, 'eval_recall_branch2': 0.1390201372482844, 'eval_f1_branch2': 0.21755204436424452, 'eval_lambda': 0.0, 'eval_tn_branch2': 0, 'eval_fp_branch2': 0, 'eval_fn_branch2': 12835, 'eval_tp_branch2': 4943, 'eval_loss_branch1': 0.0, 'eval_loss_branch2': 0.7037109136581421, 'eval_cm_branch1_actual0_pred0': 963, 'eval_cm_branch1_actual0_pred1': 1, 'eval_cm_branch1_actual0_pred2': 1, 'eval_cm_branch1_actual0_pred3': 0, 'eval_cm_branch1_actual0_pred4': 31, 'eval_cm_branch1_actual0_pred5': 17, 'eval_cm_branch1_actual0_pred6': 3, 'eval_cm_branch1_actual0_pred7': 0, 'eval_cm_branch1_actual0_pred8': 0, 'eval_cm_branch1_actual0_pred9': 19, 'eval_cm_branch1_actual0_pred10': 1, 'eval_cm_branch1_actual1_pred0': 0, 'eval_cm_branch1_actual1_pred1': 726, 'eval_cm_branch1_actual1_pred2': 40, 'eval_cm_branch1_actual1_pred3': 0, 'eval_cm_branch1_actual1_pred4': 13, 'eval_cm_branch1_actual1_pred5': 5, 'eval_cm_branch1_actual1_pred6': 0, 'eval_cm_branch1_actual1_pred7': 0, 'eval_cm_branch1_actual1_pred8': 0, 'eval_cm_branch1_actual1_pred9': 0, 'eval_cm_branch1_actual1_pred10': 0, 'eval_cm_branch1_actual2_pred0': 0, 'eval_cm_branch1_actual2_pred1': 7, 'eval_cm_branch1_actual2_pred2': 769, 'eval_cm_branch1_actual2_pred3': 0, 'eval_cm_branch1_actual2_pred4': 9, 'eval_cm_branch1_actual2_pred5': 8, 'eval_cm_branch1_actual2_pred6': 0, 'eval_cm_branch1_actual2_pred7': 0, 'eval_cm_branch1_actual2_pred8': 0, 'eval_cm_branch1_actual2_pred9': 0, 'eval_cm_branch1_actual2_pred10': 0, 'eval_cm_branch1_actual3_pred0': 0, 'eval_cm_branch1_actual3_pred1': 0, 'eval_cm_branch1_actual3_pred2': 0, 'eval_cm_branch1_actual3_pred3': 676, 'eval_cm_branch1_actual3_pred4': 9, 'eval_cm_branch1_actual3_pred5': 4, 'eval_cm_branch1_actual3_pred6': 27, 'eval_cm_branch1_actual3_pred7': 9, 'eval_cm_branch1_actual3_pred8': 0, 'eval_cm_branch1_actual3_pred9': 17, 'eval_cm_branch1_actual3_pred10': 43, 'eval_cm_branch1_actual4_pred0': 25, 'eval_cm_branch1_actual4_pred1': 0, 'eval_cm_branch1_actual4_pred2': 3, 'eval_cm_branch1_actual4_pred3': 0, 'eval_cm_branch1_actual4_pred4': 1745, 'eval_cm_branch1_actual4_pred5': 126, 'eval_cm_branch1_actual4_pred6': 0, 'eval_cm_branch1_actual4_pred7': 0, 'eval_cm_branch1_actual4_pred8': 0, 'eval_cm_branch1_actual4_pred9': 43, 'eval_cm_branch1_actual4_pred10': 122, 'eval_cm_branch1_actual5_pred0': 19, 'eval_cm_branch1_actual5_pred1': 1, 'eval_cm_branch1_actual5_pred2': 5, 'eval_cm_branch1_actual5_pred3': 0, 'eval_cm_branch1_actual5_pred4': 92, 'eval_cm_branch1_actual5_pred5': 1828, 'eval_cm_branch1_actual5_pred6': 0, 'eval_cm_branch1_actual5_pred7': 0, 'eval_cm_branch1_actual5_pred8': 0, 'eval_cm_branch1_actual5_pred9': 10, 'eval_cm_branch1_actual5_pred10': 10, 'eval_cm_branch1_actual6_pred0': 0, 'eval_cm_branch1_actual6_pred1': 0, 'eval_cm_branch1_actual6_pred2': 0, 'eval_cm_branch1_actual6_pred3': 1, 'eval_cm_branch1_actual6_pred4': 0, 'eval_cm_branch1_actual6_pred5': 0, 'eval_cm_branch1_actual6_pred6': 3265, 'eval_cm_branch1_actual6_pred7': 0, 'eval_cm_branch1_actual6_pred8': 18, 'eval_cm_branch1_actual6_pred9': 0, 'eval_cm_branch1_actual6_pred10': 1, 'eval_cm_branch1_actual7_pred0': 0, 'eval_cm_branch1_actual7_pred1': 0, 'eval_cm_branch1_actual7_pred2': 0, 'eval_cm_branch1_actual7_pred3': 0, 'eval_cm_branch1_actual7_pred4': 0, 'eval_cm_branch1_actual7_pred5': 0, 'eval_cm_branch1_actual7_pred6': 2, 'eval_cm_branch1_actual7_pred7': 1739, 'eval_cm_branch1_actual7_pred8': 0, 'eval_cm_branch1_actual7_pred9': 0, 'eval_cm_branch1_actual7_pred10': 6, 'eval_cm_branch1_actual8_pred0': 3, 'eval_cm_branch1_actual8_pred1': 0, 'eval_cm_branch1_actual8_pred2': 0, 'eval_cm_branch1_actual8_pred3': 0, 'eval_cm_branch1_actual8_pred4': 0, 'eval_cm_branch1_actual8_pred5': 0, 'eval_cm_branch1_actual8_pred6': 23, 'eval_cm_branch1_actual8_pred7': 0, 'eval_cm_branch1_actual8_pred8': 1786, 'eval_cm_branch1_actual8_pred9': 0, 'eval_cm_branch1_actual8_pred10': 1, 'eval_cm_branch1_actual9_pred0': 5, 'eval_cm_branch1_actual9_pred1': 0, 'eval_cm_branch1_actual9_pred2': 0, 'eval_cm_branch1_actual9_pred3': 0, 'eval_cm_branch1_actual9_pred4': 7, 'eval_cm_branch1_actual9_pred5': 1, 'eval_cm_branch1_actual9_pred6': 22, 'eval_cm_branch1_actual9_pred7': 0, 'eval_cm_branch1_actual9_pred8': 0, 'eval_cm_branch1_actual9_pred9': 1583, 'eval_cm_branch1_actual9_pred10': 4, 'eval_cm_branch1_actual10_pred0': 18, 'eval_cm_branch1_actual10_pred1': 0, 'eval_cm_branch1_actual10_pred2': 0, 'eval_cm_branch1_actual10_pred3': 5, 'eval_cm_branch1_actual10_pred4': 16, 'eval_cm_branch1_actual10_pred5': 4, 'eval_cm_branch1_actual10_pred6': 10, 'eval_cm_branch1_actual10_pred7': 20, 'eval_cm_branch1_actual10_pred8': 0, 'eval_cm_branch1_actual10_pred9': 34, 'eval_cm_branch1_actual10_pred10': 1777, 'eval_runtime': 20.2249, 'eval_samples_per_second': 879.014, 'eval_steps_per_second': 27.491}
[INFO|evaluation_funcs.py:96] 2025-11-20 06:50:42,547 >> Instantiated model ResNet50DANN from /data/D21_training/parabolic_increasing_lambda_scheduler_fold_0_2025-11-19_04-49-21/final_model/model.safetensors. Summary:
ResNet50DANN(
  (resnet): ResNetModel(
    (embedder): ResNetEmbeddings(
      (embedder): ResNetConvLayer(
        (convolution): Conv2d(3, 64, kernel_size=(7, 7), stride=(2, 2), padding=(3, 3), bias=False)
        (normalization): BatchNorm2d(64, eps=1e-05, momentum=0.1, affine=True, track_running_stats=True)
        (activation): ReLU()
      )
      (pooler): MaxPool2d(kernel_size=3, stride=2, padding=1, dilation=1, ceil_mode=False)
    )
    (encoder): ResNetEncoder(
      (stages): ModuleList(
        (0): ResNetStage(
          (layers): Sequential(
            (0): ResNetBottleNeckLayer(
              (shortcut): ResNetShortCut(
                (convolution): Conv2d(64, 256, kernel_size=(1, 1), stride=(1, 1), bias=False)
                (normalization): BatchNorm2d(256, eps=1e-05, momentum=0.1, affine=True, track_running_stats=True)
              )
              (layer): Sequential(
                (0): ResNetConvLayer(
                  (convolution): Conv2d(64, 64, kernel_size=(1, 1), stride=(1, 1), bias=False)
                  (normalization): BatchNorm2d(64, eps=1e-05, momentum=0.1, affine=True, track_running_stats=True)
                  (activation): ReLU()
                )
                (1): ResNetConvLayer(
                  (convolution): Conv2d(64, 64, kernel_size=(3, 3), stride=(1, 1), padding=(1, 1), bias=False)
                  (normalization): BatchNorm2d(64, eps=1e-05, momentum=0.1, affine=True, track_running_stats=True)
                  (activation): ReLU()
                )
                (2): ResNetConvLayer(
                  (convolution): Conv2d(64, 256, kernel_size=(1, 1), stride=(1, 1), bias=False)
                  (normalization): BatchNorm2d(256, eps=1e-05, momentum=0.1, affine=True, track_running_stats=True)
                  (activation): Identity()
                )
              )
              (activation): ReLU()
            )
            (1): ResNetBottleNeckLayer(
              (shortcut): Identity()
              (layer): Sequential(
                (0): ResNetConvLayer(
                  (convolution): Conv2d(256, 64, kernel_size=(1, 1), stride=(1, 1), bias=False)
                  (normalization): BatchNorm2d(64, eps=1e-05, momentum=0.1, affine=True, track_running_stats=True)
                  (activation): ReLU()
                )
                (1): ResNetConvLayer(
                  (convolution): Conv2d(64, 64, kernel_size=(3, 3), stride=(1, 1), padding=(1, 1), bias=False)
                  (normalization): BatchNorm2d(64, eps=1e-05, momentum=0.1, affine=True, track_running_stats=True)
                  (activation): ReLU()
                )
                (2): ResNetConvLayer(
                  (convolution): Conv2d(64, 256, kernel_size=(1, 1), stride=(1, 1), bias=False)
                  (normalization): BatchNorm2d(256, eps=1e-05, momentum=0.1, affine=True, track_running_stats=True)
                  (activation): Identity()
                )
              )
              (activation): ReLU()
            )
            (2): ResNetBottleNeckLayer(
              (shortcut): Identity()
              (layer): Sequential(
                (0): ResNetConvLayer(
                  (convolution): Conv2d(256, 64, kernel_size=(1, 1), stride=(1, 1), bias=False)
                  (normalization): BatchNorm2d(64, eps=1e-05, momentum=0.1, affine=True, track_running_stats=True)
                  (activation): ReLU()
                )
                (1): ResNetConvLayer(
                  (convolution): Conv2d(64, 64, kernel_size=(3, 3), stride=(1, 1), padding=(1, 1), bias=False)
                  (normalization): BatchNorm2d(64, eps=1e-05, momentum=0.1, affine=True, track_running_stats=True)
                  (activation): ReLU()
                )
                (2): ResNetConvLayer(
                  (convolution): Conv2d(64, 256, kernel_size=(1, 1), stride=(1, 1), bias=False)
                  (normalization): BatchNorm2d(256, eps=1e-05, momentum=0.1, affine=True, track_running_stats=True)
                  (activation): Identity()
                )
              )
              (activation): ReLU()
            )
          )
        )
        (1): ResNetStage(
          (layers): Sequential(
            (0): ResNetBottleNeckLayer(
              (shortcut): ResNetShortCut(
                (convolution): Conv2d(256, 512, kernel_size=(1, 1), stride=(2, 2), bias=False)
                (normalization): BatchNorm2d(512, eps=1e-05, momentum=0.1, affine=True, track_running_stats=True)
              )
              (layer): Sequential(
                (0): ResNetConvLayer(
                  (convolution): Conv2d(256, 128, kernel_size=(1, 1), stride=(1, 1), bias=False)
                  (normalization): BatchNorm2d(128, eps=1e-05, momentum=0.1, affine=True, track_running_stats=True)
                  (activation): ReLU()
                )
                (1): ResNetConvLayer(
                  (convolution): Conv2d(128, 128, kernel_size=(3, 3), stride=(2, 2), padding=(1, 1), bias=False)
                  (normalization): BatchNorm2d(128, eps=1e-05, momentum=0.1, affine=True, track_running_stats=True)
                  (activation): ReLU()
                )
                (2): ResNetConvLayer(
                  (convolution): Conv2d(128, 512, kernel_size=(1, 1), stride=(1, 1), bias=False)
                  (normalization): BatchNorm2d(512, eps=1e-05, momentum=0.1, affine=True, track_running_stats=True)
                  (activation): Identity()
                )
              )
              (activation): ReLU()
            )
            (1): ResNetBottleNeckLayer(
              (shortcut): Identity()
              (layer): Sequential(
                (0): ResNetConvLayer(
                  (convolution): Conv2d(512, 128, kernel_size=(1, 1), stride=(1, 1), bias=False)
                  (normalization): BatchNorm2d(128, eps=1e-05, momentum=0.1, affine=True, track_running_stats=True)
                  (activation): ReLU()
                )
                (1): ResNetConvLayer(
                  (convolution): Conv2d(128, 128, kernel_size=(3, 3), stride=(1, 1), padding=(1, 1), bias=False)
                  (normalization): BatchNorm2d(128, eps=1e-05, momentum=0.1, affine=True, track_running_stats=True)
                  (activation): ReLU()
                )
                (2): ResNetConvLayer(
                  (convolution): Conv2d(128, 512, kernel_size=(1, 1), stride=(1, 1), bias=False)
                  (normalization): BatchNorm2d(512, eps=1e-05, momentum=0.1, affine=True, track_running_stats=True)
                  (activation): Identity()
                )
              )
              (activation): ReLU()
            )
            (2): ResNetBottleNeckLayer(
              (shortcut): Identity()
              (layer): Sequential(
                (0): ResNetConvLayer(
                  (convolution): Conv2d(512, 128, kernel_size=(1, 1), stride=(1, 1), bias=False)
                  (normalization): BatchNorm2d(128, eps=1e-05, momentum=0.1, affine=True, track_running_stats=True)
                  (activation): ReLU()
                )
                (1): ResNetConvLayer(
                  (convolution): Conv2d(128, 128, kernel_size=(3, 3), stride=(1, 1), padding=(1, 1), bias=False)
                  (normalization): BatchNorm2d(128, eps=1e-05, momentum=0.1, affine=True, track_running_stats=True)
                  (activation): ReLU()
                )
                (2): ResNetConvLayer(
                  (convolution): Conv2d(128, 512, kernel_size=(1, 1), stride=(1, 1), bias=False)
                  (normalization): BatchNorm2d(512, eps=1e-05, momentum=0.1, affine=True, track_running_stats=True)
                  (activation): Identity()
                )
              )
              (activation): ReLU()
            )
            (3): ResNetBottleNeckLayer(
              (shortcut): Identity()
              (layer): Sequential(
                (0): ResNetConvLayer(
                  (convolution): Conv2d(512, 128, kernel_size=(1, 1), stride=(1, 1), bias=False)
                  (normalization): BatchNorm2d(128, eps=1e-05, momentum=0.1, affine=True, track_running_stats=True)
                  (activation): ReLU()
                )
                (1): ResNetConvLayer(
                  (convolution): Conv2d(128, 128, kernel_size=(3, 3), stride=(1, 1), padding=(1, 1), bias=False)
                  (normalization): BatchNorm2d(128, eps=1e-05, momentum=0.1, affine=True, track_running_stats=True)
                  (activation): ReLU()
                )
                (2): ResNetConvLayer(
                  (convolution): Conv2d(128, 512, kernel_size=(1, 1), stride=(1, 1), bias=False)
                  (normalization): BatchNorm2d(512, eps=1e-05, momentum=0.1, affine=True, track_running_stats=True)
                  (activation): Identity()
                )
              )
              (activation): ReLU()
            )
          )
        )
        (2): ResNetStage(
          (layers): Sequential(
            (0): ResNetBottleNeckLayer(
              (shortcut): ResNetShortCut(
                (convolution): Conv2d(512, 1024, kernel_size=(1, 1), stride=(2, 2), bias=False)
                (normalization): BatchNorm2d(1024, eps=1e-05, momentum=0.1, affine=True, track_running_stats=True)
              )
              (layer): Sequential(
                (0): ResNetConvLayer(
                  (convolution): Conv2d(512, 256, kernel_size=(1, 1), stride=(1, 1), bias=False)
                  (normalization): BatchNorm2d(256, eps=1e-05, momentum=0.1, affine=True, track_running_stats=True)
                  (activation): ReLU()
                )
                (1): ResNetConvLayer(
                  (convolution): Conv2d(256, 256, kernel_size=(3, 3), stride=(2, 2), padding=(1, 1), bias=False)
                  (normalization): BatchNorm2d(256, eps=1e-05, momentum=0.1, affine=True, track_running_stats=True)
                  (activation): ReLU()
                )
                (2): ResNetConvLayer(
                  (convolution): Conv2d(256, 1024, kernel_size=(1, 1), stride=(1, 1), bias=False)
                  (normalization): BatchNorm2d(1024, eps=1e-05, momentum=0.1, affine=True, track_running_stats=True)
                  (activation): Identity()
                )
              )
              (activation): ReLU()
            )
            (1): ResNetBottleNeckLayer(
              (shortcut): Identity()
              (layer): Sequential(
                (0): ResNetConvLayer(
                  (convolution): Conv2d(1024, 256, kernel_size=(1, 1), stride=(1, 1), bias=False)
                  (normalization): BatchNorm2d(256, eps=1e-05, momentum=0.1, affine=True, track_running_stats=True)
                  (activation): ReLU()
                )
                (1): ResNetConvLayer(
                  (convolution): Conv2d(256, 256, kernel_size=(3, 3), stride=(1, 1), padding=(1, 1), bias=False)
                  (normalization): BatchNorm2d(256, eps=1e-05, momentum=0.1, affine=True, track_running_stats=True)
                  (activation): ReLU()
                )
                (2): ResNetConvLayer(
                  (convolution): Conv2d(256, 1024, kernel_size=(1, 1), stride=(1, 1), bias=False)
                  (normalization): BatchNorm2d(1024, eps=1e-05, momentum=0.1, affine=True, track_running_stats=True)
                  (activation): Identity()
                )
              )
              (activation): ReLU()
            )
            (2): ResNetBottleNeckLayer(
              (shortcut): Identity()
              (layer): Sequential(
                (0): ResNetConvLayer(
                  (convolution): Conv2d(1024, 256, kernel_size=(1, 1), stride=(1, 1), bias=False)
                  (normalization): BatchNorm2d(256, eps=1e-05, momentum=0.1, affine=True, track_running_stats=True)
                  (activation): ReLU()
                )
                (1): ResNetConvLayer(
                  (convolution): Conv2d(256, 256, kernel_size=(3, 3), stride=(1, 1), padding=(1, 1), bias=False)
                  (normalization): BatchNorm2d(256, eps=1e-05, momentum=0.1, affine=True, track_running_stats=True)
                  (activation): ReLU()
                )
                (2): ResNetConvLayer(
                  (convolution): Conv2d(256, 1024, kernel_size=(1, 1), stride=(1, 1), bias=False)
                  (normalization): BatchNorm2d(1024, eps=1e-05, momentum=0.1, affine=True, track_running_stats=True)
                  (activation): Identity()
                )
              )
              (activation): ReLU()
            )
            (3): ResNetBottleNeckLayer(
              (shortcut): Identity()
              (layer): Sequential(
                (0): ResNetConvLayer(
                  (convolution): Conv2d(1024, 256, kernel_size=(1, 1), stride=(1, 1), bias=False)
                  (normalization): BatchNorm2d(256, eps=1e-05, momentum=0.1, affine=True, track_running_stats=True)
                  (activation): ReLU()
                )
                (1): ResNetConvLayer(
                  (convolution): Conv2d(256, 256, kernel_size=(3, 3), stride=(1, 1), padding=(1, 1), bias=False)
                  (normalization): BatchNorm2d(256, eps=1e-05, momentum=0.1, affine=True, track_running_stats=True)
                  (activation): ReLU()
                )
                (2): ResNetConvLayer(
                  (convolution): Conv2d(256, 1024, kernel_size=(1, 1), stride=(1, 1), bias=False)
                  (normalization): BatchNorm2d(1024, eps=1e-05, momentum=0.1, affine=True, track_running_stats=True)
                  (activation): Identity()
                )
              )
              (activation): ReLU()
            )
            (4): ResNetBottleNeckLayer(
              (shortcut): Identity()
              (layer): Sequential(
                (0): ResNetConvLayer(
                  (convolution): Conv2d(1024, 256, kernel_size=(1, 1), stride=(1, 1), bias=False)
                  (normalization): BatchNorm2d(256, eps=1e-05, momentum=0.1, affine=True, track_running_stats=True)
                  (activation): ReLU()
                )
                (1): ResNetConvLayer(
                  (convolution): Conv2d(256, 256, kernel_size=(3, 3), stride=(1, 1), padding=(1, 1), bias=False)
                  (normalization): BatchNorm2d(256, eps=1e-05, momentum=0.1, affine=True, track_running_stats=True)
                  (activation): ReLU()
                )
                (2): ResNetConvLayer(
                  (convolution): Conv2d(256, 1024, kernel_size=(1, 1), stride=(1, 1), bias=False)
                  (normalization): BatchNorm2d(1024, eps=1e-05, momentum=0.1, affine=True, track_running_stats=True)
                  (activation): Identity()
                )
              )
              (activation): ReLU()
            )
            (5): ResNetBottleNeckLayer(
              (shortcut): Identity()
              (layer): Sequential(
                (0): ResNetConvLayer(
                  (convolution): Conv2d(1024, 256, kernel_size=(1, 1), stride=(1, 1), bias=False)
                  (normalization): BatchNorm2d(256, eps=1e-05, momentum=0.1, affine=True, track_running_stats=True)
                  (activation): ReLU()
                )
                (1): ResNetConvLayer(
                  (convolution): Conv2d(256, 256, kernel_size=(3, 3), stride=(1, 1), padding=(1, 1), bias=False)
                  (normalization): BatchNorm2d(256, eps=1e-05, momentum=0.1, affine=True, track_running_stats=True)
                  (activation): ReLU()
                )
                (2): ResNetConvLayer(
                  (convolution): Conv2d(256, 1024, kernel_size=(1, 1), stride=(1, 1), bias=False)
                  (normalization): BatchNorm2d(1024, eps=1e-05, momentum=0.1, affine=True, track_running_stats=True)
                  (activation): Identity()
                )
              )
              (activation): ReLU()
            )
          )
        )
        (3): ResNetStage(
          (layers): Sequential(
            (0): ResNetBottleNeckLayer(
              (shortcut): ResNetShortCut(
                (convolution): Conv2d(1024, 2048, kernel_size=(1, 1), stride=(2, 2), bias=False)
                (normalization): BatchNorm2d(2048, eps=1e-05, momentum=0.1, affine=True, track_running_stats=True)
              )
              (layer): Sequential(
                (0): ResNetConvLayer(
                  (convolution): Conv2d(1024, 512, kernel_size=(1, 1), stride=(1, 1), bias=False)
                  (normalization): BatchNorm2d(512, eps=1e-05, momentum=0.1, affine=True, track_running_stats=True)
                  (activation): ReLU()
                )
                (1): ResNetConvLayer(
                  (convolution): Conv2d(512, 512, kernel_size=(3, 3), stride=(2, 2), padding=(1, 1), bias=False)
                  (normalization): BatchNorm2d(512, eps=1e-05, momentum=0.1, affine=True, track_running_stats=True)
                  (activation): ReLU()
                )
                (2): ResNetConvLayer(
                  (convolution): Conv2d(512, 2048, kernel_size=(1, 1), stride=(1, 1), bias=False)
                  (normalization): BatchNorm2d(2048, eps=1e-05, momentum=0.1, affine=True, track_running_stats=True)
                  (activation): Identity()
                )
              )
              (activation): ReLU()
            )
            (1): ResNetBottleNeckLayer(
              (shortcut): Identity()
              (layer): Sequential(
                (0): ResNetConvLayer(
                  (convolution): Conv2d(2048, 512, kernel_size=(1, 1), stride=(1, 1), bias=False)
                  (normalization): BatchNorm2d(512, eps=1e-05, momentum=0.1, affine=True, track_running_stats=True)
                  (activation): ReLU()
                )
                (1): ResNetConvLayer(
                  (convolution): Conv2d(512, 512, kernel_size=(3, 3), stride=(1, 1), padding=(1, 1), bias=False)
                  (normalization): BatchNorm2d(512, eps=1e-05, momentum=0.1, affine=True, track_running_stats=True)
                  (activation): ReLU()
                )
                (2): ResNetConvLayer(
                  (convolution): Conv2d(512, 2048, kernel_size=(1, 1), stride=(1, 1), bias=False)
                  (normalization): BatchNorm2d(2048, eps=1e-05, momentum=0.1, affine=True, track_running_stats=True)
                  (activation): Identity()
                )
              )
              (activation): ReLU()
            )
            (2): ResNetBottleNeckLayer(
              (shortcut): Identity()
              (layer): Sequential(
                (0): ResNetConvLayer(
                  (convolution): Conv2d(2048, 512, kernel_size=(1, 1), stride=(1, 1), bias=False)
                  (normalization): BatchNorm2d(512, eps=1e-05, momentum=0.1, affine=True, track_running_stats=True)
                  (activation): ReLU()
                )
                (1): ResNetConvLayer(
                  (convolution): Conv2d(512, 512, kernel_size=(3, 3), stride=(1, 1), padding=(1, 1), bias=False)
                  (normalization): BatchNorm2d(512, eps=1e-05, momentum=0.1, affine=True, track_running_stats=True)
                  (activation): ReLU()
                )
                (2): ResNetConvLayer(
                  (convolution): Conv2d(512, 2048, kernel_size=(1, 1), stride=(1, 1), bias=False)
                  (normalization): BatchNorm2d(2048, eps=1e-05, momentum=0.1, affine=True, track_running_stats=True)
                  (activation): Identity()
                )
              )
              (activation): ReLU()
            )
          )
        )
      )
    )
    (pooler): AdaptiveAvgPool2d(output_size=(1, 1))
  )
  (pre_branch): Sequential(
    (0): Flatten(start_dim=1, end_dim=-1)
    (1): Linear(in_features=2048, out_features=512, bias=True)
    (2): ReLU()
    (3): Dropout(p=0.5, inplace=False)
  )
  (branch1): Linear(in_features=512, out_features=11, bias=True)
  (loss_fn): MaskedDomainAdversarialLoss(
    (branch1_loss_fn): InstanceWeightedCrossEntropyLoss(
      (base_loss): CrossEntropyLoss()
    )
    (branch2_loss_fn): BCEWithLogitsLoss()
  )
  (grad_reverse): GradientReversal()
  (branch2): Sequential(
    (0): GradientReversal()
    (1): Linear(in_features=512, out_features=1, bias=True)
  )
)
[INFO|evaluation_funcs.py:99] 2025-11-20 06:50:42,548 >> Beginning evaluation of fold 0 (#1 out of 1)
[INFO|evaluation_funcs.py:107] 2025-11-20 06:51:00,183 >> Instantiated eval dataset TwoLabelDataset, length 17778, which is file /data/DG_Test_set/test_dataset_original.npz
[INFO|training_args.py:1598] 2025-11-20 06:51:00,185 >> No output directory specified, defaulting to 'trainer_output'. To change this behavior, specify --output_dir when creating TrainingArguments.
[INFO|training_args.py:1598] 2025-11-20 06:51:00,185 >> No output directory specified, defaulting to 'trainer_output'. To change this behavior, specify --output_dir when creating TrainingArguments.
[INFO|training_args.py:2222] 2025-11-20 06:51:00,186 >> PyTorch: setting up devices
[INFO|training_args.py:2222] 2025-11-20 06:51:00,186 >> PyTorch: setting up devices
[INFO|evaluation_funcs.py:55] 2025-11-20 06:51:00,234 >> TrainingArguments(
_n_gpu=1,
accelerator_config={'split_batches': False, 'dispatch_batches': None, 'even_batches': True, 'use_seedable_sampler': True, 'non_blocking': False, 'gradient_accumulation_kwargs': None, 'use_configured_state': False},
adafactor=False,
adam_beta1=0.9,
adam_beta2=0.999,
adam_epsilon=1e-08,
auto_find_batch_size=False,
average_tokens_across_devices=True,
batch_eval_metrics=False,
bf16=False,
bf16_full_eval=False,
data_seed=None,
dataloader_drop_last=False,
dataloader_num_workers=0,
dataloader_persistent_workers=False,
dataloader_pin_memory=False,
dataloader_prefetch_factor=None,
ddp_backend=None,
ddp_broadcast_buffers=None,
ddp_bucket_cap_mb=None,
ddp_find_unused_parameters=None,
ddp_timeout=1800,
debug=[],
deepspeed=None,
disable_tqdm=False,
do_eval=False,
do_predict=False,
do_train=False,
eval_accumulation_steps=None,
eval_delay=0,
eval_do_concat_batches=True,
eval_on_start=False,
eval_steps=None,
eval_strategy=IntervalStrategy.NO,
eval_use_gather_object=False,
fp16=False,
fp16_backend=auto,
fp16_full_eval=False,
fp16_opt_level=O1,
fsdp=[],
fsdp_config={'min_num_params': 0, 'xla': False, 'xla_fsdp_v2': False, 'xla_fsdp_grad_ckpt': False},
fsdp_min_num_params=0,
fsdp_transformer_layer_cls_to_wrap=None,
full_determinism=False,
gradient_accumulation_steps=1,
gradient_checkpointing=False,
gradient_checkpointing_kwargs=None,
greater_is_better=None,
group_by_length=False,
half_precision_backend=auto,
hub_always_push=False,
hub_model_id=None,
hub_private_repo=None,
hub_revision=None,
hub_strategy=HubStrategy.EVERY_SAVE,
hub_token=<HUB_TOKEN>,
ignore_data_skip=False,
include_for_metrics=[],
include_inputs_for_metrics=False,
include_num_input_tokens_seen=no,
include_tokens_per_second=False,
jit_mode_eval=False,
label_names=None,
label_smoothing_factor=0.0,
learning_rate=5e-05,
length_column_name=length,
liger_kernel_config=None,
load_best_model_at_end=False,
local_rank=0,
log_level=passive,
log_level_replica=warning,
log_on_each_node=True,
logging_dir=trainer_output/runs/Nov20_06-51-00_c0d8d6395f10,
logging_first_step=False,
logging_nan_inf_filter=True,
logging_steps=500,
logging_strategy=IntervalStrategy.STEPS,
lr_scheduler_kwargs={},
lr_scheduler_type=SchedulerType.LINEAR,
max_grad_norm=1.0,
max_steps=-1,
metric_for_best_model=None,
mp_parameters=,
neftune_noise_alpha=None,
no_cuda=False,
num_train_epochs=3.0,
optim=OptimizerNames.ADAMW_TORCH,
optim_args=None,
optim_target_modules=None,
output_dir=trainer_output,
overwrite_output_dir=False,
parallelism_config=None,
past_index=-1,
per_device_eval_batch_size=32,
per_device_train_batch_size=8,
prediction_loss_only=False,
project=huggingface,
push_to_hub=False,
push_to_hub_model_id=None,
push_to_hub_organization=None,
push_to_hub_token=<PUSH_TO_HUB_TOKEN>,
ray_scope=last,
remove_unused_columns=True,
report_to=[],
restore_callback_states_from_checkpoint=False,
resume_from_checkpoint=None,
run_name=None,
save_on_each_node=False,
save_only_model=False,
save_safetensors=True,
save_steps=500,
save_strategy=SaveStrategy.STEPS,
save_total_limit=None,
seed=42,
skip_memory_metrics=True,
tf32=None,
torch_compile=False,
torch_compile_backend=None,
torch_compile_mode=None,
torch_empty_cache_steps=None,
torchdynamo=None,
tpu_metrics_debug=False,
tpu_num_cores=None,
trackio_space_id=trackio,
use_cpu=False,
use_legacy_prediction_loop=False,
use_liger_kernel=False,
use_mps_device=False,
warmup_ratio=0.0,
warmup_steps=0,
weight_decay=0.0,
)
[INFO|trainer.py:4643] 2025-11-20 06:51:00,295 >> 
***** Running Evaluation *****
[INFO|trainer.py:4643] 2025-11-20 06:51:00,295 >> 
***** Running Evaluation *****
[INFO|trainer.py:4645] 2025-11-20 06:51:00,296 >>   Num examples = 17778
[INFO|trainer.py:4645] 2025-11-20 06:51:00,296 >>   Num examples = 17778
[INFO|trainer.py:4648] 2025-11-20 06:51:00,297 >>   Batch size = 32
[INFO|trainer.py:4648] 2025-11-20 06:51:00,297 >>   Batch size = 32
[INFO|evaluation_funcs.py:69] 2025-11-20 06:51:19,131 >> Metrics: {'eval_loss': 0.6967786550521851, 'eval_model_preparation_time': 0.0025, 'eval_accuracy_branch1': 0.9506131173360333, 'eval_precision_branch1': 0.9519780003835417, 'eval_recall_branch1': 0.9441123015209868, 'eval_f1_branch1': 0.9474347353499475, 'eval_accuracy_branch2': 0.2688153898076274, 'eval_precision_branch2': 0.5, 'eval_recall_branch2': 0.1344076949038137, 'eval_f1_branch2': 0.21186327969144833, 'eval_lambda': 0.0, 'eval_tn_branch2': 0, 'eval_fp_branch2': 0, 'eval_fn_branch2': 12999, 'eval_tp_branch2': 4779, 'eval_loss_branch1': 0.0, 'eval_loss_branch2': 0.6967798471450806, 'eval_cm_branch1_actual0_pred0': 982, 'eval_cm_branch1_actual0_pred1': 2, 'eval_cm_branch1_actual0_pred2': 0, 'eval_cm_branch1_actual0_pred3': 0, 'eval_cm_branch1_actual0_pred4': 22, 'eval_cm_branch1_actual0_pred5': 12, 'eval_cm_branch1_actual0_pred6': 4, 'eval_cm_branch1_actual0_pred7': 0, 'eval_cm_branch1_actual0_pred8': 0, 'eval_cm_branch1_actual0_pred9': 14, 'eval_cm_branch1_actual0_pred10': 0, 'eval_cm_branch1_actual1_pred0': 1, 'eval_cm_branch1_actual1_pred1': 730, 'eval_cm_branch1_actual1_pred2': 36, 'eval_cm_branch1_actual1_pred3': 0, 'eval_cm_branch1_actual1_pred4': 12, 'eval_cm_branch1_actual1_pred5': 5, 'eval_cm_branch1_actual1_pred6': 0, 'eval_cm_branch1_actual1_pred7': 0, 'eval_cm_branch1_actual1_pred8': 0, 'eval_cm_branch1_actual1_pred9': 0, 'eval_cm_branch1_actual1_pred10': 0, 'eval_cm_branch1_actual2_pred0': 10, 'eval_cm_branch1_actual2_pred1': 4, 'eval_cm_branch1_actual2_pred2': 757, 'eval_cm_branch1_actual2_pred3': 0, 'eval_cm_branch1_actual2_pred4': 7, 'eval_cm_branch1_actual2_pred5': 15, 'eval_cm_branch1_actual2_pred6': 0, 'eval_cm_branch1_actual2_pred7': 0, 'eval_cm_branch1_actual2_pred8': 0, 'eval_cm_branch1_actual2_pred9': 0, 'eval_cm_branch1_actual2_pred10': 0, 'eval_cm_branch1_actual3_pred0': 0, 'eval_cm_branch1_actual3_pred1': 0, 'eval_cm_branch1_actual3_pred2': 0, 'eval_cm_branch1_actual3_pred3': 690, 'eval_cm_branch1_actual3_pred4': 0, 'eval_cm_branch1_actual3_pred5': 3, 'eval_cm_branch1_actual3_pred6': 13, 'eval_cm_branch1_actual3_pred7': 13, 'eval_cm_branch1_actual3_pred8': 0, 'eval_cm_branch1_actual3_pred9': 18, 'eval_cm_branch1_actual3_pred10': 48, 'eval_cm_branch1_actual4_pred0': 31, 'eval_cm_branch1_actual4_pred1': 0, 'eval_cm_branch1_actual4_pred2': 18, 'eval_cm_branch1_actual4_pred3': 0, 'eval_cm_branch1_actual4_pred4': 1762, 'eval_cm_branch1_actual4_pred5': 113, 'eval_cm_branch1_actual4_pred6': 0, 'eval_cm_branch1_actual4_pred7': 0, 'eval_cm_branch1_actual4_pred8': 0, 'eval_cm_branch1_actual4_pred9': 28, 'eval_cm_branch1_actual4_pred10': 112, 'eval_cm_branch1_actual5_pred0': 25, 'eval_cm_branch1_actual5_pred1': 0, 'eval_cm_branch1_actual5_pred2': 5, 'eval_cm_branch1_actual5_pred3': 0, 'eval_cm_branch1_actual5_pred4': 102, 'eval_cm_branch1_actual5_pred5': 1828, 'eval_cm_branch1_actual5_pred6': 0, 'eval_cm_branch1_actual5_pred7': 0, 'eval_cm_branch1_actual5_pred8': 0, 'eval_cm_branch1_actual5_pred9': 0, 'eval_cm_branch1_actual5_pred10': 5, 'eval_cm_branch1_actual6_pred0': 0, 'eval_cm_branch1_actual6_pred1': 0, 'eval_cm_branch1_actual6_pred2': 0, 'eval_cm_branch1_actual6_pred3': 0, 'eval_cm_branch1_actual6_pred4': 0, 'eval_cm_branch1_actual6_pred5': 0, 'eval_cm_branch1_actual6_pred6': 3281, 'eval_cm_branch1_actual6_pred7': 0, 'eval_cm_branch1_actual6_pred8': 4, 'eval_cm_branch1_actual6_pred9': 0, 'eval_cm_branch1_actual6_pred10': 0, 'eval_cm_branch1_actual7_pred0': 0, 'eval_cm_branch1_actual7_pred1': 0, 'eval_cm_branch1_actual7_pred2': 0, 'eval_cm_branch1_actual7_pred3': 0, 'eval_cm_branch1_actual7_pred4': 0, 'eval_cm_branch1_actual7_pred5': 0, 'eval_cm_branch1_actual7_pred6': 1, 'eval_cm_branch1_actual7_pred7': 1720, 'eval_cm_branch1_actual7_pred8': 0, 'eval_cm_branch1_actual7_pred9': 0, 'eval_cm_branch1_actual7_pred10': 26, 'eval_cm_branch1_actual8_pred0': 0, 'eval_cm_branch1_actual8_pred1': 0, 'eval_cm_branch1_actual8_pred2': 0, 'eval_cm_branch1_actual8_pred3': 0, 'eval_cm_branch1_actual8_pred4': 0, 'eval_cm_branch1_actual8_pred5': 0, 'eval_cm_branch1_actual8_pred6': 27, 'eval_cm_branch1_actual8_pred7': 0, 'eval_cm_branch1_actual8_pred8': 1786, 'eval_cm_branch1_actual8_pred9': 0, 'eval_cm_branch1_actual8_pred10': 0, 'eval_cm_branch1_actual9_pred0': 7, 'eval_cm_branch1_actual9_pred1': 0, 'eval_cm_branch1_actual9_pred2': 0, 'eval_cm_branch1_actual9_pred3': 0, 'eval_cm_branch1_actual9_pred4': 1, 'eval_cm_branch1_actual9_pred5': 2, 'eval_cm_branch1_actual9_pred6': 40, 'eval_cm_branch1_actual9_pred7': 0, 'eval_cm_branch1_actual9_pred8': 0, 'eval_cm_branch1_actual9_pred9': 1571, 'eval_cm_branch1_actual9_pred10': 1, 'eval_cm_branch1_actual10_pred0': 14, 'eval_cm_branch1_actual10_pred1': 0, 'eval_cm_branch1_actual10_pred2': 0, 'eval_cm_branch1_actual10_pred3': 6, 'eval_cm_branch1_actual10_pred4': 25, 'eval_cm_branch1_actual10_pred5': 3, 'eval_cm_branch1_actual10_pred6': 4, 'eval_cm_branch1_actual10_pred7': 12, 'eval_cm_branch1_actual10_pred8': 0, 'eval_cm_branch1_actual10_pred9': 27, 'eval_cm_branch1_actual10_pred10': 1793, 'eval_runtime': 18.833, 'eval_samples_per_second': 943.982, 'eval_steps_per_second': 29.523}
[INFO|evaluation_funcs.py:96] 2025-11-20 06:51:19,877 >> Instantiated model ResNet50DANN from /data/D21_training/parabolic_increasing_lambda_scheduler_fold_0_2025-11-19_07-47-48/final_model/model.safetensors. Summary:
ResNet50DANN(
  (resnet): ResNetModel(
    (embedder): ResNetEmbeddings(
      (embedder): ResNetConvLayer(
        (convolution): Conv2d(3, 64, kernel_size=(7, 7), stride=(2, 2), padding=(3, 3), bias=False)
        (normalization): BatchNorm2d(64, eps=1e-05, momentum=0.1, affine=True, track_running_stats=True)
        (activation): ReLU()
      )
      (pooler): MaxPool2d(kernel_size=3, stride=2, padding=1, dilation=1, ceil_mode=False)
    )
    (encoder): ResNetEncoder(
      (stages): ModuleList(
        (0): ResNetStage(
          (layers): Sequential(
            (0): ResNetBottleNeckLayer(
              (shortcut): ResNetShortCut(
                (convolution): Conv2d(64, 256, kernel_size=(1, 1), stride=(1, 1), bias=False)
                (normalization): BatchNorm2d(256, eps=1e-05, momentum=0.1, affine=True, track_running_stats=True)
              )
              (layer): Sequential(
                (0): ResNetConvLayer(
                  (convolution): Conv2d(64, 64, kernel_size=(1, 1), stride=(1, 1), bias=False)
                  (normalization): BatchNorm2d(64, eps=1e-05, momentum=0.1, affine=True, track_running_stats=True)
                  (activation): ReLU()
                )
                (1): ResNetConvLayer(
                  (convolution): Conv2d(64, 64, kernel_size=(3, 3), stride=(1, 1), padding=(1, 1), bias=False)
                  (normalization): BatchNorm2d(64, eps=1e-05, momentum=0.1, affine=True, track_running_stats=True)
                  (activation): ReLU()
                )
                (2): ResNetConvLayer(
                  (convolution): Conv2d(64, 256, kernel_size=(1, 1), stride=(1, 1), bias=False)
                  (normalization): BatchNorm2d(256, eps=1e-05, momentum=0.1, affine=True, track_running_stats=True)
                  (activation): Identity()
                )
              )
              (activation): ReLU()
            )
            (1): ResNetBottleNeckLayer(
              (shortcut): Identity()
              (layer): Sequential(
                (0): ResNetConvLayer(
                  (convolution): Conv2d(256, 64, kernel_size=(1, 1), stride=(1, 1), bias=False)
                  (normalization): BatchNorm2d(64, eps=1e-05, momentum=0.1, affine=True, track_running_stats=True)
                  (activation): ReLU()
                )
                (1): ResNetConvLayer(
                  (convolution): Conv2d(64, 64, kernel_size=(3, 3), stride=(1, 1), padding=(1, 1), bias=False)
                  (normalization): BatchNorm2d(64, eps=1e-05, momentum=0.1, affine=True, track_running_stats=True)
                  (activation): ReLU()
                )
                (2): ResNetConvLayer(
                  (convolution): Conv2d(64, 256, kernel_size=(1, 1), stride=(1, 1), bias=False)
                  (normalization): BatchNorm2d(256, eps=1e-05, momentum=0.1, affine=True, track_running_stats=True)
                  (activation): Identity()
                )
              )
              (activation): ReLU()
            )
            (2): ResNetBottleNeckLayer(
              (shortcut): Identity()
              (layer): Sequential(
                (0): ResNetConvLayer(
                  (convolution): Conv2d(256, 64, kernel_size=(1, 1), stride=(1, 1), bias=False)
                  (normalization): BatchNorm2d(64, eps=1e-05, momentum=0.1, affine=True, track_running_stats=True)
                  (activation): ReLU()
                )
                (1): ResNetConvLayer(
                  (convolution): Conv2d(64, 64, kernel_size=(3, 3), stride=(1, 1), padding=(1, 1), bias=False)
                  (normalization): BatchNorm2d(64, eps=1e-05, momentum=0.1, affine=True, track_running_stats=True)
                  (activation): ReLU()
                )
                (2): ResNetConvLayer(
                  (convolution): Conv2d(64, 256, kernel_size=(1, 1), stride=(1, 1), bias=False)
                  (normalization): BatchNorm2d(256, eps=1e-05, momentum=0.1, affine=True, track_running_stats=True)
                  (activation): Identity()
                )
              )
              (activation): ReLU()
            )
          )
        )
        (1): ResNetStage(
          (layers): Sequential(
            (0): ResNetBottleNeckLayer(
              (shortcut): ResNetShortCut(
                (convolution): Conv2d(256, 512, kernel_size=(1, 1), stride=(2, 2), bias=False)
                (normalization): BatchNorm2d(512, eps=1e-05, momentum=0.1, affine=True, track_running_stats=True)
              )
              (layer): Sequential(
                (0): ResNetConvLayer(
                  (convolution): Conv2d(256, 128, kernel_size=(1, 1), stride=(1, 1), bias=False)
                  (normalization): BatchNorm2d(128, eps=1e-05, momentum=0.1, affine=True, track_running_stats=True)
                  (activation): ReLU()
                )
                (1): ResNetConvLayer(
                  (convolution): Conv2d(128, 128, kernel_size=(3, 3), stride=(2, 2), padding=(1, 1), bias=False)
                  (normalization): BatchNorm2d(128, eps=1e-05, momentum=0.1, affine=True, track_running_stats=True)
                  (activation): ReLU()
                )
                (2): ResNetConvLayer(
                  (convolution): Conv2d(128, 512, kernel_size=(1, 1), stride=(1, 1), bias=False)
                  (normalization): BatchNorm2d(512, eps=1e-05, momentum=0.1, affine=True, track_running_stats=True)
                  (activation): Identity()
                )
              )
              (activation): ReLU()
            )
            (1): ResNetBottleNeckLayer(
              (shortcut): Identity()
              (layer): Sequential(
                (0): ResNetConvLayer(
                  (convolution): Conv2d(512, 128, kernel_size=(1, 1), stride=(1, 1), bias=False)
                  (normalization): BatchNorm2d(128, eps=1e-05, momentum=0.1, affine=True, track_running_stats=True)
                  (activation): ReLU()
                )
                (1): ResNetConvLayer(
                  (convolution): Conv2d(128, 128, kernel_size=(3, 3), stride=(1, 1), padding=(1, 1), bias=False)
                  (normalization): BatchNorm2d(128, eps=1e-05, momentum=0.1, affine=True, track_running_stats=True)
                  (activation): ReLU()
                )
                (2): ResNetConvLayer(
                  (convolution): Conv2d(128, 512, kernel_size=(1, 1), stride=(1, 1), bias=False)
                  (normalization): BatchNorm2d(512, eps=1e-05, momentum=0.1, affine=True, track_running_stats=True)
                  (activation): Identity()
                )
              )
              (activation): ReLU()
            )
            (2): ResNetBottleNeckLayer(
              (shortcut): Identity()
              (layer): Sequential(
                (0): ResNetConvLayer(
                  (convolution): Conv2d(512, 128, kernel_size=(1, 1), stride=(1, 1), bias=False)
                  (normalization): BatchNorm2d(128, eps=1e-05, momentum=0.1, affine=True, track_running_stats=True)
                  (activation): ReLU()
                )
                (1): ResNetConvLayer(
                  (convolution): Conv2d(128, 128, kernel_size=(3, 3), stride=(1, 1), padding=(1, 1), bias=False)
                  (normalization): BatchNorm2d(128, eps=1e-05, momentum=0.1, affine=True, track_running_stats=True)
                  (activation): ReLU()
                )
                (2): ResNetConvLayer(
                  (convolution): Conv2d(128, 512, kernel_size=(1, 1), stride=(1, 1), bias=False)
                  (normalization): BatchNorm2d(512, eps=1e-05, momentum=0.1, affine=True, track_running_stats=True)
                  (activation): Identity()
                )
              )
              (activation): ReLU()
            )
            (3): ResNetBottleNeckLayer(
              (shortcut): Identity()
              (layer): Sequential(
                (0): ResNetConvLayer(
                  (convolution): Conv2d(512, 128, kernel_size=(1, 1), stride=(1, 1), bias=False)
                  (normalization): BatchNorm2d(128, eps=1e-05, momentum=0.1, affine=True, track_running_stats=True)
                  (activation): ReLU()
                )
                (1): ResNetConvLayer(
                  (convolution): Conv2d(128, 128, kernel_size=(3, 3), stride=(1, 1), padding=(1, 1), bias=False)
                  (normalization): BatchNorm2d(128, eps=1e-05, momentum=0.1, affine=True, track_running_stats=True)
                  (activation): ReLU()
                )
                (2): ResNetConvLayer(
                  (convolution): Conv2d(128, 512, kernel_size=(1, 1), stride=(1, 1), bias=False)
                  (normalization): BatchNorm2d(512, eps=1e-05, momentum=0.1, affine=True, track_running_stats=True)
                  (activation): Identity()
                )
              )
              (activation): ReLU()
            )
          )
        )
        (2): ResNetStage(
          (layers): Sequential(
            (0): ResNetBottleNeckLayer(
              (shortcut): ResNetShortCut(
                (convolution): Conv2d(512, 1024, kernel_size=(1, 1), stride=(2, 2), bias=False)
                (normalization): BatchNorm2d(1024, eps=1e-05, momentum=0.1, affine=True, track_running_stats=True)
              )
              (layer): Sequential(
                (0): ResNetConvLayer(
                  (convolution): Conv2d(512, 256, kernel_size=(1, 1), stride=(1, 1), bias=False)
                  (normalization): BatchNorm2d(256, eps=1e-05, momentum=0.1, affine=True, track_running_stats=True)
                  (activation): ReLU()
                )
                (1): ResNetConvLayer(
                  (convolution): Conv2d(256, 256, kernel_size=(3, 3), stride=(2, 2), padding=(1, 1), bias=False)
                  (normalization): BatchNorm2d(256, eps=1e-05, momentum=0.1, affine=True, track_running_stats=True)
                  (activation): ReLU()
                )
                (2): ResNetConvLayer(
                  (convolution): Conv2d(256, 1024, kernel_size=(1, 1), stride=(1, 1), bias=False)
                  (normalization): BatchNorm2d(1024, eps=1e-05, momentum=0.1, affine=True, track_running_stats=True)
                  (activation): Identity()
                )
              )
              (activation): ReLU()
            )
            (1): ResNetBottleNeckLayer(
              (shortcut): Identity()
              (layer): Sequential(
                (0): ResNetConvLayer(
                  (convolution): Conv2d(1024, 256, kernel_size=(1, 1), stride=(1, 1), bias=False)
                  (normalization): BatchNorm2d(256, eps=1e-05, momentum=0.1, affine=True, track_running_stats=True)
                  (activation): ReLU()
                )
                (1): ResNetConvLayer(
                  (convolution): Conv2d(256, 256, kernel_size=(3, 3), stride=(1, 1), padding=(1, 1), bias=False)
                  (normalization): BatchNorm2d(256, eps=1e-05, momentum=0.1, affine=True, track_running_stats=True)
                  (activation): ReLU()
                )
                (2): ResNetConvLayer(
                  (convolution): Conv2d(256, 1024, kernel_size=(1, 1), stride=(1, 1), bias=False)
                  (normalization): BatchNorm2d(1024, eps=1e-05, momentum=0.1, affine=True, track_running_stats=True)
                  (activation): Identity()
                )
              )
              (activation): ReLU()
            )
            (2): ResNetBottleNeckLayer(
              (shortcut): Identity()
              (layer): Sequential(
                (0): ResNetConvLayer(
                  (convolution): Conv2d(1024, 256, kernel_size=(1, 1), stride=(1, 1), bias=False)
                  (normalization): BatchNorm2d(256, eps=1e-05, momentum=0.1, affine=True, track_running_stats=True)
                  (activation): ReLU()
                )
                (1): ResNetConvLayer(
                  (convolution): Conv2d(256, 256, kernel_size=(3, 3), stride=(1, 1), padding=(1, 1), bias=False)
                  (normalization): BatchNorm2d(256, eps=1e-05, momentum=0.1, affine=True, track_running_stats=True)
                  (activation): ReLU()
                )
                (2): ResNetConvLayer(
                  (convolution): Conv2d(256, 1024, kernel_size=(1, 1), stride=(1, 1), bias=False)
                  (normalization): BatchNorm2d(1024, eps=1e-05, momentum=0.1, affine=True, track_running_stats=True)
                  (activation): Identity()
                )
              )
              (activation): ReLU()
            )
            (3): ResNetBottleNeckLayer(
              (shortcut): Identity()
              (layer): Sequential(
                (0): ResNetConvLayer(
                  (convolution): Conv2d(1024, 256, kernel_size=(1, 1), stride=(1, 1), bias=False)
                  (normalization): BatchNorm2d(256, eps=1e-05, momentum=0.1, affine=True, track_running_stats=True)
                  (activation): ReLU()
                )
                (1): ResNetConvLayer(
                  (convolution): Conv2d(256, 256, kernel_size=(3, 3), stride=(1, 1), padding=(1, 1), bias=False)
                  (normalization): BatchNorm2d(256, eps=1e-05, momentum=0.1, affine=True, track_running_stats=True)
                  (activation): ReLU()
                )
                (2): ResNetConvLayer(
                  (convolution): Conv2d(256, 1024, kernel_size=(1, 1), stride=(1, 1), bias=False)
                  (normalization): BatchNorm2d(1024, eps=1e-05, momentum=0.1, affine=True, track_running_stats=True)
                  (activation): Identity()
                )
              )
              (activation): ReLU()
            )
            (4): ResNetBottleNeckLayer(
              (shortcut): Identity()
              (layer): Sequential(
                (0): ResNetConvLayer(
                  (convolution): Conv2d(1024, 256, kernel_size=(1, 1), stride=(1, 1), bias=False)
                  (normalization): BatchNorm2d(256, eps=1e-05, momentum=0.1, affine=True, track_running_stats=True)
                  (activation): ReLU()
                )
                (1): ResNetConvLayer(
                  (convolution): Conv2d(256, 256, kernel_size=(3, 3), stride=(1, 1), padding=(1, 1), bias=False)
                  (normalization): BatchNorm2d(256, eps=1e-05, momentum=0.1, affine=True, track_running_stats=True)
                  (activation): ReLU()
                )
                (2): ResNetConvLayer(
                  (convolution): Conv2d(256, 1024, kernel_size=(1, 1), stride=(1, 1), bias=False)
                  (normalization): BatchNorm2d(1024, eps=1e-05, momentum=0.1, affine=True, track_running_stats=True)
                  (activation): Identity()
                )
              )
              (activation): ReLU()
            )
            (5): ResNetBottleNeckLayer(
              (shortcut): Identity()
              (layer): Sequential(
                (0): ResNetConvLayer(
                  (convolution): Conv2d(1024, 256, kernel_size=(1, 1), stride=(1, 1), bias=False)
                  (normalization): BatchNorm2d(256, eps=1e-05, momentum=0.1, affine=True, track_running_stats=True)
                  (activation): ReLU()
                )
                (1): ResNetConvLayer(
                  (convolution): Conv2d(256, 256, kernel_size=(3, 3), stride=(1, 1), padding=(1, 1), bias=False)
                  (normalization): BatchNorm2d(256, eps=1e-05, momentum=0.1, affine=True, track_running_stats=True)
                  (activation): ReLU()
                )
                (2): ResNetConvLayer(
                  (convolution): Conv2d(256, 1024, kernel_size=(1, 1), stride=(1, 1), bias=False)
                  (normalization): BatchNorm2d(1024, eps=1e-05, momentum=0.1, affine=True, track_running_stats=True)
                  (activation): Identity()
                )
              )
              (activation): ReLU()
            )
          )
        )
        (3): ResNetStage(
          (layers): Sequential(
            (0): ResNetBottleNeckLayer(
              (shortcut): ResNetShortCut(
                (convolution): Conv2d(1024, 2048, kernel_size=(1, 1), stride=(2, 2), bias=False)
                (normalization): BatchNorm2d(2048, eps=1e-05, momentum=0.1, affine=True, track_running_stats=True)
              )
              (layer): Sequential(
                (0): ResNetConvLayer(
                  (convolution): Conv2d(1024, 512, kernel_size=(1, 1), stride=(1, 1), bias=False)
                  (normalization): BatchNorm2d(512, eps=1e-05, momentum=0.1, affine=True, track_running_stats=True)
                  (activation): ReLU()
                )
                (1): ResNetConvLayer(
                  (convolution): Conv2d(512, 512, kernel_size=(3, 3), stride=(2, 2), padding=(1, 1), bias=False)
                  (normalization): BatchNorm2d(512, eps=1e-05, momentum=0.1, affine=True, track_running_stats=True)
                  (activation): ReLU()
                )
                (2): ResNetConvLayer(
                  (convolution): Conv2d(512, 2048, kernel_size=(1, 1), stride=(1, 1), bias=False)
                  (normalization): BatchNorm2d(2048, eps=1e-05, momentum=0.1, affine=True, track_running_stats=True)
                  (activation): Identity()
                )
              )
              (activation): ReLU()
            )
            (1): ResNetBottleNeckLayer(
              (shortcut): Identity()
              (layer): Sequential(
                (0): ResNetConvLayer(
                  (convolution): Conv2d(2048, 512, kernel_size=(1, 1), stride=(1, 1), bias=False)
                  (normalization): BatchNorm2d(512, eps=1e-05, momentum=0.1, affine=True, track_running_stats=True)
                  (activation): ReLU()
                )
                (1): ResNetConvLayer(
                  (convolution): Conv2d(512, 512, kernel_size=(3, 3), stride=(1, 1), padding=(1, 1), bias=False)
                  (normalization): BatchNorm2d(512, eps=1e-05, momentum=0.1, affine=True, track_running_stats=True)
                  (activation): ReLU()
                )
                (2): ResNetConvLayer(
                  (convolution): Conv2d(512, 2048, kernel_size=(1, 1), stride=(1, 1), bias=False)
                  (normalization): BatchNorm2d(2048, eps=1e-05, momentum=0.1, affine=True, track_running_stats=True)
                  (activation): Identity()
                )
              )
              (activation): ReLU()
            )
            (2): ResNetBottleNeckLayer(
              (shortcut): Identity()
              (layer): Sequential(
                (0): ResNetConvLayer(
                  (convolution): Conv2d(2048, 512, kernel_size=(1, 1), stride=(1, 1), bias=False)
                  (normalization): BatchNorm2d(512, eps=1e-05, momentum=0.1, affine=True, track_running_stats=True)
                  (activation): ReLU()
                )
                (1): ResNetConvLayer(
                  (convolution): Conv2d(512, 512, kernel_size=(3, 3), stride=(1, 1), padding=(1, 1), bias=False)
                  (normalization): BatchNorm2d(512, eps=1e-05, momentum=0.1, affine=True, track_running_stats=True)
                  (activation): ReLU()
                )
                (2): ResNetConvLayer(
                  (convolution): Conv2d(512, 2048, kernel_size=(1, 1), stride=(1, 1), bias=False)
                  (normalization): BatchNorm2d(2048, eps=1e-05, momentum=0.1, affine=True, track_running_stats=True)
                  (activation): Identity()
                )
              )
              (activation): ReLU()
            )
          )
        )
      )
    )
    (pooler): AdaptiveAvgPool2d(output_size=(1, 1))
  )
  (pre_branch): Sequential(
    (0): Flatten(start_dim=1, end_dim=-1)
    (1): Linear(in_features=2048, out_features=512, bias=True)
    (2): ReLU()
    (3): Dropout(p=0.5, inplace=False)
  )
  (branch1): Linear(in_features=512, out_features=11, bias=True)
  (loss_fn): MaskedDomainAdversarialLoss(
    (branch1_loss_fn): InstanceWeightedCrossEntropyLoss(
      (base_loss): CrossEntropyLoss()
    )
    (branch2_loss_fn): BCEWithLogitsLoss()
  )
  (grad_reverse): GradientReversal()
  (branch2): Sequential(
    (0): GradientReversal()
    (1): Linear(in_features=512, out_features=1, bias=True)
  )
)
[INFO|evaluation_funcs.py:99] 2025-11-20 06:51:19,878 >> Beginning evaluation of fold 0 (#1 out of 1)
[INFO|evaluation_funcs.py:107] 2025-11-20 06:51:36,750 >> Instantiated eval dataset TwoLabelDataset, length 17778, which is file /data/DG_Test_set/test_dataset_original.npz
[INFO|training_args.py:1598] 2025-11-20 06:51:36,752 >> No output directory specified, defaulting to 'trainer_output'. To change this behavior, specify --output_dir when creating TrainingArguments.
[INFO|training_args.py:1598] 2025-11-20 06:51:36,752 >> No output directory specified, defaulting to 'trainer_output'. To change this behavior, specify --output_dir when creating TrainingArguments.
[INFO|training_args.py:2222] 2025-11-20 06:51:36,753 >> PyTorch: setting up devices
[INFO|training_args.py:2222] 2025-11-20 06:51:36,753 >> PyTorch: setting up devices
[INFO|evaluation_funcs.py:55] 2025-11-20 06:51:36,800 >> TrainingArguments(
_n_gpu=1,
accelerator_config={'split_batches': False, 'dispatch_batches': None, 'even_batches': True, 'use_seedable_sampler': True, 'non_blocking': False, 'gradient_accumulation_kwargs': None, 'use_configured_state': False},
adafactor=False,
adam_beta1=0.9,
adam_beta2=0.999,
adam_epsilon=1e-08,
auto_find_batch_size=False,
average_tokens_across_devices=True,
batch_eval_metrics=False,
bf16=False,
bf16_full_eval=False,
data_seed=None,
dataloader_drop_last=False,
dataloader_num_workers=0,
dataloader_persistent_workers=False,
dataloader_pin_memory=False,
dataloader_prefetch_factor=None,
ddp_backend=None,
ddp_broadcast_buffers=None,
ddp_bucket_cap_mb=None,
ddp_find_unused_parameters=None,
ddp_timeout=1800,
debug=[],
deepspeed=None,
disable_tqdm=False,
do_eval=False,
do_predict=False,
do_train=False,
eval_accumulation_steps=None,
eval_delay=0,
eval_do_concat_batches=True,
eval_on_start=False,
eval_steps=None,
eval_strategy=IntervalStrategy.NO,
eval_use_gather_object=False,
fp16=False,
fp16_backend=auto,
fp16_full_eval=False,
fp16_opt_level=O1,
fsdp=[],
fsdp_config={'min_num_params': 0, 'xla': False, 'xla_fsdp_v2': False, 'xla_fsdp_grad_ckpt': False},
fsdp_min_num_params=0,
fsdp_transformer_layer_cls_to_wrap=None,
full_determinism=False,
gradient_accumulation_steps=1,
gradient_checkpointing=False,
gradient_checkpointing_kwargs=None,
greater_is_better=None,
group_by_length=False,
half_precision_backend=auto,
hub_always_push=False,
hub_model_id=None,
hub_private_repo=None,
hub_revision=None,
hub_strategy=HubStrategy.EVERY_SAVE,
hub_token=<HUB_TOKEN>,
ignore_data_skip=False,
include_for_metrics=[],
include_inputs_for_metrics=False,
include_num_input_tokens_seen=no,
include_tokens_per_second=False,
jit_mode_eval=False,
label_names=None,
label_smoothing_factor=0.0,
learning_rate=5e-05,
length_column_name=length,
liger_kernel_config=None,
load_best_model_at_end=False,
local_rank=0,
log_level=passive,
log_level_replica=warning,
log_on_each_node=True,
logging_dir=trainer_output/runs/Nov20_06-51-36_c0d8d6395f10,
logging_first_step=False,
logging_nan_inf_filter=True,
logging_steps=500,
logging_strategy=IntervalStrategy.STEPS,
lr_scheduler_kwargs={},
lr_scheduler_type=SchedulerType.LINEAR,
max_grad_norm=1.0,
max_steps=-1,
metric_for_best_model=None,
mp_parameters=,
neftune_noise_alpha=None,
no_cuda=False,
num_train_epochs=3.0,
optim=OptimizerNames.ADAMW_TORCH,
optim_args=None,
optim_target_modules=None,
output_dir=trainer_output,
overwrite_output_dir=False,
parallelism_config=None,
past_index=-1,
per_device_eval_batch_size=32,
per_device_train_batch_size=8,
prediction_loss_only=False,
project=huggingface,
push_to_hub=False,
push_to_hub_model_id=None,
push_to_hub_organization=None,
push_to_hub_token=<PUSH_TO_HUB_TOKEN>,
ray_scope=last,
remove_unused_columns=True,
report_to=[],
restore_callback_states_from_checkpoint=False,
resume_from_checkpoint=None,
run_name=None,
save_on_each_node=False,
save_only_model=False,
save_safetensors=True,
save_steps=500,
save_strategy=SaveStrategy.STEPS,
save_total_limit=None,
seed=42,
skip_memory_metrics=True,
tf32=None,
torch_compile=False,
torch_compile_backend=None,
torch_compile_mode=None,
torch_empty_cache_steps=None,
torchdynamo=None,
tpu_metrics_debug=False,
tpu_num_cores=None,
trackio_space_id=trackio,
use_cpu=False,
use_legacy_prediction_loop=False,
use_liger_kernel=False,
use_mps_device=False,
warmup_ratio=0.0,
warmup_steps=0,
weight_decay=0.0,
)
[INFO|trainer.py:4643] 2025-11-20 06:51:36,938 >> 
***** Running Evaluation *****
[INFO|trainer.py:4643] 2025-11-20 06:51:36,938 >> 
***** Running Evaluation *****
[INFO|trainer.py:4645] 2025-11-20 06:51:36,939 >>   Num examples = 17778
[INFO|trainer.py:4645] 2025-11-20 06:51:36,939 >>   Num examples = 17778
[INFO|trainer.py:4648] 2025-11-20 06:51:36,940 >>   Batch size = 32
[INFO|trainer.py:4648] 2025-11-20 06:51:36,940 >>   Batch size = 32
[INFO|evaluation_funcs.py:69] 2025-11-20 06:51:55,900 >> Metrics: {'eval_loss': 0.6954856514930725, 'eval_model_preparation_time': 0.0023, 'eval_accuracy_branch1': 0.9524693441331983, 'eval_precision_branch1': 0.9532533542141277, 'eval_recall_branch1': 0.9446186117704509, 'eval_f1_branch1': 0.9484406242595912, 'eval_accuracy_branch2': 0.3991450106873664, 'eval_precision_branch2': 0.5, 'eval_recall_branch2': 0.1995725053436832, 'eval_f1_branch2': 0.2852778001125673, 'eval_lambda': 0.0, 'eval_tn_branch2': 0, 'eval_fp_branch2': 0, 'eval_fn_branch2': 10682, 'eval_tp_branch2': 7096, 'eval_loss_branch1': 0.0, 'eval_loss_branch2': 0.6954848170280457, 'eval_cm_branch1_actual0_pred0': 951, 'eval_cm_branch1_actual0_pred1': 5, 'eval_cm_branch1_actual0_pred2': 1, 'eval_cm_branch1_actual0_pred3': 0, 'eval_cm_branch1_actual0_pred4': 42, 'eval_cm_branch1_actual0_pred5': 25, 'eval_cm_branch1_actual0_pred6': 0, 'eval_cm_branch1_actual0_pred7': 0, 'eval_cm_branch1_actual0_pred8': 0, 'eval_cm_branch1_actual0_pred9': 11, 'eval_cm_branch1_actual0_pred10': 1, 'eval_cm_branch1_actual1_pred0': 0, 'eval_cm_branch1_actual1_pred1': 729, 'eval_cm_branch1_actual1_pred2': 39, 'eval_cm_branch1_actual1_pred3': 0, 'eval_cm_branch1_actual1_pred4': 7, 'eval_cm_branch1_actual1_pred5': 9, 'eval_cm_branch1_actual1_pred6': 0, 'eval_cm_branch1_actual1_pred7': 0, 'eval_cm_branch1_actual1_pred8': 0, 'eval_cm_branch1_actual1_pred9': 0, 'eval_cm_branch1_actual1_pred10': 0, 'eval_cm_branch1_actual2_pred0': 0, 'eval_cm_branch1_actual2_pred1': 10, 'eval_cm_branch1_actual2_pred2': 762, 'eval_cm_branch1_actual2_pred3': 0, 'eval_cm_branch1_actual2_pred4': 6, 'eval_cm_branch1_actual2_pred5': 15, 'eval_cm_branch1_actual2_pred6': 0, 'eval_cm_branch1_actual2_pred7': 0, 'eval_cm_branch1_actual2_pred8': 0, 'eval_cm_branch1_actual2_pred9': 0, 'eval_cm_branch1_actual2_pred10': 0, 'eval_cm_branch1_actual3_pred0': 4, 'eval_cm_branch1_actual3_pred1': 0, 'eval_cm_branch1_actual3_pred2': 0, 'eval_cm_branch1_actual3_pred3': 685, 'eval_cm_branch1_actual3_pred4': 21, 'eval_cm_branch1_actual3_pred5': 11, 'eval_cm_branch1_actual3_pred6': 2, 'eval_cm_branch1_actual3_pred7': 13, 'eval_cm_branch1_actual3_pred8': 0, 'eval_cm_branch1_actual3_pred9': 17, 'eval_cm_branch1_actual3_pred10': 32, 'eval_cm_branch1_actual4_pred0': 18, 'eval_cm_branch1_actual4_pred1': 2, 'eval_cm_branch1_actual4_pred2': 4, 'eval_cm_branch1_actual4_pred3': 0, 'eval_cm_branch1_actual4_pred4': 1812, 'eval_cm_branch1_actual4_pred5': 128, 'eval_cm_branch1_actual4_pred6': 0, 'eval_cm_branch1_actual4_pred7': 0, 'eval_cm_branch1_actual4_pred8': 0, 'eval_cm_branch1_actual4_pred9': 28, 'eval_cm_branch1_actual4_pred10': 72, 'eval_cm_branch1_actual5_pred0': 12, 'eval_cm_branch1_actual5_pred1': 0, 'eval_cm_branch1_actual5_pred2': 7, 'eval_cm_branch1_actual5_pred3': 0, 'eval_cm_branch1_actual5_pred4': 104, 'eval_cm_branch1_actual5_pred5': 1835, 'eval_cm_branch1_actual5_pred6': 0, 'eval_cm_branch1_actual5_pred7': 0, 'eval_cm_branch1_actual5_pred8': 0, 'eval_cm_branch1_actual5_pred9': 0, 'eval_cm_branch1_actual5_pred10': 7, 'eval_cm_branch1_actual6_pred0': 0, 'eval_cm_branch1_actual6_pred1': 0, 'eval_cm_branch1_actual6_pred2': 0, 'eval_cm_branch1_actual6_pred3': 0, 'eval_cm_branch1_actual6_pred4': 0, 'eval_cm_branch1_actual6_pred5': 3, 'eval_cm_branch1_actual6_pred6': 3262, 'eval_cm_branch1_actual6_pred7': 0, 'eval_cm_branch1_actual6_pred8': 20, 'eval_cm_branch1_actual6_pred9': 0, 'eval_cm_branch1_actual6_pred10': 0, 'eval_cm_branch1_actual7_pred0': 0, 'eval_cm_branch1_actual7_pred1': 0, 'eval_cm_branch1_actual7_pred2': 0, 'eval_cm_branch1_actual7_pred3': 0, 'eval_cm_branch1_actual7_pred4': 0, 'eval_cm_branch1_actual7_pred5': 0, 'eval_cm_branch1_actual7_pred6': 0, 'eval_cm_branch1_actual7_pred7': 1742, 'eval_cm_branch1_actual7_pred8': 0, 'eval_cm_branch1_actual7_pred9': 0, 'eval_cm_branch1_actual7_pred10': 5, 'eval_cm_branch1_actual8_pred0': 1, 'eval_cm_branch1_actual8_pred1': 0, 'eval_cm_branch1_actual8_pred2': 0, 'eval_cm_branch1_actual8_pred3': 0, 'eval_cm_branch1_actual8_pred4': 0, 'eval_cm_branch1_actual8_pred5': 0, 'eval_cm_branch1_actual8_pred6': 9, 'eval_cm_branch1_actual8_pred7': 0, 'eval_cm_branch1_actual8_pred8': 1803, 'eval_cm_branch1_actual8_pred9': 0, 'eval_cm_branch1_actual8_pred10': 0, 'eval_cm_branch1_actual9_pred0': 14, 'eval_cm_branch1_actual9_pred1': 0, 'eval_cm_branch1_actual9_pred2': 0, 'eval_cm_branch1_actual9_pred3': 0, 'eval_cm_branch1_actual9_pred4': 13, 'eval_cm_branch1_actual9_pred5': 10, 'eval_cm_branch1_actual9_pred6': 7, 'eval_cm_branch1_actual9_pred7': 0, 'eval_cm_branch1_actual9_pred8': 0, 'eval_cm_branch1_actual9_pred9': 1562, 'eval_cm_branch1_actual9_pred10': 16, 'eval_cm_branch1_actual10_pred0': 19, 'eval_cm_branch1_actual10_pred1': 0, 'eval_cm_branch1_actual10_pred2': 0, 'eval_cm_branch1_actual10_pred3': 3, 'eval_cm_branch1_actual10_pred4': 32, 'eval_cm_branch1_actual10_pred5': 10, 'eval_cm_branch1_actual10_pred6': 2, 'eval_cm_branch1_actual10_pred7': 24, 'eval_cm_branch1_actual10_pred8': 0, 'eval_cm_branch1_actual10_pred9': 4, 'eval_cm_branch1_actual10_pred10': 1790, 'eval_runtime': 18.9591, 'eval_samples_per_second': 937.703, 'eval_steps_per_second': 29.326}
[INFO|evaluation_funcs.py:96] 2025-11-20 06:51:56,615 >> Instantiated model ResNet50DANN from /data/D21_training/parabolic_increasing_lambda_scheduler_fold_0_2025-11-19_10-32-53/final_model/model.safetensors. Summary:
ResNet50DANN(
  (resnet): ResNetModel(
    (embedder): ResNetEmbeddings(
      (embedder): ResNetConvLayer(
        (convolution): Conv2d(3, 64, kernel_size=(7, 7), stride=(2, 2), padding=(3, 3), bias=False)
        (normalization): BatchNorm2d(64, eps=1e-05, momentum=0.1, affine=True, track_running_stats=True)
        (activation): ReLU()
      )
      (pooler): MaxPool2d(kernel_size=3, stride=2, padding=1, dilation=1, ceil_mode=False)
    )
    (encoder): ResNetEncoder(
      (stages): ModuleList(
        (0): ResNetStage(
          (layers): Sequential(
            (0): ResNetBottleNeckLayer(
              (shortcut): ResNetShortCut(
                (convolution): Conv2d(64, 256, kernel_size=(1, 1), stride=(1, 1), bias=False)
                (normalization): BatchNorm2d(256, eps=1e-05, momentum=0.1, affine=True, track_running_stats=True)
              )
              (layer): Sequential(
                (0): ResNetConvLayer(
                  (convolution): Conv2d(64, 64, kernel_size=(1, 1), stride=(1, 1), bias=False)
                  (normalization): BatchNorm2d(64, eps=1e-05, momentum=0.1, affine=True, track_running_stats=True)
                  (activation): ReLU()
                )
                (1): ResNetConvLayer(
                  (convolution): Conv2d(64, 64, kernel_size=(3, 3), stride=(1, 1), padding=(1, 1), bias=False)
                  (normalization): BatchNorm2d(64, eps=1e-05, momentum=0.1, affine=True, track_running_stats=True)
                  (activation): ReLU()
                )
                (2): ResNetConvLayer(
                  (convolution): Conv2d(64, 256, kernel_size=(1, 1), stride=(1, 1), bias=False)
                  (normalization): BatchNorm2d(256, eps=1e-05, momentum=0.1, affine=True, track_running_stats=True)
                  (activation): Identity()
                )
              )
              (activation): ReLU()
            )
            (1): ResNetBottleNeckLayer(
              (shortcut): Identity()
              (layer): Sequential(
                (0): ResNetConvLayer(
                  (convolution): Conv2d(256, 64, kernel_size=(1, 1), stride=(1, 1), bias=False)
                  (normalization): BatchNorm2d(64, eps=1e-05, momentum=0.1, affine=True, track_running_stats=True)
                  (activation): ReLU()
                )
                (1): ResNetConvLayer(
                  (convolution): Conv2d(64, 64, kernel_size=(3, 3), stride=(1, 1), padding=(1, 1), bias=False)
                  (normalization): BatchNorm2d(64, eps=1e-05, momentum=0.1, affine=True, track_running_stats=True)
                  (activation): ReLU()
                )
                (2): ResNetConvLayer(
                  (convolution): Conv2d(64, 256, kernel_size=(1, 1), stride=(1, 1), bias=False)
                  (normalization): BatchNorm2d(256, eps=1e-05, momentum=0.1, affine=True, track_running_stats=True)
                  (activation): Identity()
                )
              )
              (activation): ReLU()
            )
            (2): ResNetBottleNeckLayer(
              (shortcut): Identity()
              (layer): Sequential(
                (0): ResNetConvLayer(
                  (convolution): Conv2d(256, 64, kernel_size=(1, 1), stride=(1, 1), bias=False)
                  (normalization): BatchNorm2d(64, eps=1e-05, momentum=0.1, affine=True, track_running_stats=True)
                  (activation): ReLU()
                )
                (1): ResNetConvLayer(
                  (convolution): Conv2d(64, 64, kernel_size=(3, 3), stride=(1, 1), padding=(1, 1), bias=False)
                  (normalization): BatchNorm2d(64, eps=1e-05, momentum=0.1, affine=True, track_running_stats=True)
                  (activation): ReLU()
                )
                (2): ResNetConvLayer(
                  (convolution): Conv2d(64, 256, kernel_size=(1, 1), stride=(1, 1), bias=False)
                  (normalization): BatchNorm2d(256, eps=1e-05, momentum=0.1, affine=True, track_running_stats=True)
                  (activation): Identity()
                )
              )
              (activation): ReLU()
            )
          )
        )
        (1): ResNetStage(
          (layers): Sequential(
            (0): ResNetBottleNeckLayer(
              (shortcut): ResNetShortCut(
                (convolution): Conv2d(256, 512, kernel_size=(1, 1), stride=(2, 2), bias=False)
                (normalization): BatchNorm2d(512, eps=1e-05, momentum=0.1, affine=True, track_running_stats=True)
              )
              (layer): Sequential(
                (0): ResNetConvLayer(
                  (convolution): Conv2d(256, 128, kernel_size=(1, 1), stride=(1, 1), bias=False)
                  (normalization): BatchNorm2d(128, eps=1e-05, momentum=0.1, affine=True, track_running_stats=True)
                  (activation): ReLU()
                )
                (1): ResNetConvLayer(
                  (convolution): Conv2d(128, 128, kernel_size=(3, 3), stride=(2, 2), padding=(1, 1), bias=False)
                  (normalization): BatchNorm2d(128, eps=1e-05, momentum=0.1, affine=True, track_running_stats=True)
                  (activation): ReLU()
                )
                (2): ResNetConvLayer(
                  (convolution): Conv2d(128, 512, kernel_size=(1, 1), stride=(1, 1), bias=False)
                  (normalization): BatchNorm2d(512, eps=1e-05, momentum=0.1, affine=True, track_running_stats=True)
                  (activation): Identity()
                )
              )
              (activation): ReLU()
            )
            (1): ResNetBottleNeckLayer(
              (shortcut): Identity()
              (layer): Sequential(
                (0): ResNetConvLayer(
                  (convolution): Conv2d(512, 128, kernel_size=(1, 1), stride=(1, 1), bias=False)
                  (normalization): BatchNorm2d(128, eps=1e-05, momentum=0.1, affine=True, track_running_stats=True)
                  (activation): ReLU()
                )
                (1): ResNetConvLayer(
                  (convolution): Conv2d(128, 128, kernel_size=(3, 3), stride=(1, 1), padding=(1, 1), bias=False)
                  (normalization): BatchNorm2d(128, eps=1e-05, momentum=0.1, affine=True, track_running_stats=True)
                  (activation): ReLU()
                )
                (2): ResNetConvLayer(
                  (convolution): Conv2d(128, 512, kernel_size=(1, 1), stride=(1, 1), bias=False)
                  (normalization): BatchNorm2d(512, eps=1e-05, momentum=0.1, affine=True, track_running_stats=True)
                  (activation): Identity()
                )
              )
              (activation): ReLU()
            )
            (2): ResNetBottleNeckLayer(
              (shortcut): Identity()
              (layer): Sequential(
                (0): ResNetConvLayer(
                  (convolution): Conv2d(512, 128, kernel_size=(1, 1), stride=(1, 1), bias=False)
                  (normalization): BatchNorm2d(128, eps=1e-05, momentum=0.1, affine=True, track_running_stats=True)
                  (activation): ReLU()
                )
                (1): ResNetConvLayer(
                  (convolution): Conv2d(128, 128, kernel_size=(3, 3), stride=(1, 1), padding=(1, 1), bias=False)
                  (normalization): BatchNorm2d(128, eps=1e-05, momentum=0.1, affine=True, track_running_stats=True)
                  (activation): ReLU()
                )
                (2): ResNetConvLayer(
                  (convolution): Conv2d(128, 512, kernel_size=(1, 1), stride=(1, 1), bias=False)
                  (normalization): BatchNorm2d(512, eps=1e-05, momentum=0.1, affine=True, track_running_stats=True)
                  (activation): Identity()
                )
              )
              (activation): ReLU()
            )
            (3): ResNetBottleNeckLayer(
              (shortcut): Identity()
              (layer): Sequential(
                (0): ResNetConvLayer(
                  (convolution): Conv2d(512, 128, kernel_size=(1, 1), stride=(1, 1), bias=False)
                  (normalization): BatchNorm2d(128, eps=1e-05, momentum=0.1, affine=True, track_running_stats=True)
                  (activation): ReLU()
                )
                (1): ResNetConvLayer(
                  (convolution): Conv2d(128, 128, kernel_size=(3, 3), stride=(1, 1), padding=(1, 1), bias=False)
                  (normalization): BatchNorm2d(128, eps=1e-05, momentum=0.1, affine=True, track_running_stats=True)
                  (activation): ReLU()
                )
                (2): ResNetConvLayer(
                  (convolution): Conv2d(128, 512, kernel_size=(1, 1), stride=(1, 1), bias=False)
                  (normalization): BatchNorm2d(512, eps=1e-05, momentum=0.1, affine=True, track_running_stats=True)
                  (activation): Identity()
                )
              )
              (activation): ReLU()
            )
          )
        )
        (2): ResNetStage(
          (layers): Sequential(
            (0): ResNetBottleNeckLayer(
              (shortcut): ResNetShortCut(
                (convolution): Conv2d(512, 1024, kernel_size=(1, 1), stride=(2, 2), bias=False)
                (normalization): BatchNorm2d(1024, eps=1e-05, momentum=0.1, affine=True, track_running_stats=True)
              )
              (layer): Sequential(
                (0): ResNetConvLayer(
                  (convolution): Conv2d(512, 256, kernel_size=(1, 1), stride=(1, 1), bias=False)
                  (normalization): BatchNorm2d(256, eps=1e-05, momentum=0.1, affine=True, track_running_stats=True)
                  (activation): ReLU()
                )
                (1): ResNetConvLayer(
                  (convolution): Conv2d(256, 256, kernel_size=(3, 3), stride=(2, 2), padding=(1, 1), bias=False)
                  (normalization): BatchNorm2d(256, eps=1e-05, momentum=0.1, affine=True, track_running_stats=True)
                  (activation): ReLU()
                )
                (2): ResNetConvLayer(
                  (convolution): Conv2d(256, 1024, kernel_size=(1, 1), stride=(1, 1), bias=False)
                  (normalization): BatchNorm2d(1024, eps=1e-05, momentum=0.1, affine=True, track_running_stats=True)
                  (activation): Identity()
                )
              )
              (activation): ReLU()
            )
            (1): ResNetBottleNeckLayer(
              (shortcut): Identity()
              (layer): Sequential(
                (0): ResNetConvLayer(
                  (convolution): Conv2d(1024, 256, kernel_size=(1, 1), stride=(1, 1), bias=False)
                  (normalization): BatchNorm2d(256, eps=1e-05, momentum=0.1, affine=True, track_running_stats=True)
                  (activation): ReLU()
                )
                (1): ResNetConvLayer(
                  (convolution): Conv2d(256, 256, kernel_size=(3, 3), stride=(1, 1), padding=(1, 1), bias=False)
                  (normalization): BatchNorm2d(256, eps=1e-05, momentum=0.1, affine=True, track_running_stats=True)
                  (activation): ReLU()
                )
                (2): ResNetConvLayer(
                  (convolution): Conv2d(256, 1024, kernel_size=(1, 1), stride=(1, 1), bias=False)
                  (normalization): BatchNorm2d(1024, eps=1e-05, momentum=0.1, affine=True, track_running_stats=True)
                  (activation): Identity()
                )
              )
              (activation): ReLU()
            )
            (2): ResNetBottleNeckLayer(
              (shortcut): Identity()
              (layer): Sequential(
                (0): ResNetConvLayer(
                  (convolution): Conv2d(1024, 256, kernel_size=(1, 1), stride=(1, 1), bias=False)
                  (normalization): BatchNorm2d(256, eps=1e-05, momentum=0.1, affine=True, track_running_stats=True)
                  (activation): ReLU()
                )
                (1): ResNetConvLayer(
                  (convolution): Conv2d(256, 256, kernel_size=(3, 3), stride=(1, 1), padding=(1, 1), bias=False)
                  (normalization): BatchNorm2d(256, eps=1e-05, momentum=0.1, affine=True, track_running_stats=True)
                  (activation): ReLU()
                )
                (2): ResNetConvLayer(
                  (convolution): Conv2d(256, 1024, kernel_size=(1, 1), stride=(1, 1), bias=False)
                  (normalization): BatchNorm2d(1024, eps=1e-05, momentum=0.1, affine=True, track_running_stats=True)
                  (activation): Identity()
                )
              )
              (activation): ReLU()
            )
            (3): ResNetBottleNeckLayer(
              (shortcut): Identity()
              (layer): Sequential(
                (0): ResNetConvLayer(
                  (convolution): Conv2d(1024, 256, kernel_size=(1, 1), stride=(1, 1), bias=False)
                  (normalization): BatchNorm2d(256, eps=1e-05, momentum=0.1, affine=True, track_running_stats=True)
                  (activation): ReLU()
                )
                (1): ResNetConvLayer(
                  (convolution): Conv2d(256, 256, kernel_size=(3, 3), stride=(1, 1), padding=(1, 1), bias=False)
                  (normalization): BatchNorm2d(256, eps=1e-05, momentum=0.1, affine=True, track_running_stats=True)
                  (activation): ReLU()
                )
                (2): ResNetConvLayer(
                  (convolution): Conv2d(256, 1024, kernel_size=(1, 1), stride=(1, 1), bias=False)
                  (normalization): BatchNorm2d(1024, eps=1e-05, momentum=0.1, affine=True, track_running_stats=True)
                  (activation): Identity()
                )
              )
              (activation): ReLU()
            )
            (4): ResNetBottleNeckLayer(
              (shortcut): Identity()
              (layer): Sequential(
                (0): ResNetConvLayer(
                  (convolution): Conv2d(1024, 256, kernel_size=(1, 1), stride=(1, 1), bias=False)
                  (normalization): BatchNorm2d(256, eps=1e-05, momentum=0.1, affine=True, track_running_stats=True)
                  (activation): ReLU()
                )
                (1): ResNetConvLayer(
                  (convolution): Conv2d(256, 256, kernel_size=(3, 3), stride=(1, 1), padding=(1, 1), bias=False)
                  (normalization): BatchNorm2d(256, eps=1e-05, momentum=0.1, affine=True, track_running_stats=True)
                  (activation): ReLU()
                )
                (2): ResNetConvLayer(
                  (convolution): Conv2d(256, 1024, kernel_size=(1, 1), stride=(1, 1), bias=False)
                  (normalization): BatchNorm2d(1024, eps=1e-05, momentum=0.1, affine=True, track_running_stats=True)
                  (activation): Identity()
                )
              )
              (activation): ReLU()
            )
            (5): ResNetBottleNeckLayer(
              (shortcut): Identity()
              (layer): Sequential(
                (0): ResNetConvLayer(
                  (convolution): Conv2d(1024, 256, kernel_size=(1, 1), stride=(1, 1), bias=False)
                  (normalization): BatchNorm2d(256, eps=1e-05, momentum=0.1, affine=True, track_running_stats=True)
                  (activation): ReLU()
                )
                (1): ResNetConvLayer(
                  (convolution): Conv2d(256, 256, kernel_size=(3, 3), stride=(1, 1), padding=(1, 1), bias=False)
                  (normalization): BatchNorm2d(256, eps=1e-05, momentum=0.1, affine=True, track_running_stats=True)
                  (activation): ReLU()
                )
                (2): ResNetConvLayer(
                  (convolution): Conv2d(256, 1024, kernel_size=(1, 1), stride=(1, 1), bias=False)
                  (normalization): BatchNorm2d(1024, eps=1e-05, momentum=0.1, affine=True, track_running_stats=True)
                  (activation): Identity()
                )
              )
              (activation): ReLU()
            )
          )
        )
        (3): ResNetStage(
          (layers): Sequential(
            (0): ResNetBottleNeckLayer(
              (shortcut): ResNetShortCut(
                (convolution): Conv2d(1024, 2048, kernel_size=(1, 1), stride=(2, 2), bias=False)
                (normalization): BatchNorm2d(2048, eps=1e-05, momentum=0.1, affine=True, track_running_stats=True)
              )
              (layer): Sequential(
                (0): ResNetConvLayer(
                  (convolution): Conv2d(1024, 512, kernel_size=(1, 1), stride=(1, 1), bias=False)
                  (normalization): BatchNorm2d(512, eps=1e-05, momentum=0.1, affine=True, track_running_stats=True)
                  (activation): ReLU()
                )
                (1): ResNetConvLayer(
                  (convolution): Conv2d(512, 512, kernel_size=(3, 3), stride=(2, 2), padding=(1, 1), bias=False)
                  (normalization): BatchNorm2d(512, eps=1e-05, momentum=0.1, affine=True, track_running_stats=True)
                  (activation): ReLU()
                )
                (2): ResNetConvLayer(
                  (convolution): Conv2d(512, 2048, kernel_size=(1, 1), stride=(1, 1), bias=False)
                  (normalization): BatchNorm2d(2048, eps=1e-05, momentum=0.1, affine=True, track_running_stats=True)
                  (activation): Identity()
                )
              )
              (activation): ReLU()
            )
            (1): ResNetBottleNeckLayer(
              (shortcut): Identity()
              (layer): Sequential(
                (0): ResNetConvLayer(
                  (convolution): Conv2d(2048, 512, kernel_size=(1, 1), stride=(1, 1), bias=False)
                  (normalization): BatchNorm2d(512, eps=1e-05, momentum=0.1, affine=True, track_running_stats=True)
                  (activation): ReLU()
                )
                (1): ResNetConvLayer(
                  (convolution): Conv2d(512, 512, kernel_size=(3, 3), stride=(1, 1), padding=(1, 1), bias=False)
                  (normalization): BatchNorm2d(512, eps=1e-05, momentum=0.1, affine=True, track_running_stats=True)
                  (activation): ReLU()
                )
                (2): ResNetConvLayer(
                  (convolution): Conv2d(512, 2048, kernel_size=(1, 1), stride=(1, 1), bias=False)
                  (normalization): BatchNorm2d(2048, eps=1e-05, momentum=0.1, affine=True, track_running_stats=True)
                  (activation): Identity()
                )
              )
              (activation): ReLU()
            )
            (2): ResNetBottleNeckLayer(
              (shortcut): Identity()
              (layer): Sequential(
                (0): ResNetConvLayer(
                  (convolution): Conv2d(2048, 512, kernel_size=(1, 1), stride=(1, 1), bias=False)
                  (normalization): BatchNorm2d(512, eps=1e-05, momentum=0.1, affine=True, track_running_stats=True)
                  (activation): ReLU()
                )
                (1): ResNetConvLayer(
                  (convolution): Conv2d(512, 512, kernel_size=(3, 3), stride=(1, 1), padding=(1, 1), bias=False)
                  (normalization): BatchNorm2d(512, eps=1e-05, momentum=0.1, affine=True, track_running_stats=True)
                  (activation): ReLU()
                )
                (2): ResNetConvLayer(
                  (convolution): Conv2d(512, 2048, kernel_size=(1, 1), stride=(1, 1), bias=False)
                  (normalization): BatchNorm2d(2048, eps=1e-05, momentum=0.1, affine=True, track_running_stats=True)
                  (activation): Identity()
                )
              )
              (activation): ReLU()
            )
          )
        )
      )
    )
    (pooler): AdaptiveAvgPool2d(output_size=(1, 1))
  )
  (pre_branch): Sequential(
    (0): Flatten(start_dim=1, end_dim=-1)
    (1): Linear(in_features=2048, out_features=512, bias=True)
    (2): ReLU()
    (3): Dropout(p=0.5, inplace=False)
  )
  (branch1): Linear(in_features=512, out_features=11, bias=True)
  (loss_fn): MaskedDomainAdversarialLoss(
    (branch1_loss_fn): InstanceWeightedCrossEntropyLoss(
      (base_loss): CrossEntropyLoss()
    )
    (branch2_loss_fn): BCEWithLogitsLoss()
  )
  (grad_reverse): GradientReversal()
  (branch2): Sequential(
    (0): GradientReversal()
    (1): Linear(in_features=512, out_features=1, bias=True)
  )
)
[INFO|evaluation_funcs.py:99] 2025-11-20 06:51:56,616 >> Beginning evaluation of fold 0 (#1 out of 1)
[INFO|evaluation_funcs.py:107] 2025-11-20 06:52:13,455 >> Instantiated eval dataset TwoLabelDataset, length 17778, which is file /data/DG_Test_set/test_dataset_original.npz
[INFO|training_args.py:1598] 2025-11-20 06:52:13,457 >> No output directory specified, defaulting to 'trainer_output'. To change this behavior, specify --output_dir when creating TrainingArguments.
[INFO|training_args.py:1598] 2025-11-20 06:52:13,457 >> No output directory specified, defaulting to 'trainer_output'. To change this behavior, specify --output_dir when creating TrainingArguments.
[INFO|training_args.py:2222] 2025-11-20 06:52:13,458 >> PyTorch: setting up devices
[INFO|training_args.py:2222] 2025-11-20 06:52:13,458 >> PyTorch: setting up devices
[INFO|evaluation_funcs.py:55] 2025-11-20 06:52:13,505 >> TrainingArguments(
_n_gpu=1,
accelerator_config={'split_batches': False, 'dispatch_batches': None, 'even_batches': True, 'use_seedable_sampler': True, 'non_blocking': False, 'gradient_accumulation_kwargs': None, 'use_configured_state': False},
adafactor=False,
adam_beta1=0.9,
adam_beta2=0.999,
adam_epsilon=1e-08,
auto_find_batch_size=False,
average_tokens_across_devices=True,
batch_eval_metrics=False,
bf16=False,
bf16_full_eval=False,
data_seed=None,
dataloader_drop_last=False,
dataloader_num_workers=0,
dataloader_persistent_workers=False,
dataloader_pin_memory=False,
dataloader_prefetch_factor=None,
ddp_backend=None,
ddp_broadcast_buffers=None,
ddp_bucket_cap_mb=None,
ddp_find_unused_parameters=None,
ddp_timeout=1800,
debug=[],
deepspeed=None,
disable_tqdm=False,
do_eval=False,
do_predict=False,
do_train=False,
eval_accumulation_steps=None,
eval_delay=0,
eval_do_concat_batches=True,
eval_on_start=False,
eval_steps=None,
eval_strategy=IntervalStrategy.NO,
eval_use_gather_object=False,
fp16=False,
fp16_backend=auto,
fp16_full_eval=False,
fp16_opt_level=O1,
fsdp=[],
fsdp_config={'min_num_params': 0, 'xla': False, 'xla_fsdp_v2': False, 'xla_fsdp_grad_ckpt': False},
fsdp_min_num_params=0,
fsdp_transformer_layer_cls_to_wrap=None,
full_determinism=False,
gradient_accumulation_steps=1,
gradient_checkpointing=False,
gradient_checkpointing_kwargs=None,
greater_is_better=None,
group_by_length=False,
half_precision_backend=auto,
hub_always_push=False,
hub_model_id=None,
hub_private_repo=None,
hub_revision=None,
hub_strategy=HubStrategy.EVERY_SAVE,
hub_token=<HUB_TOKEN>,
ignore_data_skip=False,
include_for_metrics=[],
include_inputs_for_metrics=False,
include_num_input_tokens_seen=no,
include_tokens_per_second=False,
jit_mode_eval=False,
label_names=None,
label_smoothing_factor=0.0,
learning_rate=5e-05,
length_column_name=length,
liger_kernel_config=None,
load_best_model_at_end=False,
local_rank=0,
log_level=passive,
log_level_replica=warning,
log_on_each_node=True,
logging_dir=trainer_output/runs/Nov20_06-52-13_c0d8d6395f10,
logging_first_step=False,
logging_nan_inf_filter=True,
logging_steps=500,
logging_strategy=IntervalStrategy.STEPS,
lr_scheduler_kwargs={},
lr_scheduler_type=SchedulerType.LINEAR,
max_grad_norm=1.0,
max_steps=-1,
metric_for_best_model=None,
mp_parameters=,
neftune_noise_alpha=None,
no_cuda=False,
num_train_epochs=3.0,
optim=OptimizerNames.ADAMW_TORCH,
optim_args=None,
optim_target_modules=None,
output_dir=trainer_output,
overwrite_output_dir=False,
parallelism_config=None,
past_index=-1,
per_device_eval_batch_size=32,
per_device_train_batch_size=8,
prediction_loss_only=False,
project=huggingface,
push_to_hub=False,
push_to_hub_model_id=None,
push_to_hub_organization=None,
push_to_hub_token=<PUSH_TO_HUB_TOKEN>,
ray_scope=last,
remove_unused_columns=True,
report_to=[],
restore_callback_states_from_checkpoint=False,
resume_from_checkpoint=None,
run_name=None,
save_on_each_node=False,
save_only_model=False,
save_safetensors=True,
save_steps=500,
save_strategy=SaveStrategy.STEPS,
save_total_limit=None,
seed=42,
skip_memory_metrics=True,
tf32=None,
torch_compile=False,
torch_compile_backend=None,
torch_compile_mode=None,
torch_empty_cache_steps=None,
torchdynamo=None,
tpu_metrics_debug=False,
tpu_num_cores=None,
trackio_space_id=trackio,
use_cpu=False,
use_legacy_prediction_loop=False,
use_liger_kernel=False,
use_mps_device=False,
warmup_ratio=0.0,
warmup_steps=0,
weight_decay=0.0,
)
[INFO|trainer.py:4643] 2025-11-20 06:52:13,663 >> 
***** Running Evaluation *****
[INFO|trainer.py:4643] 2025-11-20 06:52:13,663 >> 
***** Running Evaluation *****
[INFO|trainer.py:4645] 2025-11-20 06:52:13,664 >>   Num examples = 17778
[INFO|trainer.py:4645] 2025-11-20 06:52:13,664 >>   Num examples = 17778
[INFO|trainer.py:4648] 2025-11-20 06:52:13,664 >>   Batch size = 32
[INFO|trainer.py:4648] 2025-11-20 06:52:13,664 >>   Batch size = 32
[INFO|evaluation_funcs.py:69] 2025-11-20 06:52:32,871 >> Metrics: {'eval_loss': 0.6921753287315369, 'eval_model_preparation_time': 0.0024, 'eval_accuracy_branch1': 0.9504443694453819, 'eval_precision_branch1': 0.9514421106691728, 'eval_recall_branch1': 0.9439839947658595, 'eval_f1_branch1': 0.9473980543670603, 'eval_accuracy_branch2': 0.6402857464281696, 'eval_precision_branch2': 0.5, 'eval_recall_branch2': 0.3201428732140848, 'eval_f1_branch2': 0.3903501251671753, 'eval_lambda': 0.0, 'eval_tn_branch2': 0, 'eval_fp_branch2': 0, 'eval_fn_branch2': 6395, 'eval_tp_branch2': 11383, 'eval_loss_branch1': 0.0, 'eval_loss_branch2': 0.6921721696853638, 'eval_cm_branch1_actual0_pred0': 949, 'eval_cm_branch1_actual0_pred1': 0, 'eval_cm_branch1_actual0_pred2': 1, 'eval_cm_branch1_actual0_pred3': 0, 'eval_cm_branch1_actual0_pred4': 43, 'eval_cm_branch1_actual0_pred5': 28, 'eval_cm_branch1_actual0_pred6': 1, 'eval_cm_branch1_actual0_pred7': 0, 'eval_cm_branch1_actual0_pred8': 0, 'eval_cm_branch1_actual0_pred9': 14, 'eval_cm_branch1_actual0_pred10': 0, 'eval_cm_branch1_actual1_pred0': 2, 'eval_cm_branch1_actual1_pred1': 740, 'eval_cm_branch1_actual1_pred2': 33, 'eval_cm_branch1_actual1_pred3': 0, 'eval_cm_branch1_actual1_pred4': 7, 'eval_cm_branch1_actual1_pred5': 2, 'eval_cm_branch1_actual1_pred6': 0, 'eval_cm_branch1_actual1_pred7': 0, 'eval_cm_branch1_actual1_pred8': 0, 'eval_cm_branch1_actual1_pred9': 0, 'eval_cm_branch1_actual1_pred10': 0, 'eval_cm_branch1_actual2_pred0': 5, 'eval_cm_branch1_actual2_pred1': 23, 'eval_cm_branch1_actual2_pred2': 750, 'eval_cm_branch1_actual2_pred3': 0, 'eval_cm_branch1_actual2_pred4': 4, 'eval_cm_branch1_actual2_pred5': 11, 'eval_cm_branch1_actual2_pred6': 0, 'eval_cm_branch1_actual2_pred7': 0, 'eval_cm_branch1_actual2_pred8': 0, 'eval_cm_branch1_actual2_pred9': 0, 'eval_cm_branch1_actual2_pred10': 0, 'eval_cm_branch1_actual3_pred0': 3, 'eval_cm_branch1_actual3_pred1': 0, 'eval_cm_branch1_actual3_pred2': 0, 'eval_cm_branch1_actual3_pred3': 702, 'eval_cm_branch1_actual3_pred4': 32, 'eval_cm_branch1_actual3_pred5': 11, 'eval_cm_branch1_actual3_pred6': 0, 'eval_cm_branch1_actual3_pred7': 5, 'eval_cm_branch1_actual3_pred8': 0, 'eval_cm_branch1_actual3_pred9': 7, 'eval_cm_branch1_actual3_pred10': 25, 'eval_cm_branch1_actual4_pred0': 25, 'eval_cm_branch1_actual4_pred1': 2, 'eval_cm_branch1_actual4_pred2': 1, 'eval_cm_branch1_actual4_pred3': 0, 'eval_cm_branch1_actual4_pred4': 1801, 'eval_cm_branch1_actual4_pred5': 134, 'eval_cm_branch1_actual4_pred6': 0, 'eval_cm_branch1_actual4_pred7': 0, 'eval_cm_branch1_actual4_pred8': 0, 'eval_cm_branch1_actual4_pred9': 21, 'eval_cm_branch1_actual4_pred10': 80, 'eval_cm_branch1_actual5_pred0': 8, 'eval_cm_branch1_actual5_pred1': 5, 'eval_cm_branch1_actual5_pred2': 2, 'eval_cm_branch1_actual5_pred3': 0, 'eval_cm_branch1_actual5_pred4': 92, 'eval_cm_branch1_actual5_pred5': 1852, 'eval_cm_branch1_actual5_pred6': 0, 'eval_cm_branch1_actual5_pred7': 0, 'eval_cm_branch1_actual5_pred8': 0, 'eval_cm_branch1_actual5_pred9': 0, 'eval_cm_branch1_actual5_pred10': 6, 'eval_cm_branch1_actual6_pred0': 0, 'eval_cm_branch1_actual6_pred1': 0, 'eval_cm_branch1_actual6_pred2': 0, 'eval_cm_branch1_actual6_pred3': 0, 'eval_cm_branch1_actual6_pred4': 0, 'eval_cm_branch1_actual6_pred5': 0, 'eval_cm_branch1_actual6_pred6': 3260, 'eval_cm_branch1_actual6_pred7': 0, 'eval_cm_branch1_actual6_pred8': 24, 'eval_cm_branch1_actual6_pred9': 0, 'eval_cm_branch1_actual6_pred10': 1, 'eval_cm_branch1_actual7_pred0': 0, 'eval_cm_branch1_actual7_pred1': 0, 'eval_cm_branch1_actual7_pred2': 0, 'eval_cm_branch1_actual7_pred3': 0, 'eval_cm_branch1_actual7_pred4': 0, 'eval_cm_branch1_actual7_pred5': 0, 'eval_cm_branch1_actual7_pred6': 0, 'eval_cm_branch1_actual7_pred7': 1728, 'eval_cm_branch1_actual7_pred8': 1, 'eval_cm_branch1_actual7_pred9': 0, 'eval_cm_branch1_actual7_pred10': 18, 'eval_cm_branch1_actual8_pred0': 2, 'eval_cm_branch1_actual8_pred1': 0, 'eval_cm_branch1_actual8_pred2': 0, 'eval_cm_branch1_actual8_pred3': 0, 'eval_cm_branch1_actual8_pred4': 0, 'eval_cm_branch1_actual8_pred5': 0, 'eval_cm_branch1_actual8_pred6': 17, 'eval_cm_branch1_actual8_pred7': 0, 'eval_cm_branch1_actual8_pred8': 1794, 'eval_cm_branch1_actual8_pred9': 0, 'eval_cm_branch1_actual8_pred10': 0, 'eval_cm_branch1_actual9_pred0': 10, 'eval_cm_branch1_actual9_pred1': 0, 'eval_cm_branch1_actual9_pred2': 0, 'eval_cm_branch1_actual9_pred3': 0, 'eval_cm_branch1_actual9_pred4': 13, 'eval_cm_branch1_actual9_pred5': 13, 'eval_cm_branch1_actual9_pred6': 7, 'eval_cm_branch1_actual9_pred7': 0, 'eval_cm_branch1_actual9_pred8': 0, 'eval_cm_branch1_actual9_pred9': 1575, 'eval_cm_branch1_actual9_pred10': 4, 'eval_cm_branch1_actual10_pred0': 18, 'eval_cm_branch1_actual10_pred1': 0, 'eval_cm_branch1_actual10_pred2': 0, 'eval_cm_branch1_actual10_pred3': 4, 'eval_cm_branch1_actual10_pred4': 51, 'eval_cm_branch1_actual10_pred5': 18, 'eval_cm_branch1_actual10_pred6': 2, 'eval_cm_branch1_actual10_pred7': 37, 'eval_cm_branch1_actual10_pred8': 0, 'eval_cm_branch1_actual10_pred9': 8, 'eval_cm_branch1_actual10_pred10': 1746, 'eval_runtime': 19.2054, 'eval_samples_per_second': 925.676, 'eval_steps_per_second': 28.95}
[INFO|evaluation_funcs.py:96] 2025-11-20 06:52:33,641 >> Instantiated model ResNet50DANN from /data/D21_training/parabolic_increasing_lambda_scheduler_fold_0_2025-11-19_13-18-07/final_model/model.safetensors. Summary:
ResNet50DANN(
  (resnet): ResNetModel(
    (embedder): ResNetEmbeddings(
      (embedder): ResNetConvLayer(
        (convolution): Conv2d(3, 64, kernel_size=(7, 7), stride=(2, 2), padding=(3, 3), bias=False)
        (normalization): BatchNorm2d(64, eps=1e-05, momentum=0.1, affine=True, track_running_stats=True)
        (activation): ReLU()
      )
      (pooler): MaxPool2d(kernel_size=3, stride=2, padding=1, dilation=1, ceil_mode=False)
    )
    (encoder): ResNetEncoder(
      (stages): ModuleList(
        (0): ResNetStage(
          (layers): Sequential(
            (0): ResNetBottleNeckLayer(
              (shortcut): ResNetShortCut(
                (convolution): Conv2d(64, 256, kernel_size=(1, 1), stride=(1, 1), bias=False)
                (normalization): BatchNorm2d(256, eps=1e-05, momentum=0.1, affine=True, track_running_stats=True)
              )
              (layer): Sequential(
                (0): ResNetConvLayer(
                  (convolution): Conv2d(64, 64, kernel_size=(1, 1), stride=(1, 1), bias=False)
                  (normalization): BatchNorm2d(64, eps=1e-05, momentum=0.1, affine=True, track_running_stats=True)
                  (activation): ReLU()
                )
                (1): ResNetConvLayer(
                  (convolution): Conv2d(64, 64, kernel_size=(3, 3), stride=(1, 1), padding=(1, 1), bias=False)
                  (normalization): BatchNorm2d(64, eps=1e-05, momentum=0.1, affine=True, track_running_stats=True)
                  (activation): ReLU()
                )
                (2): ResNetConvLayer(
                  (convolution): Conv2d(64, 256, kernel_size=(1, 1), stride=(1, 1), bias=False)
                  (normalization): BatchNorm2d(256, eps=1e-05, momentum=0.1, affine=True, track_running_stats=True)
                  (activation): Identity()
                )
              )
              (activation): ReLU()
            )
            (1): ResNetBottleNeckLayer(
              (shortcut): Identity()
              (layer): Sequential(
                (0): ResNetConvLayer(
                  (convolution): Conv2d(256, 64, kernel_size=(1, 1), stride=(1, 1), bias=False)
                  (normalization): BatchNorm2d(64, eps=1e-05, momentum=0.1, affine=True, track_running_stats=True)
                  (activation): ReLU()
                )
                (1): ResNetConvLayer(
                  (convolution): Conv2d(64, 64, kernel_size=(3, 3), stride=(1, 1), padding=(1, 1), bias=False)
                  (normalization): BatchNorm2d(64, eps=1e-05, momentum=0.1, affine=True, track_running_stats=True)
                  (activation): ReLU()
                )
                (2): ResNetConvLayer(
                  (convolution): Conv2d(64, 256, kernel_size=(1, 1), stride=(1, 1), bias=False)
                  (normalization): BatchNorm2d(256, eps=1e-05, momentum=0.1, affine=True, track_running_stats=True)
                  (activation): Identity()
                )
              )
              (activation): ReLU()
            )
            (2): ResNetBottleNeckLayer(
              (shortcut): Identity()
              (layer): Sequential(
                (0): ResNetConvLayer(
                  (convolution): Conv2d(256, 64, kernel_size=(1, 1), stride=(1, 1), bias=False)
                  (normalization): BatchNorm2d(64, eps=1e-05, momentum=0.1, affine=True, track_running_stats=True)
                  (activation): ReLU()
                )
                (1): ResNetConvLayer(
                  (convolution): Conv2d(64, 64, kernel_size=(3, 3), stride=(1, 1), padding=(1, 1), bias=False)
                  (normalization): BatchNorm2d(64, eps=1e-05, momentum=0.1, affine=True, track_running_stats=True)
                  (activation): ReLU()
                )
                (2): ResNetConvLayer(
                  (convolution): Conv2d(64, 256, kernel_size=(1, 1), stride=(1, 1), bias=False)
                  (normalization): BatchNorm2d(256, eps=1e-05, momentum=0.1, affine=True, track_running_stats=True)
                  (activation): Identity()
                )
              )
              (activation): ReLU()
            )
          )
        )
        (1): ResNetStage(
          (layers): Sequential(
            (0): ResNetBottleNeckLayer(
              (shortcut): ResNetShortCut(
                (convolution): Conv2d(256, 512, kernel_size=(1, 1), stride=(2, 2), bias=False)
                (normalization): BatchNorm2d(512, eps=1e-05, momentum=0.1, affine=True, track_running_stats=True)
              )
              (layer): Sequential(
                (0): ResNetConvLayer(
                  (convolution): Conv2d(256, 128, kernel_size=(1, 1), stride=(1, 1), bias=False)
                  (normalization): BatchNorm2d(128, eps=1e-05, momentum=0.1, affine=True, track_running_stats=True)
                  (activation): ReLU()
                )
                (1): ResNetConvLayer(
                  (convolution): Conv2d(128, 128, kernel_size=(3, 3), stride=(2, 2), padding=(1, 1), bias=False)
                  (normalization): BatchNorm2d(128, eps=1e-05, momentum=0.1, affine=True, track_running_stats=True)
                  (activation): ReLU()
                )
                (2): ResNetConvLayer(
                  (convolution): Conv2d(128, 512, kernel_size=(1, 1), stride=(1, 1), bias=False)
                  (normalization): BatchNorm2d(512, eps=1e-05, momentum=0.1, affine=True, track_running_stats=True)
                  (activation): Identity()
                )
              )
              (activation): ReLU()
            )
            (1): ResNetBottleNeckLayer(
              (shortcut): Identity()
              (layer): Sequential(
                (0): ResNetConvLayer(
                  (convolution): Conv2d(512, 128, kernel_size=(1, 1), stride=(1, 1), bias=False)
                  (normalization): BatchNorm2d(128, eps=1e-05, momentum=0.1, affine=True, track_running_stats=True)
                  (activation): ReLU()
                )
                (1): ResNetConvLayer(
                  (convolution): Conv2d(128, 128, kernel_size=(3, 3), stride=(1, 1), padding=(1, 1), bias=False)
                  (normalization): BatchNorm2d(128, eps=1e-05, momentum=0.1, affine=True, track_running_stats=True)
                  (activation): ReLU()
                )
                (2): ResNetConvLayer(
                  (convolution): Conv2d(128, 512, kernel_size=(1, 1), stride=(1, 1), bias=False)
                  (normalization): BatchNorm2d(512, eps=1e-05, momentum=0.1, affine=True, track_running_stats=True)
                  (activation): Identity()
                )
              )
              (activation): ReLU()
            )
            (2): ResNetBottleNeckLayer(
              (shortcut): Identity()
              (layer): Sequential(
                (0): ResNetConvLayer(
                  (convolution): Conv2d(512, 128, kernel_size=(1, 1), stride=(1, 1), bias=False)
                  (normalization): BatchNorm2d(128, eps=1e-05, momentum=0.1, affine=True, track_running_stats=True)
                  (activation): ReLU()
                )
                (1): ResNetConvLayer(
                  (convolution): Conv2d(128, 128, kernel_size=(3, 3), stride=(1, 1), padding=(1, 1), bias=False)
                  (normalization): BatchNorm2d(128, eps=1e-05, momentum=0.1, affine=True, track_running_stats=True)
                  (activation): ReLU()
                )
                (2): ResNetConvLayer(
                  (convolution): Conv2d(128, 512, kernel_size=(1, 1), stride=(1, 1), bias=False)
                  (normalization): BatchNorm2d(512, eps=1e-05, momentum=0.1, affine=True, track_running_stats=True)
                  (activation): Identity()
                )
              )
              (activation): ReLU()
            )
            (3): ResNetBottleNeckLayer(
              (shortcut): Identity()
              (layer): Sequential(
                (0): ResNetConvLayer(
                  (convolution): Conv2d(512, 128, kernel_size=(1, 1), stride=(1, 1), bias=False)
                  (normalization): BatchNorm2d(128, eps=1e-05, momentum=0.1, affine=True, track_running_stats=True)
                  (activation): ReLU()
                )
                (1): ResNetConvLayer(
                  (convolution): Conv2d(128, 128, kernel_size=(3, 3), stride=(1, 1), padding=(1, 1), bias=False)
                  (normalization): BatchNorm2d(128, eps=1e-05, momentum=0.1, affine=True, track_running_stats=True)
                  (activation): ReLU()
                )
                (2): ResNetConvLayer(
                  (convolution): Conv2d(128, 512, kernel_size=(1, 1), stride=(1, 1), bias=False)
                  (normalization): BatchNorm2d(512, eps=1e-05, momentum=0.1, affine=True, track_running_stats=True)
                  (activation): Identity()
                )
              )
              (activation): ReLU()
            )
          )
        )
        (2): ResNetStage(
          (layers): Sequential(
            (0): ResNetBottleNeckLayer(
              (shortcut): ResNetShortCut(
                (convolution): Conv2d(512, 1024, kernel_size=(1, 1), stride=(2, 2), bias=False)
                (normalization): BatchNorm2d(1024, eps=1e-05, momentum=0.1, affine=True, track_running_stats=True)
              )
              (layer): Sequential(
                (0): ResNetConvLayer(
                  (convolution): Conv2d(512, 256, kernel_size=(1, 1), stride=(1, 1), bias=False)
                  (normalization): BatchNorm2d(256, eps=1e-05, momentum=0.1, affine=True, track_running_stats=True)
                  (activation): ReLU()
                )
                (1): ResNetConvLayer(
                  (convolution): Conv2d(256, 256, kernel_size=(3, 3), stride=(2, 2), padding=(1, 1), bias=False)
                  (normalization): BatchNorm2d(256, eps=1e-05, momentum=0.1, affine=True, track_running_stats=True)
                  (activation): ReLU()
                )
                (2): ResNetConvLayer(
                  (convolution): Conv2d(256, 1024, kernel_size=(1, 1), stride=(1, 1), bias=False)
                  (normalization): BatchNorm2d(1024, eps=1e-05, momentum=0.1, affine=True, track_running_stats=True)
                  (activation): Identity()
                )
              )
              (activation): ReLU()
            )
            (1): ResNetBottleNeckLayer(
              (shortcut): Identity()
              (layer): Sequential(
                (0): ResNetConvLayer(
                  (convolution): Conv2d(1024, 256, kernel_size=(1, 1), stride=(1, 1), bias=False)
                  (normalization): BatchNorm2d(256, eps=1e-05, momentum=0.1, affine=True, track_running_stats=True)
                  (activation): ReLU()
                )
                (1): ResNetConvLayer(
                  (convolution): Conv2d(256, 256, kernel_size=(3, 3), stride=(1, 1), padding=(1, 1), bias=False)
                  (normalization): BatchNorm2d(256, eps=1e-05, momentum=0.1, affine=True, track_running_stats=True)
                  (activation): ReLU()
                )
                (2): ResNetConvLayer(
                  (convolution): Conv2d(256, 1024, kernel_size=(1, 1), stride=(1, 1), bias=False)
                  (normalization): BatchNorm2d(1024, eps=1e-05, momentum=0.1, affine=True, track_running_stats=True)
                  (activation): Identity()
                )
              )
              (activation): ReLU()
            )
            (2): ResNetBottleNeckLayer(
              (shortcut): Identity()
              (layer): Sequential(
                (0): ResNetConvLayer(
                  (convolution): Conv2d(1024, 256, kernel_size=(1, 1), stride=(1, 1), bias=False)
                  (normalization): BatchNorm2d(256, eps=1e-05, momentum=0.1, affine=True, track_running_stats=True)
                  (activation): ReLU()
                )
                (1): ResNetConvLayer(
                  (convolution): Conv2d(256, 256, kernel_size=(3, 3), stride=(1, 1), padding=(1, 1), bias=False)
                  (normalization): BatchNorm2d(256, eps=1e-05, momentum=0.1, affine=True, track_running_stats=True)
                  (activation): ReLU()
                )
                (2): ResNetConvLayer(
                  (convolution): Conv2d(256, 1024, kernel_size=(1, 1), stride=(1, 1), bias=False)
                  (normalization): BatchNorm2d(1024, eps=1e-05, momentum=0.1, affine=True, track_running_stats=True)
                  (activation): Identity()
                )
              )
              (activation): ReLU()
            )
            (3): ResNetBottleNeckLayer(
              (shortcut): Identity()
              (layer): Sequential(
                (0): ResNetConvLayer(
                  (convolution): Conv2d(1024, 256, kernel_size=(1, 1), stride=(1, 1), bias=False)
                  (normalization): BatchNorm2d(256, eps=1e-05, momentum=0.1, affine=True, track_running_stats=True)
                  (activation): ReLU()
                )
                (1): ResNetConvLayer(
                  (convolution): Conv2d(256, 256, kernel_size=(3, 3), stride=(1, 1), padding=(1, 1), bias=False)
                  (normalization): BatchNorm2d(256, eps=1e-05, momentum=0.1, affine=True, track_running_stats=True)
                  (activation): ReLU()
                )
                (2): ResNetConvLayer(
                  (convolution): Conv2d(256, 1024, kernel_size=(1, 1), stride=(1, 1), bias=False)
                  (normalization): BatchNorm2d(1024, eps=1e-05, momentum=0.1, affine=True, track_running_stats=True)
                  (activation): Identity()
                )
              )
              (activation): ReLU()
            )
            (4): ResNetBottleNeckLayer(
              (shortcut): Identity()
              (layer): Sequential(
                (0): ResNetConvLayer(
                  (convolution): Conv2d(1024, 256, kernel_size=(1, 1), stride=(1, 1), bias=False)
                  (normalization): BatchNorm2d(256, eps=1e-05, momentum=0.1, affine=True, track_running_stats=True)
                  (activation): ReLU()
                )
                (1): ResNetConvLayer(
                  (convolution): Conv2d(256, 256, kernel_size=(3, 3), stride=(1, 1), padding=(1, 1), bias=False)
                  (normalization): BatchNorm2d(256, eps=1e-05, momentum=0.1, affine=True, track_running_stats=True)
                  (activation): ReLU()
                )
                (2): ResNetConvLayer(
                  (convolution): Conv2d(256, 1024, kernel_size=(1, 1), stride=(1, 1), bias=False)
                  (normalization): BatchNorm2d(1024, eps=1e-05, momentum=0.1, affine=True, track_running_stats=True)
                  (activation): Identity()
                )
              )
              (activation): ReLU()
            )
            (5): ResNetBottleNeckLayer(
              (shortcut): Identity()
              (layer): Sequential(
                (0): ResNetConvLayer(
                  (convolution): Conv2d(1024, 256, kernel_size=(1, 1), stride=(1, 1), bias=False)
                  (normalization): BatchNorm2d(256, eps=1e-05, momentum=0.1, affine=True, track_running_stats=True)
                  (activation): ReLU()
                )
                (1): ResNetConvLayer(
                  (convolution): Conv2d(256, 256, kernel_size=(3, 3), stride=(1, 1), padding=(1, 1), bias=False)
                  (normalization): BatchNorm2d(256, eps=1e-05, momentum=0.1, affine=True, track_running_stats=True)
                  (activation): ReLU()
                )
                (2): ResNetConvLayer(
                  (convolution): Conv2d(256, 1024, kernel_size=(1, 1), stride=(1, 1), bias=False)
                  (normalization): BatchNorm2d(1024, eps=1e-05, momentum=0.1, affine=True, track_running_stats=True)
                  (activation): Identity()
                )
              )
              (activation): ReLU()
            )
          )
        )
        (3): ResNetStage(
          (layers): Sequential(
            (0): ResNetBottleNeckLayer(
              (shortcut): ResNetShortCut(
                (convolution): Conv2d(1024, 2048, kernel_size=(1, 1), stride=(2, 2), bias=False)
                (normalization): BatchNorm2d(2048, eps=1e-05, momentum=0.1, affine=True, track_running_stats=True)
              )
              (layer): Sequential(
                (0): ResNetConvLayer(
                  (convolution): Conv2d(1024, 512, kernel_size=(1, 1), stride=(1, 1), bias=False)
                  (normalization): BatchNorm2d(512, eps=1e-05, momentum=0.1, affine=True, track_running_stats=True)
                  (activation): ReLU()
                )
                (1): ResNetConvLayer(
                  (convolution): Conv2d(512, 512, kernel_size=(3, 3), stride=(2, 2), padding=(1, 1), bias=False)
                  (normalization): BatchNorm2d(512, eps=1e-05, momentum=0.1, affine=True, track_running_stats=True)
                  (activation): ReLU()
                )
                (2): ResNetConvLayer(
                  (convolution): Conv2d(512, 2048, kernel_size=(1, 1), stride=(1, 1), bias=False)
                  (normalization): BatchNorm2d(2048, eps=1e-05, momentum=0.1, affine=True, track_running_stats=True)
                  (activation): Identity()
                )
              )
              (activation): ReLU()
            )
            (1): ResNetBottleNeckLayer(
              (shortcut): Identity()
              (layer): Sequential(
                (0): ResNetConvLayer(
                  (convolution): Conv2d(2048, 512, kernel_size=(1, 1), stride=(1, 1), bias=False)
                  (normalization): BatchNorm2d(512, eps=1e-05, momentum=0.1, affine=True, track_running_stats=True)
                  (activation): ReLU()
                )
                (1): ResNetConvLayer(
                  (convolution): Conv2d(512, 512, kernel_size=(3, 3), stride=(1, 1), padding=(1, 1), bias=False)
                  (normalization): BatchNorm2d(512, eps=1e-05, momentum=0.1, affine=True, track_running_stats=True)
                  (activation): ReLU()
                )
                (2): ResNetConvLayer(
                  (convolution): Conv2d(512, 2048, kernel_size=(1, 1), stride=(1, 1), bias=False)
                  (normalization): BatchNorm2d(2048, eps=1e-05, momentum=0.1, affine=True, track_running_stats=True)
                  (activation): Identity()
                )
              )
              (activation): ReLU()
            )
            (2): ResNetBottleNeckLayer(
              (shortcut): Identity()
              (layer): Sequential(
                (0): ResNetConvLayer(
                  (convolution): Conv2d(2048, 512, kernel_size=(1, 1), stride=(1, 1), bias=False)
                  (normalization): BatchNorm2d(512, eps=1e-05, momentum=0.1, affine=True, track_running_stats=True)
                  (activation): ReLU()
                )
                (1): ResNetConvLayer(
                  (convolution): Conv2d(512, 512, kernel_size=(3, 3), stride=(1, 1), padding=(1, 1), bias=False)
                  (normalization): BatchNorm2d(512, eps=1e-05, momentum=0.1, affine=True, track_running_stats=True)
                  (activation): ReLU()
                )
                (2): ResNetConvLayer(
                  (convolution): Conv2d(512, 2048, kernel_size=(1, 1), stride=(1, 1), bias=False)
                  (normalization): BatchNorm2d(2048, eps=1e-05, momentum=0.1, affine=True, track_running_stats=True)
                  (activation): Identity()
                )
              )
              (activation): ReLU()
            )
          )
        )
      )
    )
    (pooler): AdaptiveAvgPool2d(output_size=(1, 1))
  )
  (pre_branch): Sequential(
    (0): Flatten(start_dim=1, end_dim=-1)
    (1): Linear(in_features=2048, out_features=512, bias=True)
    (2): ReLU()
    (3): Dropout(p=0.5, inplace=False)
  )
  (branch1): Linear(in_features=512, out_features=11, bias=True)
  (loss_fn): MaskedDomainAdversarialLoss(
    (branch1_loss_fn): InstanceWeightedCrossEntropyLoss(
      (base_loss): CrossEntropyLoss()
    )
    (branch2_loss_fn): BCEWithLogitsLoss()
  )
  (grad_reverse): GradientReversal()
  (branch2): Sequential(
    (0): GradientReversal()
    (1): Linear(in_features=512, out_features=1, bias=True)
  )
)
[INFO|evaluation_funcs.py:99] 2025-11-20 06:52:33,643 >> Beginning evaluation of fold 0 (#1 out of 1)
[INFO|evaluation_funcs.py:107] 2025-11-20 06:52:50,540 >> Instantiated eval dataset TwoLabelDataset, length 17778, which is file /data/DG_Test_set/test_dataset_original.npz
[INFO|training_args.py:1598] 2025-11-20 06:52:50,542 >> No output directory specified, defaulting to 'trainer_output'. To change this behavior, specify --output_dir when creating TrainingArguments.
[INFO|training_args.py:1598] 2025-11-20 06:52:50,542 >> No output directory specified, defaulting to 'trainer_output'. To change this behavior, specify --output_dir when creating TrainingArguments.
[INFO|training_args.py:2222] 2025-11-20 06:52:50,543 >> PyTorch: setting up devices
[INFO|training_args.py:2222] 2025-11-20 06:52:50,543 >> PyTorch: setting up devices
[INFO|evaluation_funcs.py:55] 2025-11-20 06:52:50,597 >> TrainingArguments(
_n_gpu=1,
accelerator_config={'split_batches': False, 'dispatch_batches': None, 'even_batches': True, 'use_seedable_sampler': True, 'non_blocking': False, 'gradient_accumulation_kwargs': None, 'use_configured_state': False},
adafactor=False,
adam_beta1=0.9,
adam_beta2=0.999,
adam_epsilon=1e-08,
auto_find_batch_size=False,
average_tokens_across_devices=True,
batch_eval_metrics=False,
bf16=False,
bf16_full_eval=False,
data_seed=None,
dataloader_drop_last=False,
dataloader_num_workers=0,
dataloader_persistent_workers=False,
dataloader_pin_memory=False,
dataloader_prefetch_factor=None,
ddp_backend=None,
ddp_broadcast_buffers=None,
ddp_bucket_cap_mb=None,
ddp_find_unused_parameters=None,
ddp_timeout=1800,
debug=[],
deepspeed=None,
disable_tqdm=False,
do_eval=False,
do_predict=False,
do_train=False,
eval_accumulation_steps=None,
eval_delay=0,
eval_do_concat_batches=True,
eval_on_start=False,
eval_steps=None,
eval_strategy=IntervalStrategy.NO,
eval_use_gather_object=False,
fp16=False,
fp16_backend=auto,
fp16_full_eval=False,
fp16_opt_level=O1,
fsdp=[],
fsdp_config={'min_num_params': 0, 'xla': False, 'xla_fsdp_v2': False, 'xla_fsdp_grad_ckpt': False},
fsdp_min_num_params=0,
fsdp_transformer_layer_cls_to_wrap=None,
full_determinism=False,
gradient_accumulation_steps=1,
gradient_checkpointing=False,
gradient_checkpointing_kwargs=None,
greater_is_better=None,
group_by_length=False,
half_precision_backend=auto,
hub_always_push=False,
hub_model_id=None,
hub_private_repo=None,
hub_revision=None,
hub_strategy=HubStrategy.EVERY_SAVE,
hub_token=<HUB_TOKEN>,
ignore_data_skip=False,
include_for_metrics=[],
include_inputs_for_metrics=False,
include_num_input_tokens_seen=no,
include_tokens_per_second=False,
jit_mode_eval=False,
label_names=None,
label_smoothing_factor=0.0,
learning_rate=5e-05,
length_column_name=length,
liger_kernel_config=None,
load_best_model_at_end=False,
local_rank=0,
log_level=passive,
log_level_replica=warning,
log_on_each_node=True,
logging_dir=trainer_output/runs/Nov20_06-52-50_c0d8d6395f10,
logging_first_step=False,
logging_nan_inf_filter=True,
logging_steps=500,
logging_strategy=IntervalStrategy.STEPS,
lr_scheduler_kwargs={},
lr_scheduler_type=SchedulerType.LINEAR,
max_grad_norm=1.0,
max_steps=-1,
metric_for_best_model=None,
mp_parameters=,
neftune_noise_alpha=None,
no_cuda=False,
num_train_epochs=3.0,
optim=OptimizerNames.ADAMW_TORCH,
optim_args=None,
optim_target_modules=None,
output_dir=trainer_output,
overwrite_output_dir=False,
parallelism_config=None,
past_index=-1,
per_device_eval_batch_size=32,
per_device_train_batch_size=8,
prediction_loss_only=False,
project=huggingface,
push_to_hub=False,
push_to_hub_model_id=None,
push_to_hub_organization=None,
push_to_hub_token=<PUSH_TO_HUB_TOKEN>,
ray_scope=last,
remove_unused_columns=True,
report_to=[],
restore_callback_states_from_checkpoint=False,
resume_from_checkpoint=None,
run_name=None,
save_on_each_node=False,
save_only_model=False,
save_safetensors=True,
save_steps=500,
save_strategy=SaveStrategy.STEPS,
save_total_limit=None,
seed=42,
skip_memory_metrics=True,
tf32=None,
torch_compile=False,
torch_compile_backend=None,
torch_compile_mode=None,
torch_empty_cache_steps=None,
torchdynamo=None,
tpu_metrics_debug=False,
tpu_num_cores=None,
trackio_space_id=trackio,
use_cpu=False,
use_legacy_prediction_loop=False,
use_liger_kernel=False,
use_mps_device=False,
warmup_ratio=0.0,
warmup_steps=0,
weight_decay=0.0,
)
[INFO|trainer.py:4643] 2025-11-20 06:52:50,743 >> 
***** Running Evaluation *****
[INFO|trainer.py:4643] 2025-11-20 06:52:50,743 >> 
***** Running Evaluation *****
[INFO|trainer.py:4645] 2025-11-20 06:52:50,744 >>   Num examples = 17778
[INFO|trainer.py:4645] 2025-11-20 06:52:50,744 >>   Num examples = 17778
[INFO|trainer.py:4648] 2025-11-20 06:52:50,745 >>   Batch size = 32
[INFO|trainer.py:4648] 2025-11-20 06:52:50,745 >>   Batch size = 32
[INFO|evaluation_funcs.py:69] 2025-11-20 06:53:09,686 >> Metrics: {'eval_loss': 0.6975340247154236, 'eval_model_preparation_time': 0.0026, 'eval_accuracy_branch1': 0.946956913038587, 'eval_precision_branch1': 0.9462401663937126, 'eval_recall_branch1': 0.9406792441402342, 'eval_f1_branch1': 0.9425431559976846, 'eval_accuracy_branch2': 0.4035887051411857, 'eval_precision_branch2': 0.5, 'eval_recall_branch2': 0.20179435257059286, 'eval_f1_branch2': 0.28754057628341284, 'eval_lambda': 0.0, 'eval_tn_branch2': 0, 'eval_fp_branch2': 0, 'eval_fn_branch2': 10603, 'eval_tp_branch2': 7175, 'eval_loss_branch1': 0.0, 'eval_loss_branch2': 0.6975308656692505, 'eval_cm_branch1_actual0_pred0': 983, 'eval_cm_branch1_actual0_pred1': 1, 'eval_cm_branch1_actual0_pred2': 0, 'eval_cm_branch1_actual0_pred3': 0, 'eval_cm_branch1_actual0_pred4': 16, 'eval_cm_branch1_actual0_pred5': 25, 'eval_cm_branch1_actual0_pred6': 0, 'eval_cm_branch1_actual0_pred7': 0, 'eval_cm_branch1_actual0_pred8': 0, 'eval_cm_branch1_actual0_pred9': 10, 'eval_cm_branch1_actual0_pred10': 1, 'eval_cm_branch1_actual1_pred0': 0, 'eval_cm_branch1_actual1_pred1': 732, 'eval_cm_branch1_actual1_pred2': 36, 'eval_cm_branch1_actual1_pred3': 0, 'eval_cm_branch1_actual1_pred4': 13, 'eval_cm_branch1_actual1_pred5': 3, 'eval_cm_branch1_actual1_pred6': 0, 'eval_cm_branch1_actual1_pred7': 0, 'eval_cm_branch1_actual1_pred8': 0, 'eval_cm_branch1_actual1_pred9': 0, 'eval_cm_branch1_actual1_pred10': 0, 'eval_cm_branch1_actual2_pred0': 3, 'eval_cm_branch1_actual2_pred1': 7, 'eval_cm_branch1_actual2_pred2': 769, 'eval_cm_branch1_actual2_pred3': 0, 'eval_cm_branch1_actual2_pred4': 6, 'eval_cm_branch1_actual2_pred5': 8, 'eval_cm_branch1_actual2_pred6': 0, 'eval_cm_branch1_actual2_pred7': 0, 'eval_cm_branch1_actual2_pred8': 0, 'eval_cm_branch1_actual2_pred9': 0, 'eval_cm_branch1_actual2_pred10': 0, 'eval_cm_branch1_actual3_pred0': 0, 'eval_cm_branch1_actual3_pred1': 5, 'eval_cm_branch1_actual3_pred2': 0, 'eval_cm_branch1_actual3_pred3': 666, 'eval_cm_branch1_actual3_pred4': 3, 'eval_cm_branch1_actual3_pred5': 7, 'eval_cm_branch1_actual3_pred6': 17, 'eval_cm_branch1_actual3_pred7': 51, 'eval_cm_branch1_actual3_pred8': 0, 'eval_cm_branch1_actual3_pred9': 16, 'eval_cm_branch1_actual3_pred10': 20, 'eval_cm_branch1_actual4_pred0': 33, 'eval_cm_branch1_actual4_pred1': 5, 'eval_cm_branch1_actual4_pred2': 19, 'eval_cm_branch1_actual4_pred3': 0, 'eval_cm_branch1_actual4_pred4': 1738, 'eval_cm_branch1_actual4_pred5': 152, 'eval_cm_branch1_actual4_pred6': 0, 'eval_cm_branch1_actual4_pred7': 0, 'eval_cm_branch1_actual4_pred8': 0, 'eval_cm_branch1_actual4_pred9': 19, 'eval_cm_branch1_actual4_pred10': 98, 'eval_cm_branch1_actual5_pred0': 29, 'eval_cm_branch1_actual5_pred1': 0, 'eval_cm_branch1_actual5_pred2': 8, 'eval_cm_branch1_actual5_pred3': 0, 'eval_cm_branch1_actual5_pred4': 101, 'eval_cm_branch1_actual5_pred5': 1820, 'eval_cm_branch1_actual5_pred6': 0, 'eval_cm_branch1_actual5_pred7': 0, 'eval_cm_branch1_actual5_pred8': 0, 'eval_cm_branch1_actual5_pred9': 0, 'eval_cm_branch1_actual5_pred10': 7, 'eval_cm_branch1_actual6_pred0': 0, 'eval_cm_branch1_actual6_pred1': 0, 'eval_cm_branch1_actual6_pred2': 0, 'eval_cm_branch1_actual6_pred3': 0, 'eval_cm_branch1_actual6_pred4': 0, 'eval_cm_branch1_actual6_pred5': 0, 'eval_cm_branch1_actual6_pred6': 3267, 'eval_cm_branch1_actual6_pred7': 0, 'eval_cm_branch1_actual6_pred8': 18, 'eval_cm_branch1_actual6_pred9': 0, 'eval_cm_branch1_actual6_pred10': 0, 'eval_cm_branch1_actual7_pred0': 0, 'eval_cm_branch1_actual7_pred1': 0, 'eval_cm_branch1_actual7_pred2': 0, 'eval_cm_branch1_actual7_pred3': 0, 'eval_cm_branch1_actual7_pred4': 0, 'eval_cm_branch1_actual7_pred5': 0, 'eval_cm_branch1_actual7_pred6': 0, 'eval_cm_branch1_actual7_pred7': 1744, 'eval_cm_branch1_actual7_pred8': 0, 'eval_cm_branch1_actual7_pred9': 0, 'eval_cm_branch1_actual7_pred10': 3, 'eval_cm_branch1_actual8_pred0': 0, 'eval_cm_branch1_actual8_pred1': 0, 'eval_cm_branch1_actual8_pred2': 0, 'eval_cm_branch1_actual8_pred3': 0, 'eval_cm_branch1_actual8_pred4': 0, 'eval_cm_branch1_actual8_pred5': 0, 'eval_cm_branch1_actual8_pred6': 20, 'eval_cm_branch1_actual8_pred7': 0, 'eval_cm_branch1_actual8_pred8': 1793, 'eval_cm_branch1_actual8_pred9': 0, 'eval_cm_branch1_actual8_pred10': 0, 'eval_cm_branch1_actual9_pred0': 42, 'eval_cm_branch1_actual9_pred1': 0, 'eval_cm_branch1_actual9_pred2': 0, 'eval_cm_branch1_actual9_pred3': 0, 'eval_cm_branch1_actual9_pred4': 10, 'eval_cm_branch1_actual9_pred5': 4, 'eval_cm_branch1_actual9_pred6': 11, 'eval_cm_branch1_actual9_pred7': 0, 'eval_cm_branch1_actual9_pred8': 0, 'eval_cm_branch1_actual9_pred9': 1551, 'eval_cm_branch1_actual9_pred10': 4, 'eval_cm_branch1_actual10_pred0': 24, 'eval_cm_branch1_actual10_pred1': 0, 'eval_cm_branch1_actual10_pred2': 0, 'eval_cm_branch1_actual10_pred3': 1, 'eval_cm_branch1_actual10_pred4': 44, 'eval_cm_branch1_actual10_pred5': 1, 'eval_cm_branch1_actual10_pred6': 0, 'eval_cm_branch1_actual10_pred7': 36, 'eval_cm_branch1_actual10_pred8': 0, 'eval_cm_branch1_actual10_pred9': 6, 'eval_cm_branch1_actual10_pred10': 1772, 'eval_runtime': 18.9413, 'eval_samples_per_second': 938.584, 'eval_steps_per_second': 29.354}
