loss,grad_norm,learning_rate,epoch
1.6716,32.52302932739258,0.06862745098039216,1.0
1.8945046663284302,0.14836223506743737,0.01348747591522158,0.09090909090909091,0.02348993288590604,0.5067437379576107,0.25337186897880537,0.5,0.33631713554987214,0.0,20.8372,24.907,0.816,1.0
1.577,24.314157485961914,0.03529411764705883,2.0
1.8434771299362183,0.15028901734104047,0.01878468899521531,0.09215442092154422,0.026239716127441245,0.5067437379576107,0.25337186897880537,0.5,0.33631713554987214,0.1111111111111111,22.217,23.361,0.765,2.0
1.5717,26.41695213317871,0.00196078431372549,3.0
1.7998313903808594,0.17341040462427745,0.033347814157673315,0.1071630735391632,0.04399711399711399,0.5067437379576107,0.25337186897880537,0.5,0.33631713554987214,0.4444444444444444,19.8934,26.089,0.855,3.0
211.2145,7.372,0.241,0.0,1.6067463369930493,3.0
