epoch,step,train_loss,learning_rate,grad_norm,eval_loss,eval_accuracy_branch1,eval_precision_branch1,eval_recall_branch1,eval_f1_branch1,eval_accuracy_branch2,eval_precision_branch2,eval_recall_branch2,eval_f1_branch2,eval_lambda,eval_runtime,eval_samples_per_second,eval_steps_per_second
1.0,17,1.6755,0.06862745098039216,50.938720703125,1.8859721422195435,0.1811175337186898,0.07932392980996972,0.10864426150852054,0.07204366901336598,0.5067437379576107,0.25337186897880537,0.5,0.33631713554987214,0.0,16.2702,31.899,1.045
2.0,34,1.5725,0.03529411764705883,26.94815444946289,1.8372149467468262,0.15028901734104047,0.019022560938728603,0.09215442092154422,0.026219455285199224,0.5067437379576107,0.25337186897880537,0.5,0.33631713554987214,0.1111111111111111,16.6636,31.146,1.02
3.0,51,1.551,0.00196078431372549,31.592735290527344,1.7764501571655273,0.17726396917148363,0.033920066266307725,0.1096537335640698,0.04579308820074894,0.5067437379576107,0.25337186897880537,0.5,0.33631713554987214,0.4444444444444444,16.9391,30.639,1.004
