[INFO|evaluation_funcs.py:96] 2025-11-21 05:48:24,619 >> Instantiated model ResNet50DANN from /data/D20_training/parabolic_increasing_lambda_scheduler_fold_0_2025-11-19_16-03-59/results/checkpoint-18477/model.safetensors. Summary:
ResNet50DANN(
  (resnet): ResNetModel(
    (embedder): ResNetEmbeddings(
      (embedder): ResNetConvLayer(
        (convolution): Conv2d(3, 64, kernel_size=(7, 7), stride=(2, 2), padding=(3, 3), bias=False)
        (normalization): BatchNorm2d(64, eps=1e-05, momentum=0.1, affine=True, track_running_stats=True)
        (activation): ReLU()
      )
      (pooler): MaxPool2d(kernel_size=3, stride=2, padding=1, dilation=1, ceil_mode=False)
    )
    (encoder): ResNetEncoder(
      (stages): ModuleList(
        (0): ResNetStage(
          (layers): Sequential(
            (0): ResNetBottleNeckLayer(
              (shortcut): ResNetShortCut(
                (convolution): Conv2d(64, 256, kernel_size=(1, 1), stride=(1, 1), bias=False)
                (normalization): BatchNorm2d(256, eps=1e-05, momentum=0.1, affine=True, track_running_stats=True)
              )
              (layer): Sequential(
                (0): ResNetConvLayer(
                  (convolution): Conv2d(64, 64, kernel_size=(1, 1), stride=(1, 1), bias=False)
                  (normalization): BatchNorm2d(64, eps=1e-05, momentum=0.1, affine=True, track_running_stats=True)
                  (activation): ReLU()
                )
                (1): ResNetConvLayer(
                  (convolution): Conv2d(64, 64, kernel_size=(3, 3), stride=(1, 1), padding=(1, 1), bias=False)
                  (normalization): BatchNorm2d(64, eps=1e-05, momentum=0.1, affine=True, track_running_stats=True)
                  (activation): ReLU()
                )
                (2): ResNetConvLayer(
                  (convolution): Conv2d(64, 256, kernel_size=(1, 1), stride=(1, 1), bias=False)
                  (normalization): BatchNorm2d(256, eps=1e-05, momentum=0.1, affine=True, track_running_stats=True)
                  (activation): Identity()
                )
              )
              (activation): ReLU()
            )
            (1): ResNetBottleNeckLayer(
              (shortcut): Identity()
              (layer): Sequential(
                (0): ResNetConvLayer(
                  (convolution): Conv2d(256, 64, kernel_size=(1, 1), stride=(1, 1), bias=False)
                  (normalization): BatchNorm2d(64, eps=1e-05, momentum=0.1, affine=True, track_running_stats=True)
                  (activation): ReLU()
                )
                (1): ResNetConvLayer(
                  (convolution): Conv2d(64, 64, kernel_size=(3, 3), stride=(1, 1), padding=(1, 1), bias=False)
                  (normalization): BatchNorm2d(64, eps=1e-05, momentum=0.1, affine=True, track_running_stats=True)
                  (activation): ReLU()
                )
                (2): ResNetConvLayer(
                  (convolution): Conv2d(64, 256, kernel_size=(1, 1), stride=(1, 1), bias=False)
                  (normalization): BatchNorm2d(256, eps=1e-05, momentum=0.1, affine=True, track_running_stats=True)
                  (activation): Identity()
                )
              )
              (activation): ReLU()
            )
            (2): ResNetBottleNeckLayer(
              (shortcut): Identity()
              (layer): Sequential(
                (0): ResNetConvLayer(
                  (convolution): Conv2d(256, 64, kernel_size=(1, 1), stride=(1, 1), bias=False)
                  (normalization): BatchNorm2d(64, eps=1e-05, momentum=0.1, affine=True, track_running_stats=True)
                  (activation): ReLU()
                )
                (1): ResNetConvLayer(
                  (convolution): Conv2d(64, 64, kernel_size=(3, 3), stride=(1, 1), padding=(1, 1), bias=False)
                  (normalization): BatchNorm2d(64, eps=1e-05, momentum=0.1, affine=True, track_running_stats=True)
                  (activation): ReLU()
                )
                (2): ResNetConvLayer(
                  (convolution): Conv2d(64, 256, kernel_size=(1, 1), stride=(1, 1), bias=False)
                  (normalization): BatchNorm2d(256, eps=1e-05, momentum=0.1, affine=True, track_running_stats=True)
                  (activation): Identity()
                )
              )
              (activation): ReLU()
            )
          )
        )
        (1): ResNetStage(
          (layers): Sequential(
            (0): ResNetBottleNeckLayer(
              (shortcut): ResNetShortCut(
                (convolution): Conv2d(256, 512, kernel_size=(1, 1), stride=(2, 2), bias=False)
                (normalization): BatchNorm2d(512, eps=1e-05, momentum=0.1, affine=True, track_running_stats=True)
              )
              (layer): Sequential(
                (0): ResNetConvLayer(
                  (convolution): Conv2d(256, 128, kernel_size=(1, 1), stride=(1, 1), bias=False)
                  (normalization): BatchNorm2d(128, eps=1e-05, momentum=0.1, affine=True, track_running_stats=True)
                  (activation): ReLU()
                )
                (1): ResNetConvLayer(
                  (convolution): Conv2d(128, 128, kernel_size=(3, 3), stride=(2, 2), padding=(1, 1), bias=False)
                  (normalization): BatchNorm2d(128, eps=1e-05, momentum=0.1, affine=True, track_running_stats=True)
                  (activation): ReLU()
                )
                (2): ResNetConvLayer(
                  (convolution): Conv2d(128, 512, kernel_size=(1, 1), stride=(1, 1), bias=False)
                  (normalization): BatchNorm2d(512, eps=1e-05, momentum=0.1, affine=True, track_running_stats=True)
                  (activation): Identity()
                )
              )
              (activation): ReLU()
            )
            (1): ResNetBottleNeckLayer(
              (shortcut): Identity()
              (layer): Sequential(
                (0): ResNetConvLayer(
                  (convolution): Conv2d(512, 128, kernel_size=(1, 1), stride=(1, 1), bias=False)
                  (normalization): BatchNorm2d(128, eps=1e-05, momentum=0.1, affine=True, track_running_stats=True)
                  (activation): ReLU()
                )
                (1): ResNetConvLayer(
                  (convolution): Conv2d(128, 128, kernel_size=(3, 3), stride=(1, 1), padding=(1, 1), bias=False)
                  (normalization): BatchNorm2d(128, eps=1e-05, momentum=0.1, affine=True, track_running_stats=True)
                  (activation): ReLU()
                )
                (2): ResNetConvLayer(
                  (convolution): Conv2d(128, 512, kernel_size=(1, 1), stride=(1, 1), bias=False)
                  (normalization): BatchNorm2d(512, eps=1e-05, momentum=0.1, affine=True, track_running_stats=True)
                  (activation): Identity()
                )
              )
              (activation): ReLU()
            )
            (2): ResNetBottleNeckLayer(
              (shortcut): Identity()
              (layer): Sequential(
                (0): ResNetConvLayer(
                  (convolution): Conv2d(512, 128, kernel_size=(1, 1), stride=(1, 1), bias=False)
                  (normalization): BatchNorm2d(128, eps=1e-05, momentum=0.1, affine=True, track_running_stats=True)
                  (activation): ReLU()
                )
                (1): ResNetConvLayer(
                  (convolution): Conv2d(128, 128, kernel_size=(3, 3), stride=(1, 1), padding=(1, 1), bias=False)
                  (normalization): BatchNorm2d(128, eps=1e-05, momentum=0.1, affine=True, track_running_stats=True)
                  (activation): ReLU()
                )
                (2): ResNetConvLayer(
                  (convolution): Conv2d(128, 512, kernel_size=(1, 1), stride=(1, 1), bias=False)
                  (normalization): BatchNorm2d(512, eps=1e-05, momentum=0.1, affine=True, track_running_stats=True)
                  (activation): Identity()
                )
              )
              (activation): ReLU()
            )
            (3): ResNetBottleNeckLayer(
              (shortcut): Identity()
              (layer): Sequential(
                (0): ResNetConvLayer(
                  (convolution): Conv2d(512, 128, kernel_size=(1, 1), stride=(1, 1), bias=False)
                  (normalization): BatchNorm2d(128, eps=1e-05, momentum=0.1, affine=True, track_running_stats=True)
                  (activation): ReLU()
                )
                (1): ResNetConvLayer(
                  (convolution): Conv2d(128, 128, kernel_size=(3, 3), stride=(1, 1), padding=(1, 1), bias=False)
                  (normalization): BatchNorm2d(128, eps=1e-05, momentum=0.1, affine=True, track_running_stats=True)
                  (activation): ReLU()
                )
                (2): ResNetConvLayer(
                  (convolution): Conv2d(128, 512, kernel_size=(1, 1), stride=(1, 1), bias=False)
                  (normalization): BatchNorm2d(512, eps=1e-05, momentum=0.1, affine=True, track_running_stats=True)
                  (activation): Identity()
                )
              )
              (activation): ReLU()
            )
          )
        )
        (2): ResNetStage(
          (layers): Sequential(
            (0): ResNetBottleNeckLayer(
              (shortcut): ResNetShortCut(
                (convolution): Conv2d(512, 1024, kernel_size=(1, 1), stride=(2, 2), bias=False)
                (normalization): BatchNorm2d(1024, eps=1e-05, momentum=0.1, affine=True, track_running_stats=True)
              )
              (layer): Sequential(
                (0): ResNetConvLayer(
                  (convolution): Conv2d(512, 256, kernel_size=(1, 1), stride=(1, 1), bias=False)
                  (normalization): BatchNorm2d(256, eps=1e-05, momentum=0.1, affine=True, track_running_stats=True)
                  (activation): ReLU()
                )
                (1): ResNetConvLayer(
                  (convolution): Conv2d(256, 256, kernel_size=(3, 3), stride=(2, 2), padding=(1, 1), bias=False)
                  (normalization): BatchNorm2d(256, eps=1e-05, momentum=0.1, affine=True, track_running_stats=True)
                  (activation): ReLU()
                )
                (2): ResNetConvLayer(
                  (convolution): Conv2d(256, 1024, kernel_size=(1, 1), stride=(1, 1), bias=False)
                  (normalization): BatchNorm2d(1024, eps=1e-05, momentum=0.1, affine=True, track_running_stats=True)
                  (activation): Identity()
                )
              )
              (activation): ReLU()
            )
            (1): ResNetBottleNeckLayer(
              (shortcut): Identity()
              (layer): Sequential(
                (0): ResNetConvLayer(
                  (convolution): Conv2d(1024, 256, kernel_size=(1, 1), stride=(1, 1), bias=False)
                  (normalization): BatchNorm2d(256, eps=1e-05, momentum=0.1, affine=True, track_running_stats=True)
                  (activation): ReLU()
                )
                (1): ResNetConvLayer(
                  (convolution): Conv2d(256, 256, kernel_size=(3, 3), stride=(1, 1), padding=(1, 1), bias=False)
                  (normalization): BatchNorm2d(256, eps=1e-05, momentum=0.1, affine=True, track_running_stats=True)
                  (activation): ReLU()
                )
                (2): ResNetConvLayer(
                  (convolution): Conv2d(256, 1024, kernel_size=(1, 1), stride=(1, 1), bias=False)
                  (normalization): BatchNorm2d(1024, eps=1e-05, momentum=0.1, affine=True, track_running_stats=True)
                  (activation): Identity()
                )
              )
              (activation): ReLU()
            )
            (2): ResNetBottleNeckLayer(
              (shortcut): Identity()
              (layer): Sequential(
                (0): ResNetConvLayer(
                  (convolution): Conv2d(1024, 256, kernel_size=(1, 1), stride=(1, 1), bias=False)
                  (normalization): BatchNorm2d(256, eps=1e-05, momentum=0.1, affine=True, track_running_stats=True)
                  (activation): ReLU()
                )
                (1): ResNetConvLayer(
                  (convolution): Conv2d(256, 256, kernel_size=(3, 3), stride=(1, 1), padding=(1, 1), bias=False)
                  (normalization): BatchNorm2d(256, eps=1e-05, momentum=0.1, affine=True, track_running_stats=True)
                  (activation): ReLU()
                )
                (2): ResNetConvLayer(
                  (convolution): Conv2d(256, 1024, kernel_size=(1, 1), stride=(1, 1), bias=False)
                  (normalization): BatchNorm2d(1024, eps=1e-05, momentum=0.1, affine=True, track_running_stats=True)
                  (activation): Identity()
                )
              )
              (activation): ReLU()
            )
            (3): ResNetBottleNeckLayer(
              (shortcut): Identity()
              (layer): Sequential(
                (0): ResNetConvLayer(
                  (convolution): Conv2d(1024, 256, kernel_size=(1, 1), stride=(1, 1), bias=False)
                  (normalization): BatchNorm2d(256, eps=1e-05, momentum=0.1, affine=True, track_running_stats=True)
                  (activation): ReLU()
                )
                (1): ResNetConvLayer(
                  (convolution): Conv2d(256, 256, kernel_size=(3, 3), stride=(1, 1), padding=(1, 1), bias=False)
                  (normalization): BatchNorm2d(256, eps=1e-05, momentum=0.1, affine=True, track_running_stats=True)
                  (activation): ReLU()
                )
                (2): ResNetConvLayer(
                  (convolution): Conv2d(256, 1024, kernel_size=(1, 1), stride=(1, 1), bias=False)
                  (normalization): BatchNorm2d(1024, eps=1e-05, momentum=0.1, affine=True, track_running_stats=True)
                  (activation): Identity()
                )
              )
              (activation): ReLU()
            )
            (4): ResNetBottleNeckLayer(
              (shortcut): Identity()
              (layer): Sequential(
                (0): ResNetConvLayer(
                  (convolution): Conv2d(1024, 256, kernel_size=(1, 1), stride=(1, 1), bias=False)
                  (normalization): BatchNorm2d(256, eps=1e-05, momentum=0.1, affine=True, track_running_stats=True)
                  (activation): ReLU()
                )
                (1): ResNetConvLayer(
                  (convolution): Conv2d(256, 256, kernel_size=(3, 3), stride=(1, 1), padding=(1, 1), bias=False)
                  (normalization): BatchNorm2d(256, eps=1e-05, momentum=0.1, affine=True, track_running_stats=True)
                  (activation): ReLU()
                )
                (2): ResNetConvLayer(
                  (convolution): Conv2d(256, 1024, kernel_size=(1, 1), stride=(1, 1), bias=False)
                  (normalization): BatchNorm2d(1024, eps=1e-05, momentum=0.1, affine=True, track_running_stats=True)
                  (activation): Identity()
                )
              )
              (activation): ReLU()
            )
            (5): ResNetBottleNeckLayer(
              (shortcut): Identity()
              (layer): Sequential(
                (0): ResNetConvLayer(
                  (convolution): Conv2d(1024, 256, kernel_size=(1, 1), stride=(1, 1), bias=False)
                  (normalization): BatchNorm2d(256, eps=1e-05, momentum=0.1, affine=True, track_running_stats=True)
                  (activation): ReLU()
                )
                (1): ResNetConvLayer(
                  (convolution): Conv2d(256, 256, kernel_size=(3, 3), stride=(1, 1), padding=(1, 1), bias=False)
                  (normalization): BatchNorm2d(256, eps=1e-05, momentum=0.1, affine=True, track_running_stats=True)
                  (activation): ReLU()
                )
                (2): ResNetConvLayer(
                  (convolution): Conv2d(256, 1024, kernel_size=(1, 1), stride=(1, 1), bias=False)
                  (normalization): BatchNorm2d(1024, eps=1e-05, momentum=0.1, affine=True, track_running_stats=True)
                  (activation): Identity()
                )
              )
              (activation): ReLU()
            )
          )
        )
        (3): ResNetStage(
          (layers): Sequential(
            (0): ResNetBottleNeckLayer(
              (shortcut): ResNetShortCut(
                (convolution): Conv2d(1024, 2048, kernel_size=(1, 1), stride=(2, 2), bias=False)
                (normalization): BatchNorm2d(2048, eps=1e-05, momentum=0.1, affine=True, track_running_stats=True)
              )
              (layer): Sequential(
                (0): ResNetConvLayer(
                  (convolution): Conv2d(1024, 512, kernel_size=(1, 1), stride=(1, 1), bias=False)
                  (normalization): BatchNorm2d(512, eps=1e-05, momentum=0.1, affine=True, track_running_stats=True)
                  (activation): ReLU()
                )
                (1): ResNetConvLayer(
                  (convolution): Conv2d(512, 512, kernel_size=(3, 3), stride=(2, 2), padding=(1, 1), bias=False)
                  (normalization): BatchNorm2d(512, eps=1e-05, momentum=0.1, affine=True, track_running_stats=True)
                  (activation): ReLU()
                )
                (2): ResNetConvLayer(
                  (convolution): Conv2d(512, 2048, kernel_size=(1, 1), stride=(1, 1), bias=False)
                  (normalization): BatchNorm2d(2048, eps=1e-05, momentum=0.1, affine=True, track_running_stats=True)
                  (activation): Identity()
                )
              )
              (activation): ReLU()
            )
            (1): ResNetBottleNeckLayer(
              (shortcut): Identity()
              (layer): Sequential(
                (0): ResNetConvLayer(
                  (convolution): Conv2d(2048, 512, kernel_size=(1, 1), stride=(1, 1), bias=False)
                  (normalization): BatchNorm2d(512, eps=1e-05, momentum=0.1, affine=True, track_running_stats=True)
                  (activation): ReLU()
                )
                (1): ResNetConvLayer(
                  (convolution): Conv2d(512, 512, kernel_size=(3, 3), stride=(1, 1), padding=(1, 1), bias=False)
                  (normalization): BatchNorm2d(512, eps=1e-05, momentum=0.1, affine=True, track_running_stats=True)
                  (activation): ReLU()
                )
                (2): ResNetConvLayer(
                  (convolution): Conv2d(512, 2048, kernel_size=(1, 1), stride=(1, 1), bias=False)
                  (normalization): BatchNorm2d(2048, eps=1e-05, momentum=0.1, affine=True, track_running_stats=True)
                  (activation): Identity()
                )
              )
              (activation): ReLU()
            )
            (2): ResNetBottleNeckLayer(
              (shortcut): Identity()
              (layer): Sequential(
                (0): ResNetConvLayer(
                  (convolution): Conv2d(2048, 512, kernel_size=(1, 1), stride=(1, 1), bias=False)
                  (normalization): BatchNorm2d(512, eps=1e-05, momentum=0.1, affine=True, track_running_stats=True)
                  (activation): ReLU()
                )
                (1): ResNetConvLayer(
                  (convolution): Conv2d(512, 512, kernel_size=(3, 3), stride=(1, 1), padding=(1, 1), bias=False)
                  (normalization): BatchNorm2d(512, eps=1e-05, momentum=0.1, affine=True, track_running_stats=True)
                  (activation): ReLU()
                )
                (2): ResNetConvLayer(
                  (convolution): Conv2d(512, 2048, kernel_size=(1, 1), stride=(1, 1), bias=False)
                  (normalization): BatchNorm2d(2048, eps=1e-05, momentum=0.1, affine=True, track_running_stats=True)
                  (activation): Identity()
                )
              )
              (activation): ReLU()
            )
          )
        )
      )
    )
    (pooler): AdaptiveAvgPool2d(output_size=(1, 1))
  )
  (pre_branch): Sequential(
    (0): Flatten(start_dim=1, end_dim=-1)
    (1): Linear(in_features=2048, out_features=512, bias=True)
    (2): ReLU()
    (3): Dropout(p=0.5, inplace=False)
  )
  (branch1): Linear(in_features=512, out_features=11, bias=True)
  (loss_fn): MaskedDomainAdversarialLoss(
    (branch1_loss_fn): InstanceWeightedCrossEntropyLoss(
      (base_loss): CrossEntropyLoss()
    )
    (branch2_loss_fn): BCEWithLogitsLoss()
  )
  (grad_reverse): GradientReversal()
  (branch2): Sequential(
    (0): GradientReversal()
    (1): Linear(in_features=512, out_features=1, bias=True)
  )
)
[INFO|evaluation_funcs.py:99] 2025-11-21 05:48:24,621 >> Beginning evaluation of fold 0 (#1 out of 1)
[INFO|evaluation_funcs.py:107] 2025-11-21 05:49:00,984 >> Instantiated eval dataset TwoLabelDataset, length 17778, which is file /data/DG_Test_set/test_dataset_Uniform_Noise.npz
[INFO|training_args.py:1598] 2025-11-21 05:49:00,989 >> No output directory specified, defaulting to 'trainer_output'. To change this behavior, specify --output_dir when creating TrainingArguments.
[INFO|training_args.py:1598] 2025-11-21 05:49:00,989 >> No output directory specified, defaulting to 'trainer_output'. To change this behavior, specify --output_dir when creating TrainingArguments.
[INFO|training_args.py:2222] 2025-11-21 05:49:00,990 >> PyTorch: setting up devices
[INFO|training_args.py:2222] 2025-11-21 05:49:00,990 >> PyTorch: setting up devices
[INFO|evaluation_funcs.py:55] 2025-11-21 05:49:01,116 >> TrainingArguments(
_n_gpu=1,
accelerator_config={'split_batches': False, 'dispatch_batches': None, 'even_batches': True, 'use_seedable_sampler': True, 'non_blocking': False, 'gradient_accumulation_kwargs': None, 'use_configured_state': False},
adafactor=False,
adam_beta1=0.9,
adam_beta2=0.999,
adam_epsilon=1e-08,
auto_find_batch_size=False,
average_tokens_across_devices=True,
batch_eval_metrics=False,
bf16=False,
bf16_full_eval=False,
data_seed=None,
dataloader_drop_last=False,
dataloader_num_workers=0,
dataloader_persistent_workers=False,
dataloader_pin_memory=False,
dataloader_prefetch_factor=None,
ddp_backend=None,
ddp_broadcast_buffers=None,
ddp_bucket_cap_mb=None,
ddp_find_unused_parameters=None,
ddp_timeout=1800,
debug=[],
deepspeed=None,
disable_tqdm=False,
do_eval=False,
do_predict=False,
do_train=False,
eval_accumulation_steps=None,
eval_delay=0,
eval_do_concat_batches=True,
eval_on_start=False,
eval_steps=None,
eval_strategy=IntervalStrategy.NO,
eval_use_gather_object=False,
fp16=False,
fp16_backend=auto,
fp16_full_eval=False,
fp16_opt_level=O1,
fsdp=[],
fsdp_config={'min_num_params': 0, 'xla': False, 'xla_fsdp_v2': False, 'xla_fsdp_grad_ckpt': False},
fsdp_min_num_params=0,
fsdp_transformer_layer_cls_to_wrap=None,
full_determinism=False,
gradient_accumulation_steps=1,
gradient_checkpointing=False,
gradient_checkpointing_kwargs=None,
greater_is_better=None,
group_by_length=False,
half_precision_backend=auto,
hub_always_push=False,
hub_model_id=None,
hub_private_repo=None,
hub_revision=None,
hub_strategy=HubStrategy.EVERY_SAVE,
hub_token=<HUB_TOKEN>,
ignore_data_skip=False,
include_for_metrics=[],
include_inputs_for_metrics=False,
include_num_input_tokens_seen=no,
include_tokens_per_second=False,
jit_mode_eval=False,
label_names=None,
label_smoothing_factor=0.0,
learning_rate=5e-05,
length_column_name=length,
liger_kernel_config=None,
load_best_model_at_end=False,
local_rank=0,
log_level=passive,
log_level_replica=warning,
log_on_each_node=True,
logging_dir=trainer_output/runs/Nov21_05-49-00_c0d8d6395f10,
logging_first_step=False,
logging_nan_inf_filter=True,
logging_steps=500,
logging_strategy=IntervalStrategy.STEPS,
lr_scheduler_kwargs={},
lr_scheduler_type=SchedulerType.LINEAR,
max_grad_norm=1.0,
max_steps=-1,
metric_for_best_model=None,
mp_parameters=,
neftune_noise_alpha=None,
no_cuda=False,
num_train_epochs=3.0,
optim=OptimizerNames.ADAMW_TORCH,
optim_args=None,
optim_target_modules=None,
output_dir=trainer_output,
overwrite_output_dir=False,
parallelism_config=None,
past_index=-1,
per_device_eval_batch_size=32,
per_device_train_batch_size=8,
prediction_loss_only=False,
project=huggingface,
push_to_hub=False,
push_to_hub_model_id=None,
push_to_hub_organization=None,
push_to_hub_token=<PUSH_TO_HUB_TOKEN>,
ray_scope=last,
remove_unused_columns=True,
report_to=[],
restore_callback_states_from_checkpoint=False,
resume_from_checkpoint=None,
run_name=None,
save_on_each_node=False,
save_only_model=False,
save_safetensors=True,
save_steps=500,
save_strategy=SaveStrategy.STEPS,
save_total_limit=None,
seed=42,
skip_memory_metrics=True,
tf32=None,
torch_compile=False,
torch_compile_backend=None,
torch_compile_mode=None,
torch_empty_cache_steps=None,
torchdynamo=None,
tpu_metrics_debug=False,
tpu_num_cores=None,
trackio_space_id=trackio,
use_cpu=False,
use_legacy_prediction_loop=False,
use_liger_kernel=False,
use_mps_device=False,
warmup_ratio=0.0,
warmup_steps=0,
weight_decay=0.0,
)
[INFO|trainer.py:4643] 2025-11-21 05:49:01,417 >> 
***** Running Evaluation *****
[INFO|trainer.py:4643] 2025-11-21 05:49:01,417 >> 
***** Running Evaluation *****
[INFO|trainer.py:4645] 2025-11-21 05:49:01,417 >>   Num examples = 17778
[INFO|trainer.py:4645] 2025-11-21 05:49:01,417 >>   Num examples = 17778
[INFO|trainer.py:4648] 2025-11-21 05:49:01,418 >>   Batch size = 32
[INFO|trainer.py:4648] 2025-11-21 05:49:01,418 >>   Batch size = 32
[INFO|evaluation_funcs.py:69] 2025-11-21 05:49:22,180 >> Metrics: {'eval_loss': 0.7737358808517456, 'eval_model_preparation_time': 0.0027, 'eval_accuracy_branch1': 0.49274384070199123, 'eval_precision_branch1': 0.5217269206697759, 'eval_recall_branch1': 0.3997437508787049, 'eval_f1_branch1': 0.35471154625525064, 'eval_accuracy_branch2': 0.34390820114748566, 'eval_precision_branch2': 0.5, 'eval_recall_branch2': 0.17195410057374283, 'eval_f1_branch2': 0.2559015570065294, 'eval_lambda': 0.0, 'eval_tn_branch2': 0, 'eval_fp_branch2': 0, 'eval_fn_branch2': 11664, 'eval_tp_branch2': 6114, 'eval_loss_branch1': 0.0, 'eval_loss_branch2': 0.7737409472465515, 'eval_cm_branch1_actual0_pred0': 2, 'eval_cm_branch1_actual0_pred1': 0, 'eval_cm_branch1_actual0_pred2': 0, 'eval_cm_branch1_actual0_pred3': 2, 'eval_cm_branch1_actual0_pred4': 0, 'eval_cm_branch1_actual0_pred5': 0, 'eval_cm_branch1_actual0_pred6': 489, 'eval_cm_branch1_actual0_pred7': 0, 'eval_cm_branch1_actual0_pred8': 0, 'eval_cm_branch1_actual0_pred9': 517, 'eval_cm_branch1_actual0_pred10': 26, 'eval_cm_branch1_actual1_pred0': 192, 'eval_cm_branch1_actual1_pred1': 17, 'eval_cm_branch1_actual1_pred2': 0, 'eval_cm_branch1_actual1_pred3': 19, 'eval_cm_branch1_actual1_pred4': 3, 'eval_cm_branch1_actual1_pred5': 31, 'eval_cm_branch1_actual1_pred6': 125, 'eval_cm_branch1_actual1_pred7': 0, 'eval_cm_branch1_actual1_pred8': 5, 'eval_cm_branch1_actual1_pred9': 356, 'eval_cm_branch1_actual1_pred10': 36, 'eval_cm_branch1_actual2_pred0': 266, 'eval_cm_branch1_actual2_pred1': 1, 'eval_cm_branch1_actual2_pred2': 5, 'eval_cm_branch1_actual2_pred3': 12, 'eval_cm_branch1_actual2_pred4': 67, 'eval_cm_branch1_actual2_pred5': 2, 'eval_cm_branch1_actual2_pred6': 114, 'eval_cm_branch1_actual2_pred7': 0, 'eval_cm_branch1_actual2_pred8': 23, 'eval_cm_branch1_actual2_pred9': 286, 'eval_cm_branch1_actual2_pred10': 17, 'eval_cm_branch1_actual3_pred0': 5, 'eval_cm_branch1_actual3_pred1': 0, 'eval_cm_branch1_actual3_pred2': 0, 'eval_cm_branch1_actual3_pred3': 377, 'eval_cm_branch1_actual3_pred4': 0, 'eval_cm_branch1_actual3_pred5': 0, 'eval_cm_branch1_actual3_pred6': 319, 'eval_cm_branch1_actual3_pred7': 41, 'eval_cm_branch1_actual3_pred8': 6, 'eval_cm_branch1_actual3_pred9': 11, 'eval_cm_branch1_actual3_pred10': 26, 'eval_cm_branch1_actual4_pred0': 135, 'eval_cm_branch1_actual4_pred1': 0, 'eval_cm_branch1_actual4_pred2': 0, 'eval_cm_branch1_actual4_pred3': 112, 'eval_cm_branch1_actual4_pred4': 0, 'eval_cm_branch1_actual4_pred5': 0, 'eval_cm_branch1_actual4_pred6': 825, 'eval_cm_branch1_actual4_pred7': 0, 'eval_cm_branch1_actual4_pred8': 12, 'eval_cm_branch1_actual4_pred9': 478, 'eval_cm_branch1_actual4_pred10': 502, 'eval_cm_branch1_actual5_pred0': 35, 'eval_cm_branch1_actual5_pred1': 0, 'eval_cm_branch1_actual5_pred2': 0, 'eval_cm_branch1_actual5_pred3': 89, 'eval_cm_branch1_actual5_pred4': 0, 'eval_cm_branch1_actual5_pred5': 5, 'eval_cm_branch1_actual5_pred6': 899, 'eval_cm_branch1_actual5_pred7': 0, 'eval_cm_branch1_actual5_pred8': 8, 'eval_cm_branch1_actual5_pred9': 696, 'eval_cm_branch1_actual5_pred10': 233, 'eval_cm_branch1_actual6_pred0': 0, 'eval_cm_branch1_actual6_pred1': 0, 'eval_cm_branch1_actual6_pred2': 0, 'eval_cm_branch1_actual6_pred3': 0, 'eval_cm_branch1_actual6_pred4': 0, 'eval_cm_branch1_actual6_pred5': 0, 'eval_cm_branch1_actual6_pred6': 3247, 'eval_cm_branch1_actual6_pred7': 0, 'eval_cm_branch1_actual6_pred8': 17, 'eval_cm_branch1_actual6_pred9': 1, 'eval_cm_branch1_actual6_pred10': 20, 'eval_cm_branch1_actual7_pred0': 0, 'eval_cm_branch1_actual7_pred1': 0, 'eval_cm_branch1_actual7_pred2': 0, 'eval_cm_branch1_actual7_pred3': 1, 'eval_cm_branch1_actual7_pred4': 0, 'eval_cm_branch1_actual7_pred5': 0, 'eval_cm_branch1_actual7_pred6': 4, 'eval_cm_branch1_actual7_pred7': 1691, 'eval_cm_branch1_actual7_pred8': 20, 'eval_cm_branch1_actual7_pred9': 2, 'eval_cm_branch1_actual7_pred10': 29, 'eval_cm_branch1_actual8_pred0': 0, 'eval_cm_branch1_actual8_pred1': 0, 'eval_cm_branch1_actual8_pred2': 0, 'eval_cm_branch1_actual8_pred3': 0, 'eval_cm_branch1_actual8_pred4': 0, 'eval_cm_branch1_actual8_pred5': 0, 'eval_cm_branch1_actual8_pred6': 145, 'eval_cm_branch1_actual8_pred7': 0, 'eval_cm_branch1_actual8_pred8': 1668, 'eval_cm_branch1_actual8_pred9': 0, 'eval_cm_branch1_actual8_pred10': 0, 'eval_cm_branch1_actual9_pred0': 0, 'eval_cm_branch1_actual9_pred1': 0, 'eval_cm_branch1_actual9_pred2': 0, 'eval_cm_branch1_actual9_pred3': 0, 'eval_cm_branch1_actual9_pred4': 0, 'eval_cm_branch1_actual9_pred5': 0, 'eval_cm_branch1_actual9_pred6': 468, 'eval_cm_branch1_actual9_pred7': 0, 'eval_cm_branch1_actual9_pred8': 0, 'eval_cm_branch1_actual9_pred9': 936, 'eval_cm_branch1_actual9_pred10': 218, 'eval_cm_branch1_actual10_pred0': 24, 'eval_cm_branch1_actual10_pred1': 0, 'eval_cm_branch1_actual10_pred2': 0, 'eval_cm_branch1_actual10_pred3': 3, 'eval_cm_branch1_actual10_pred4': 0, 'eval_cm_branch1_actual10_pred5': 0, 'eval_cm_branch1_actual10_pred6': 774, 'eval_cm_branch1_actual10_pred7': 4, 'eval_cm_branch1_actual10_pred8': 1, 'eval_cm_branch1_actual10_pred9': 266, 'eval_cm_branch1_actual10_pred10': 812, 'eval_runtime': 20.7605, 'eval_samples_per_second': 856.336, 'eval_steps_per_second': 26.782}
[INFO|evaluation_funcs.py:96] 2025-11-21 05:49:23,129 >> Instantiated model ResNet50DANN from /data/D20_training/parabolic_increasing_lambda_scheduler_fold_0_2025-11-19_18-49-21/results/checkpoint-16424/model.safetensors. Summary:
ResNet50DANN(
  (resnet): ResNetModel(
    (embedder): ResNetEmbeddings(
      (embedder): ResNetConvLayer(
        (convolution): Conv2d(3, 64, kernel_size=(7, 7), stride=(2, 2), padding=(3, 3), bias=False)
        (normalization): BatchNorm2d(64, eps=1e-05, momentum=0.1, affine=True, track_running_stats=True)
        (activation): ReLU()
      )
      (pooler): MaxPool2d(kernel_size=3, stride=2, padding=1, dilation=1, ceil_mode=False)
    )
    (encoder): ResNetEncoder(
      (stages): ModuleList(
        (0): ResNetStage(
          (layers): Sequential(
            (0): ResNetBottleNeckLayer(
              (shortcut): ResNetShortCut(
                (convolution): Conv2d(64, 256, kernel_size=(1, 1), stride=(1, 1), bias=False)
                (normalization): BatchNorm2d(256, eps=1e-05, momentum=0.1, affine=True, track_running_stats=True)
              )
              (layer): Sequential(
                (0): ResNetConvLayer(
                  (convolution): Conv2d(64, 64, kernel_size=(1, 1), stride=(1, 1), bias=False)
                  (normalization): BatchNorm2d(64, eps=1e-05, momentum=0.1, affine=True, track_running_stats=True)
                  (activation): ReLU()
                )
                (1): ResNetConvLayer(
                  (convolution): Conv2d(64, 64, kernel_size=(3, 3), stride=(1, 1), padding=(1, 1), bias=False)
                  (normalization): BatchNorm2d(64, eps=1e-05, momentum=0.1, affine=True, track_running_stats=True)
                  (activation): ReLU()
                )
                (2): ResNetConvLayer(
                  (convolution): Conv2d(64, 256, kernel_size=(1, 1), stride=(1, 1), bias=False)
                  (normalization): BatchNorm2d(256, eps=1e-05, momentum=0.1, affine=True, track_running_stats=True)
                  (activation): Identity()
                )
              )
              (activation): ReLU()
            )
            (1): ResNetBottleNeckLayer(
              (shortcut): Identity()
              (layer): Sequential(
                (0): ResNetConvLayer(
                  (convolution): Conv2d(256, 64, kernel_size=(1, 1), stride=(1, 1), bias=False)
                  (normalization): BatchNorm2d(64, eps=1e-05, momentum=0.1, affine=True, track_running_stats=True)
                  (activation): ReLU()
                )
                (1): ResNetConvLayer(
                  (convolution): Conv2d(64, 64, kernel_size=(3, 3), stride=(1, 1), padding=(1, 1), bias=False)
                  (normalization): BatchNorm2d(64, eps=1e-05, momentum=0.1, affine=True, track_running_stats=True)
                  (activation): ReLU()
                )
                (2): ResNetConvLayer(
                  (convolution): Conv2d(64, 256, kernel_size=(1, 1), stride=(1, 1), bias=False)
                  (normalization): BatchNorm2d(256, eps=1e-05, momentum=0.1, affine=True, track_running_stats=True)
                  (activation): Identity()
                )
              )
              (activation): ReLU()
            )
            (2): ResNetBottleNeckLayer(
              (shortcut): Identity()
              (layer): Sequential(
                (0): ResNetConvLayer(
                  (convolution): Conv2d(256, 64, kernel_size=(1, 1), stride=(1, 1), bias=False)
                  (normalization): BatchNorm2d(64, eps=1e-05, momentum=0.1, affine=True, track_running_stats=True)
                  (activation): ReLU()
                )
                (1): ResNetConvLayer(
                  (convolution): Conv2d(64, 64, kernel_size=(3, 3), stride=(1, 1), padding=(1, 1), bias=False)
                  (normalization): BatchNorm2d(64, eps=1e-05, momentum=0.1, affine=True, track_running_stats=True)
                  (activation): ReLU()
                )
                (2): ResNetConvLayer(
                  (convolution): Conv2d(64, 256, kernel_size=(1, 1), stride=(1, 1), bias=False)
                  (normalization): BatchNorm2d(256, eps=1e-05, momentum=0.1, affine=True, track_running_stats=True)
                  (activation): Identity()
                )
              )
              (activation): ReLU()
            )
          )
        )
        (1): ResNetStage(
          (layers): Sequential(
            (0): ResNetBottleNeckLayer(
              (shortcut): ResNetShortCut(
                (convolution): Conv2d(256, 512, kernel_size=(1, 1), stride=(2, 2), bias=False)
                (normalization): BatchNorm2d(512, eps=1e-05, momentum=0.1, affine=True, track_running_stats=True)
              )
              (layer): Sequential(
                (0): ResNetConvLayer(
                  (convolution): Conv2d(256, 128, kernel_size=(1, 1), stride=(1, 1), bias=False)
                  (normalization): BatchNorm2d(128, eps=1e-05, momentum=0.1, affine=True, track_running_stats=True)
                  (activation): ReLU()
                )
                (1): ResNetConvLayer(
                  (convolution): Conv2d(128, 128, kernel_size=(3, 3), stride=(2, 2), padding=(1, 1), bias=False)
                  (normalization): BatchNorm2d(128, eps=1e-05, momentum=0.1, affine=True, track_running_stats=True)
                  (activation): ReLU()
                )
                (2): ResNetConvLayer(
                  (convolution): Conv2d(128, 512, kernel_size=(1, 1), stride=(1, 1), bias=False)
                  (normalization): BatchNorm2d(512, eps=1e-05, momentum=0.1, affine=True, track_running_stats=True)
                  (activation): Identity()
                )
              )
              (activation): ReLU()
            )
            (1): ResNetBottleNeckLayer(
              (shortcut): Identity()
              (layer): Sequential(
                (0): ResNetConvLayer(
                  (convolution): Conv2d(512, 128, kernel_size=(1, 1), stride=(1, 1), bias=False)
                  (normalization): BatchNorm2d(128, eps=1e-05, momentum=0.1, affine=True, track_running_stats=True)
                  (activation): ReLU()
                )
                (1): ResNetConvLayer(
                  (convolution): Conv2d(128, 128, kernel_size=(3, 3), stride=(1, 1), padding=(1, 1), bias=False)
                  (normalization): BatchNorm2d(128, eps=1e-05, momentum=0.1, affine=True, track_running_stats=True)
                  (activation): ReLU()
                )
                (2): ResNetConvLayer(
                  (convolution): Conv2d(128, 512, kernel_size=(1, 1), stride=(1, 1), bias=False)
                  (normalization): BatchNorm2d(512, eps=1e-05, momentum=0.1, affine=True, track_running_stats=True)
                  (activation): Identity()
                )
              )
              (activation): ReLU()
            )
            (2): ResNetBottleNeckLayer(
              (shortcut): Identity()
              (layer): Sequential(
                (0): ResNetConvLayer(
                  (convolution): Conv2d(512, 128, kernel_size=(1, 1), stride=(1, 1), bias=False)
                  (normalization): BatchNorm2d(128, eps=1e-05, momentum=0.1, affine=True, track_running_stats=True)
                  (activation): ReLU()
                )
                (1): ResNetConvLayer(
                  (convolution): Conv2d(128, 128, kernel_size=(3, 3), stride=(1, 1), padding=(1, 1), bias=False)
                  (normalization): BatchNorm2d(128, eps=1e-05, momentum=0.1, affine=True, track_running_stats=True)
                  (activation): ReLU()
                )
                (2): ResNetConvLayer(
                  (convolution): Conv2d(128, 512, kernel_size=(1, 1), stride=(1, 1), bias=False)
                  (normalization): BatchNorm2d(512, eps=1e-05, momentum=0.1, affine=True, track_running_stats=True)
                  (activation): Identity()
                )
              )
              (activation): ReLU()
            )
            (3): ResNetBottleNeckLayer(
              (shortcut): Identity()
              (layer): Sequential(
                (0): ResNetConvLayer(
                  (convolution): Conv2d(512, 128, kernel_size=(1, 1), stride=(1, 1), bias=False)
                  (normalization): BatchNorm2d(128, eps=1e-05, momentum=0.1, affine=True, track_running_stats=True)
                  (activation): ReLU()
                )
                (1): ResNetConvLayer(
                  (convolution): Conv2d(128, 128, kernel_size=(3, 3), stride=(1, 1), padding=(1, 1), bias=False)
                  (normalization): BatchNorm2d(128, eps=1e-05, momentum=0.1, affine=True, track_running_stats=True)
                  (activation): ReLU()
                )
                (2): ResNetConvLayer(
                  (convolution): Conv2d(128, 512, kernel_size=(1, 1), stride=(1, 1), bias=False)
                  (normalization): BatchNorm2d(512, eps=1e-05, momentum=0.1, affine=True, track_running_stats=True)
                  (activation): Identity()
                )
              )
              (activation): ReLU()
            )
          )
        )
        (2): ResNetStage(
          (layers): Sequential(
            (0): ResNetBottleNeckLayer(
              (shortcut): ResNetShortCut(
                (convolution): Conv2d(512, 1024, kernel_size=(1, 1), stride=(2, 2), bias=False)
                (normalization): BatchNorm2d(1024, eps=1e-05, momentum=0.1, affine=True, track_running_stats=True)
              )
              (layer): Sequential(
                (0): ResNetConvLayer(
                  (convolution): Conv2d(512, 256, kernel_size=(1, 1), stride=(1, 1), bias=False)
                  (normalization): BatchNorm2d(256, eps=1e-05, momentum=0.1, affine=True, track_running_stats=True)
                  (activation): ReLU()
                )
                (1): ResNetConvLayer(
                  (convolution): Conv2d(256, 256, kernel_size=(3, 3), stride=(2, 2), padding=(1, 1), bias=False)
                  (normalization): BatchNorm2d(256, eps=1e-05, momentum=0.1, affine=True, track_running_stats=True)
                  (activation): ReLU()
                )
                (2): ResNetConvLayer(
                  (convolution): Conv2d(256, 1024, kernel_size=(1, 1), stride=(1, 1), bias=False)
                  (normalization): BatchNorm2d(1024, eps=1e-05, momentum=0.1, affine=True, track_running_stats=True)
                  (activation): Identity()
                )
              )
              (activation): ReLU()
            )
            (1): ResNetBottleNeckLayer(
              (shortcut): Identity()
              (layer): Sequential(
                (0): ResNetConvLayer(
                  (convolution): Conv2d(1024, 256, kernel_size=(1, 1), stride=(1, 1), bias=False)
                  (normalization): BatchNorm2d(256, eps=1e-05, momentum=0.1, affine=True, track_running_stats=True)
                  (activation): ReLU()
                )
                (1): ResNetConvLayer(
                  (convolution): Conv2d(256, 256, kernel_size=(3, 3), stride=(1, 1), padding=(1, 1), bias=False)
                  (normalization): BatchNorm2d(256, eps=1e-05, momentum=0.1, affine=True, track_running_stats=True)
                  (activation): ReLU()
                )
                (2): ResNetConvLayer(
                  (convolution): Conv2d(256, 1024, kernel_size=(1, 1), stride=(1, 1), bias=False)
                  (normalization): BatchNorm2d(1024, eps=1e-05, momentum=0.1, affine=True, track_running_stats=True)
                  (activation): Identity()
                )
              )
              (activation): ReLU()
            )
            (2): ResNetBottleNeckLayer(
              (shortcut): Identity()
              (layer): Sequential(
                (0): ResNetConvLayer(
                  (convolution): Conv2d(1024, 256, kernel_size=(1, 1), stride=(1, 1), bias=False)
                  (normalization): BatchNorm2d(256, eps=1e-05, momentum=0.1, affine=True, track_running_stats=True)
                  (activation): ReLU()
                )
                (1): ResNetConvLayer(
                  (convolution): Conv2d(256, 256, kernel_size=(3, 3), stride=(1, 1), padding=(1, 1), bias=False)
                  (normalization): BatchNorm2d(256, eps=1e-05, momentum=0.1, affine=True, track_running_stats=True)
                  (activation): ReLU()
                )
                (2): ResNetConvLayer(
                  (convolution): Conv2d(256, 1024, kernel_size=(1, 1), stride=(1, 1), bias=False)
                  (normalization): BatchNorm2d(1024, eps=1e-05, momentum=0.1, affine=True, track_running_stats=True)
                  (activation): Identity()
                )
              )
              (activation): ReLU()
            )
            (3): ResNetBottleNeckLayer(
              (shortcut): Identity()
              (layer): Sequential(
                (0): ResNetConvLayer(
                  (convolution): Conv2d(1024, 256, kernel_size=(1, 1), stride=(1, 1), bias=False)
                  (normalization): BatchNorm2d(256, eps=1e-05, momentum=0.1, affine=True, track_running_stats=True)
                  (activation): ReLU()
                )
                (1): ResNetConvLayer(
                  (convolution): Conv2d(256, 256, kernel_size=(3, 3), stride=(1, 1), padding=(1, 1), bias=False)
                  (normalization): BatchNorm2d(256, eps=1e-05, momentum=0.1, affine=True, track_running_stats=True)
                  (activation): ReLU()
                )
                (2): ResNetConvLayer(
                  (convolution): Conv2d(256, 1024, kernel_size=(1, 1), stride=(1, 1), bias=False)
                  (normalization): BatchNorm2d(1024, eps=1e-05, momentum=0.1, affine=True, track_running_stats=True)
                  (activation): Identity()
                )
              )
              (activation): ReLU()
            )
            (4): ResNetBottleNeckLayer(
              (shortcut): Identity()
              (layer): Sequential(
                (0): ResNetConvLayer(
                  (convolution): Conv2d(1024, 256, kernel_size=(1, 1), stride=(1, 1), bias=False)
                  (normalization): BatchNorm2d(256, eps=1e-05, momentum=0.1, affine=True, track_running_stats=True)
                  (activation): ReLU()
                )
                (1): ResNetConvLayer(
                  (convolution): Conv2d(256, 256, kernel_size=(3, 3), stride=(1, 1), padding=(1, 1), bias=False)
                  (normalization): BatchNorm2d(256, eps=1e-05, momentum=0.1, affine=True, track_running_stats=True)
                  (activation): ReLU()
                )
                (2): ResNetConvLayer(
                  (convolution): Conv2d(256, 1024, kernel_size=(1, 1), stride=(1, 1), bias=False)
                  (normalization): BatchNorm2d(1024, eps=1e-05, momentum=0.1, affine=True, track_running_stats=True)
                  (activation): Identity()
                )
              )
              (activation): ReLU()
            )
            (5): ResNetBottleNeckLayer(
              (shortcut): Identity()
              (layer): Sequential(
                (0): ResNetConvLayer(
                  (convolution): Conv2d(1024, 256, kernel_size=(1, 1), stride=(1, 1), bias=False)
                  (normalization): BatchNorm2d(256, eps=1e-05, momentum=0.1, affine=True, track_running_stats=True)
                  (activation): ReLU()
                )
                (1): ResNetConvLayer(
                  (convolution): Conv2d(256, 256, kernel_size=(3, 3), stride=(1, 1), padding=(1, 1), bias=False)
                  (normalization): BatchNorm2d(256, eps=1e-05, momentum=0.1, affine=True, track_running_stats=True)
                  (activation): ReLU()
                )
                (2): ResNetConvLayer(
                  (convolution): Conv2d(256, 1024, kernel_size=(1, 1), stride=(1, 1), bias=False)
                  (normalization): BatchNorm2d(1024, eps=1e-05, momentum=0.1, affine=True, track_running_stats=True)
                  (activation): Identity()
                )
              )
              (activation): ReLU()
            )
          )
        )
        (3): ResNetStage(
          (layers): Sequential(
            (0): ResNetBottleNeckLayer(
              (shortcut): ResNetShortCut(
                (convolution): Conv2d(1024, 2048, kernel_size=(1, 1), stride=(2, 2), bias=False)
                (normalization): BatchNorm2d(2048, eps=1e-05, momentum=0.1, affine=True, track_running_stats=True)
              )
              (layer): Sequential(
                (0): ResNetConvLayer(
                  (convolution): Conv2d(1024, 512, kernel_size=(1, 1), stride=(1, 1), bias=False)
                  (normalization): BatchNorm2d(512, eps=1e-05, momentum=0.1, affine=True, track_running_stats=True)
                  (activation): ReLU()
                )
                (1): ResNetConvLayer(
                  (convolution): Conv2d(512, 512, kernel_size=(3, 3), stride=(2, 2), padding=(1, 1), bias=False)
                  (normalization): BatchNorm2d(512, eps=1e-05, momentum=0.1, affine=True, track_running_stats=True)
                  (activation): ReLU()
                )
                (2): ResNetConvLayer(
                  (convolution): Conv2d(512, 2048, kernel_size=(1, 1), stride=(1, 1), bias=False)
                  (normalization): BatchNorm2d(2048, eps=1e-05, momentum=0.1, affine=True, track_running_stats=True)
                  (activation): Identity()
                )
              )
              (activation): ReLU()
            )
            (1): ResNetBottleNeckLayer(
              (shortcut): Identity()
              (layer): Sequential(
                (0): ResNetConvLayer(
                  (convolution): Conv2d(2048, 512, kernel_size=(1, 1), stride=(1, 1), bias=False)
                  (normalization): BatchNorm2d(512, eps=1e-05, momentum=0.1, affine=True, track_running_stats=True)
                  (activation): ReLU()
                )
                (1): ResNetConvLayer(
                  (convolution): Conv2d(512, 512, kernel_size=(3, 3), stride=(1, 1), padding=(1, 1), bias=False)
                  (normalization): BatchNorm2d(512, eps=1e-05, momentum=0.1, affine=True, track_running_stats=True)
                  (activation): ReLU()
                )
                (2): ResNetConvLayer(
                  (convolution): Conv2d(512, 2048, kernel_size=(1, 1), stride=(1, 1), bias=False)
                  (normalization): BatchNorm2d(2048, eps=1e-05, momentum=0.1, affine=True, track_running_stats=True)
                  (activation): Identity()
                )
              )
              (activation): ReLU()
            )
            (2): ResNetBottleNeckLayer(
              (shortcut): Identity()
              (layer): Sequential(
                (0): ResNetConvLayer(
                  (convolution): Conv2d(2048, 512, kernel_size=(1, 1), stride=(1, 1), bias=False)
                  (normalization): BatchNorm2d(512, eps=1e-05, momentum=0.1, affine=True, track_running_stats=True)
                  (activation): ReLU()
                )
                (1): ResNetConvLayer(
                  (convolution): Conv2d(512, 512, kernel_size=(3, 3), stride=(1, 1), padding=(1, 1), bias=False)
                  (normalization): BatchNorm2d(512, eps=1e-05, momentum=0.1, affine=True, track_running_stats=True)
                  (activation): ReLU()
                )
                (2): ResNetConvLayer(
                  (convolution): Conv2d(512, 2048, kernel_size=(1, 1), stride=(1, 1), bias=False)
                  (normalization): BatchNorm2d(2048, eps=1e-05, momentum=0.1, affine=True, track_running_stats=True)
                  (activation): Identity()
                )
              )
              (activation): ReLU()
            )
          )
        )
      )
    )
    (pooler): AdaptiveAvgPool2d(output_size=(1, 1))
  )
  (pre_branch): Sequential(
    (0): Flatten(start_dim=1, end_dim=-1)
    (1): Linear(in_features=2048, out_features=512, bias=True)
    (2): ReLU()
    (3): Dropout(p=0.5, inplace=False)
  )
  (branch1): Linear(in_features=512, out_features=11, bias=True)
  (loss_fn): MaskedDomainAdversarialLoss(
    (branch1_loss_fn): InstanceWeightedCrossEntropyLoss(
      (base_loss): CrossEntropyLoss()
    )
    (branch2_loss_fn): BCEWithLogitsLoss()
  )
  (grad_reverse): GradientReversal()
  (branch2): Sequential(
    (0): GradientReversal()
    (1): Linear(in_features=512, out_features=1, bias=True)
  )
)
[INFO|evaluation_funcs.py:99] 2025-11-21 05:49:23,130 >> Beginning evaluation of fold 0 (#1 out of 1)
[INFO|evaluation_funcs.py:107] 2025-11-21 05:49:59,153 >> Instantiated eval dataset TwoLabelDataset, length 17778, which is file /data/DG_Test_set/test_dataset_Uniform_Noise.npz
[INFO|training_args.py:1598] 2025-11-21 05:49:59,156 >> No output directory specified, defaulting to 'trainer_output'. To change this behavior, specify --output_dir when creating TrainingArguments.
[INFO|training_args.py:1598] 2025-11-21 05:49:59,156 >> No output directory specified, defaulting to 'trainer_output'. To change this behavior, specify --output_dir when creating TrainingArguments.
[INFO|training_args.py:2222] 2025-11-21 05:49:59,156 >> PyTorch: setting up devices
[INFO|training_args.py:2222] 2025-11-21 05:49:59,156 >> PyTorch: setting up devices
[INFO|evaluation_funcs.py:55] 2025-11-21 05:49:59,207 >> TrainingArguments(
_n_gpu=1,
accelerator_config={'split_batches': False, 'dispatch_batches': None, 'even_batches': True, 'use_seedable_sampler': True, 'non_blocking': False, 'gradient_accumulation_kwargs': None, 'use_configured_state': False},
adafactor=False,
adam_beta1=0.9,
adam_beta2=0.999,
adam_epsilon=1e-08,
auto_find_batch_size=False,
average_tokens_across_devices=True,
batch_eval_metrics=False,
bf16=False,
bf16_full_eval=False,
data_seed=None,
dataloader_drop_last=False,
dataloader_num_workers=0,
dataloader_persistent_workers=False,
dataloader_pin_memory=False,
dataloader_prefetch_factor=None,
ddp_backend=None,
ddp_broadcast_buffers=None,
ddp_bucket_cap_mb=None,
ddp_find_unused_parameters=None,
ddp_timeout=1800,
debug=[],
deepspeed=None,
disable_tqdm=False,
do_eval=False,
do_predict=False,
do_train=False,
eval_accumulation_steps=None,
eval_delay=0,
eval_do_concat_batches=True,
eval_on_start=False,
eval_steps=None,
eval_strategy=IntervalStrategy.NO,
eval_use_gather_object=False,
fp16=False,
fp16_backend=auto,
fp16_full_eval=False,
fp16_opt_level=O1,
fsdp=[],
fsdp_config={'min_num_params': 0, 'xla': False, 'xla_fsdp_v2': False, 'xla_fsdp_grad_ckpt': False},
fsdp_min_num_params=0,
fsdp_transformer_layer_cls_to_wrap=None,
full_determinism=False,
gradient_accumulation_steps=1,
gradient_checkpointing=False,
gradient_checkpointing_kwargs=None,
greater_is_better=None,
group_by_length=False,
half_precision_backend=auto,
hub_always_push=False,
hub_model_id=None,
hub_private_repo=None,
hub_revision=None,
hub_strategy=HubStrategy.EVERY_SAVE,
hub_token=<HUB_TOKEN>,
ignore_data_skip=False,
include_for_metrics=[],
include_inputs_for_metrics=False,
include_num_input_tokens_seen=no,
include_tokens_per_second=False,
jit_mode_eval=False,
label_names=None,
label_smoothing_factor=0.0,
learning_rate=5e-05,
length_column_name=length,
liger_kernel_config=None,
load_best_model_at_end=False,
local_rank=0,
log_level=passive,
log_level_replica=warning,
log_on_each_node=True,
logging_dir=trainer_output/runs/Nov21_05-49-59_c0d8d6395f10,
logging_first_step=False,
logging_nan_inf_filter=True,
logging_steps=500,
logging_strategy=IntervalStrategy.STEPS,
lr_scheduler_kwargs={},
lr_scheduler_type=SchedulerType.LINEAR,
max_grad_norm=1.0,
max_steps=-1,
metric_for_best_model=None,
mp_parameters=,
neftune_noise_alpha=None,
no_cuda=False,
num_train_epochs=3.0,
optim=OptimizerNames.ADAMW_TORCH,
optim_args=None,
optim_target_modules=None,
output_dir=trainer_output,
overwrite_output_dir=False,
parallelism_config=None,
past_index=-1,
per_device_eval_batch_size=32,
per_device_train_batch_size=8,
prediction_loss_only=False,
project=huggingface,
push_to_hub=False,
push_to_hub_model_id=None,
push_to_hub_organization=None,
push_to_hub_token=<PUSH_TO_HUB_TOKEN>,
ray_scope=last,
remove_unused_columns=True,
report_to=[],
restore_callback_states_from_checkpoint=False,
resume_from_checkpoint=None,
run_name=None,
save_on_each_node=False,
save_only_model=False,
save_safetensors=True,
save_steps=500,
save_strategy=SaveStrategy.STEPS,
save_total_limit=None,
seed=42,
skip_memory_metrics=True,
tf32=None,
torch_compile=False,
torch_compile_backend=None,
torch_compile_mode=None,
torch_empty_cache_steps=None,
torchdynamo=None,
tpu_metrics_debug=False,
tpu_num_cores=None,
trackio_space_id=trackio,
use_cpu=False,
use_legacy_prediction_loop=False,
use_liger_kernel=False,
use_mps_device=False,
warmup_ratio=0.0,
warmup_steps=0,
weight_decay=0.0,
)
[INFO|trainer.py:4643] 2025-11-21 05:49:59,451 >> 
***** Running Evaluation *****
[INFO|trainer.py:4643] 2025-11-21 05:49:59,451 >> 
***** Running Evaluation *****
[INFO|trainer.py:4645] 2025-11-21 05:49:59,452 >>   Num examples = 17778
[INFO|trainer.py:4645] 2025-11-21 05:49:59,452 >>   Num examples = 17778
[INFO|trainer.py:4648] 2025-11-21 05:49:59,453 >>   Batch size = 32
[INFO|trainer.py:4648] 2025-11-21 05:49:59,453 >>   Batch size = 32
[INFO|evaluation_funcs.py:69] 2025-11-21 05:50:18,623 >> Metrics: {'eval_loss': 0.5274026393890381, 'eval_model_preparation_time': 0.0026, 'eval_accuracy_branch1': 0.4623692203847452, 'eval_precision_branch1': 0.5481264743832575, 'eval_recall_branch1': 0.40934628316507876, 'eval_f1_branch1': 0.37212547921507466, 'eval_accuracy_branch2': 0.8292833839577005, 'eval_precision_branch2': 0.5, 'eval_recall_branch2': 0.41464169197885026, 'eval_f1_branch2': 0.4533378432397528, 'eval_lambda': 0.0, 'eval_tn_branch2': 0, 'eval_fp_branch2': 0, 'eval_fn_branch2': 3035, 'eval_tp_branch2': 14743, 'eval_loss_branch1': 0.0, 'eval_loss_branch2': 0.5274969935417175, 'eval_cm_branch1_actual0_pred0': 0, 'eval_cm_branch1_actual0_pred1': 0, 'eval_cm_branch1_actual0_pred2': 0, 'eval_cm_branch1_actual0_pred3': 0, 'eval_cm_branch1_actual0_pred4': 0, 'eval_cm_branch1_actual0_pred5': 0, 'eval_cm_branch1_actual0_pred6': 807, 'eval_cm_branch1_actual0_pred7': 0, 'eval_cm_branch1_actual0_pred8': 13, 'eval_cm_branch1_actual0_pred9': 95, 'eval_cm_branch1_actual0_pred10': 121, 'eval_cm_branch1_actual1_pred0': 2, 'eval_cm_branch1_actual1_pred1': 359, 'eval_cm_branch1_actual1_pred2': 0, 'eval_cm_branch1_actual1_pred3': 0, 'eval_cm_branch1_actual1_pred4': 0, 'eval_cm_branch1_actual1_pred5': 0, 'eval_cm_branch1_actual1_pred6': 252, 'eval_cm_branch1_actual1_pred7': 0, 'eval_cm_branch1_actual1_pred8': 35, 'eval_cm_branch1_actual1_pred9': 119, 'eval_cm_branch1_actual1_pred10': 17, 'eval_cm_branch1_actual2_pred0': 47, 'eval_cm_branch1_actual2_pred1': 344, 'eval_cm_branch1_actual2_pred2': 51, 'eval_cm_branch1_actual2_pred3': 0, 'eval_cm_branch1_actual2_pred4': 1, 'eval_cm_branch1_actual2_pred5': 0, 'eval_cm_branch1_actual2_pred6': 179, 'eval_cm_branch1_actual2_pred7': 2, 'eval_cm_branch1_actual2_pred8': 65, 'eval_cm_branch1_actual2_pred9': 63, 'eval_cm_branch1_actual2_pred10': 41, 'eval_cm_branch1_actual3_pred0': 2, 'eval_cm_branch1_actual3_pred1': 11, 'eval_cm_branch1_actual3_pred2': 0, 'eval_cm_branch1_actual3_pred3': 577, 'eval_cm_branch1_actual3_pred4': 0, 'eval_cm_branch1_actual3_pred5': 0, 'eval_cm_branch1_actual3_pred6': 179, 'eval_cm_branch1_actual3_pred7': 0, 'eval_cm_branch1_actual3_pred8': 5, 'eval_cm_branch1_actual3_pred9': 5, 'eval_cm_branch1_actual3_pred10': 6, 'eval_cm_branch1_actual4_pred0': 15, 'eval_cm_branch1_actual4_pred1': 15, 'eval_cm_branch1_actual4_pred2': 0, 'eval_cm_branch1_actual4_pred3': 14, 'eval_cm_branch1_actual4_pred4': 0, 'eval_cm_branch1_actual4_pred5': 0, 'eval_cm_branch1_actual4_pred6': 1531, 'eval_cm_branch1_actual4_pred7': 15, 'eval_cm_branch1_actual4_pred8': 207, 'eval_cm_branch1_actual4_pred9': 167, 'eval_cm_branch1_actual4_pred10': 100, 'eval_cm_branch1_actual5_pred0': 4, 'eval_cm_branch1_actual5_pred1': 56, 'eval_cm_branch1_actual5_pred2': 0, 'eval_cm_branch1_actual5_pred3': 1, 'eval_cm_branch1_actual5_pred4': 0, 'eval_cm_branch1_actual5_pred5': 2, 'eval_cm_branch1_actual5_pred6': 1286, 'eval_cm_branch1_actual5_pred7': 0, 'eval_cm_branch1_actual5_pred8': 131, 'eval_cm_branch1_actual5_pred9': 386, 'eval_cm_branch1_actual5_pred10': 99, 'eval_cm_branch1_actual6_pred0': 0, 'eval_cm_branch1_actual6_pred1': 0, 'eval_cm_branch1_actual6_pred2': 0, 'eval_cm_branch1_actual6_pred3': 0, 'eval_cm_branch1_actual6_pred4': 0, 'eval_cm_branch1_actual6_pred5': 0, 'eval_cm_branch1_actual6_pred6': 3252, 'eval_cm_branch1_actual6_pred7': 0, 'eval_cm_branch1_actual6_pred8': 32, 'eval_cm_branch1_actual6_pred9': 0, 'eval_cm_branch1_actual6_pred10': 1, 'eval_cm_branch1_actual7_pred0': 0, 'eval_cm_branch1_actual7_pred1': 0, 'eval_cm_branch1_actual7_pred2': 0, 'eval_cm_branch1_actual7_pred3': 0, 'eval_cm_branch1_actual7_pred4': 0, 'eval_cm_branch1_actual7_pred5': 0, 'eval_cm_branch1_actual7_pred6': 10, 'eval_cm_branch1_actual7_pred7': 1508, 'eval_cm_branch1_actual7_pred8': 229, 'eval_cm_branch1_actual7_pred9': 0, 'eval_cm_branch1_actual7_pred10': 0, 'eval_cm_branch1_actual8_pred0': 0, 'eval_cm_branch1_actual8_pred1': 0, 'eval_cm_branch1_actual8_pred2': 0, 'eval_cm_branch1_actual8_pred3': 0, 'eval_cm_branch1_actual8_pred4': 0, 'eval_cm_branch1_actual8_pred5': 0, 'eval_cm_branch1_actual8_pred6': 56, 'eval_cm_branch1_actual8_pred7': 0, 'eval_cm_branch1_actual8_pred8': 1757, 'eval_cm_branch1_actual8_pred9': 0, 'eval_cm_branch1_actual8_pred10': 0, 'eval_cm_branch1_actual9_pred0': 1, 'eval_cm_branch1_actual9_pred1': 1, 'eval_cm_branch1_actual9_pred2': 0, 'eval_cm_branch1_actual9_pred3': 0, 'eval_cm_branch1_actual9_pred4': 0, 'eval_cm_branch1_actual9_pred5': 0, 'eval_cm_branch1_actual9_pred6': 1058, 'eval_cm_branch1_actual9_pred7': 0, 'eval_cm_branch1_actual9_pred8': 1, 'eval_cm_branch1_actual9_pred9': 505, 'eval_cm_branch1_actual9_pred10': 56, 'eval_cm_branch1_actual10_pred0': 8, 'eval_cm_branch1_actual10_pred1': 56, 'eval_cm_branch1_actual10_pred2': 0, 'eval_cm_branch1_actual10_pred3': 7, 'eval_cm_branch1_actual10_pred4': 0, 'eval_cm_branch1_actual10_pred5': 0, 'eval_cm_branch1_actual10_pred6': 1309, 'eval_cm_branch1_actual10_pred7': 22, 'eval_cm_branch1_actual10_pred8': 113, 'eval_cm_branch1_actual10_pred9': 160, 'eval_cm_branch1_actual10_pred10': 209, 'eval_runtime': 19.1696, 'eval_samples_per_second': 927.404, 'eval_steps_per_second': 29.004}
[INFO|evaluation_funcs.py:96] 2025-11-21 05:50:19,323 >> Instantiated model ResNet50DANN from /data/D20_training/parabolic_increasing_lambda_scheduler_fold_0_2025-11-19_21-34-47/results/checkpoint-12318/model.safetensors. Summary:
ResNet50DANN(
  (resnet): ResNetModel(
    (embedder): ResNetEmbeddings(
      (embedder): ResNetConvLayer(
        (convolution): Conv2d(3, 64, kernel_size=(7, 7), stride=(2, 2), padding=(3, 3), bias=False)
        (normalization): BatchNorm2d(64, eps=1e-05, momentum=0.1, affine=True, track_running_stats=True)
        (activation): ReLU()
      )
      (pooler): MaxPool2d(kernel_size=3, stride=2, padding=1, dilation=1, ceil_mode=False)
    )
    (encoder): ResNetEncoder(
      (stages): ModuleList(
        (0): ResNetStage(
          (layers): Sequential(
            (0): ResNetBottleNeckLayer(
              (shortcut): ResNetShortCut(
                (convolution): Conv2d(64, 256, kernel_size=(1, 1), stride=(1, 1), bias=False)
                (normalization): BatchNorm2d(256, eps=1e-05, momentum=0.1, affine=True, track_running_stats=True)
              )
              (layer): Sequential(
                (0): ResNetConvLayer(
                  (convolution): Conv2d(64, 64, kernel_size=(1, 1), stride=(1, 1), bias=False)
                  (normalization): BatchNorm2d(64, eps=1e-05, momentum=0.1, affine=True, track_running_stats=True)
                  (activation): ReLU()
                )
                (1): ResNetConvLayer(
                  (convolution): Conv2d(64, 64, kernel_size=(3, 3), stride=(1, 1), padding=(1, 1), bias=False)
                  (normalization): BatchNorm2d(64, eps=1e-05, momentum=0.1, affine=True, track_running_stats=True)
                  (activation): ReLU()
                )
                (2): ResNetConvLayer(
                  (convolution): Conv2d(64, 256, kernel_size=(1, 1), stride=(1, 1), bias=False)
                  (normalization): BatchNorm2d(256, eps=1e-05, momentum=0.1, affine=True, track_running_stats=True)
                  (activation): Identity()
                )
              )
              (activation): ReLU()
            )
            (1): ResNetBottleNeckLayer(
              (shortcut): Identity()
              (layer): Sequential(
                (0): ResNetConvLayer(
                  (convolution): Conv2d(256, 64, kernel_size=(1, 1), stride=(1, 1), bias=False)
                  (normalization): BatchNorm2d(64, eps=1e-05, momentum=0.1, affine=True, track_running_stats=True)
                  (activation): ReLU()
                )
                (1): ResNetConvLayer(
                  (convolution): Conv2d(64, 64, kernel_size=(3, 3), stride=(1, 1), padding=(1, 1), bias=False)
                  (normalization): BatchNorm2d(64, eps=1e-05, momentum=0.1, affine=True, track_running_stats=True)
                  (activation): ReLU()
                )
                (2): ResNetConvLayer(
                  (convolution): Conv2d(64, 256, kernel_size=(1, 1), stride=(1, 1), bias=False)
                  (normalization): BatchNorm2d(256, eps=1e-05, momentum=0.1, affine=True, track_running_stats=True)
                  (activation): Identity()
                )
              )
              (activation): ReLU()
            )
            (2): ResNetBottleNeckLayer(
              (shortcut): Identity()
              (layer): Sequential(
                (0): ResNetConvLayer(
                  (convolution): Conv2d(256, 64, kernel_size=(1, 1), stride=(1, 1), bias=False)
                  (normalization): BatchNorm2d(64, eps=1e-05, momentum=0.1, affine=True, track_running_stats=True)
                  (activation): ReLU()
                )
                (1): ResNetConvLayer(
                  (convolution): Conv2d(64, 64, kernel_size=(3, 3), stride=(1, 1), padding=(1, 1), bias=False)
                  (normalization): BatchNorm2d(64, eps=1e-05, momentum=0.1, affine=True, track_running_stats=True)
                  (activation): ReLU()
                )
                (2): ResNetConvLayer(
                  (convolution): Conv2d(64, 256, kernel_size=(1, 1), stride=(1, 1), bias=False)
                  (normalization): BatchNorm2d(256, eps=1e-05, momentum=0.1, affine=True, track_running_stats=True)
                  (activation): Identity()
                )
              )
              (activation): ReLU()
            )
          )
        )
        (1): ResNetStage(
          (layers): Sequential(
            (0): ResNetBottleNeckLayer(
              (shortcut): ResNetShortCut(
                (convolution): Conv2d(256, 512, kernel_size=(1, 1), stride=(2, 2), bias=False)
                (normalization): BatchNorm2d(512, eps=1e-05, momentum=0.1, affine=True, track_running_stats=True)
              )
              (layer): Sequential(
                (0): ResNetConvLayer(
                  (convolution): Conv2d(256, 128, kernel_size=(1, 1), stride=(1, 1), bias=False)
                  (normalization): BatchNorm2d(128, eps=1e-05, momentum=0.1, affine=True, track_running_stats=True)
                  (activation): ReLU()
                )
                (1): ResNetConvLayer(
                  (convolution): Conv2d(128, 128, kernel_size=(3, 3), stride=(2, 2), padding=(1, 1), bias=False)
                  (normalization): BatchNorm2d(128, eps=1e-05, momentum=0.1, affine=True, track_running_stats=True)
                  (activation): ReLU()
                )
                (2): ResNetConvLayer(
                  (convolution): Conv2d(128, 512, kernel_size=(1, 1), stride=(1, 1), bias=False)
                  (normalization): BatchNorm2d(512, eps=1e-05, momentum=0.1, affine=True, track_running_stats=True)
                  (activation): Identity()
                )
              )
              (activation): ReLU()
            )
            (1): ResNetBottleNeckLayer(
              (shortcut): Identity()
              (layer): Sequential(
                (0): ResNetConvLayer(
                  (convolution): Conv2d(512, 128, kernel_size=(1, 1), stride=(1, 1), bias=False)
                  (normalization): BatchNorm2d(128, eps=1e-05, momentum=0.1, affine=True, track_running_stats=True)
                  (activation): ReLU()
                )
                (1): ResNetConvLayer(
                  (convolution): Conv2d(128, 128, kernel_size=(3, 3), stride=(1, 1), padding=(1, 1), bias=False)
                  (normalization): BatchNorm2d(128, eps=1e-05, momentum=0.1, affine=True, track_running_stats=True)
                  (activation): ReLU()
                )
                (2): ResNetConvLayer(
                  (convolution): Conv2d(128, 512, kernel_size=(1, 1), stride=(1, 1), bias=False)
                  (normalization): BatchNorm2d(512, eps=1e-05, momentum=0.1, affine=True, track_running_stats=True)
                  (activation): Identity()
                )
              )
              (activation): ReLU()
            )
            (2): ResNetBottleNeckLayer(
              (shortcut): Identity()
              (layer): Sequential(
                (0): ResNetConvLayer(
                  (convolution): Conv2d(512, 128, kernel_size=(1, 1), stride=(1, 1), bias=False)
                  (normalization): BatchNorm2d(128, eps=1e-05, momentum=0.1, affine=True, track_running_stats=True)
                  (activation): ReLU()
                )
                (1): ResNetConvLayer(
                  (convolution): Conv2d(128, 128, kernel_size=(3, 3), stride=(1, 1), padding=(1, 1), bias=False)
                  (normalization): BatchNorm2d(128, eps=1e-05, momentum=0.1, affine=True, track_running_stats=True)
                  (activation): ReLU()
                )
                (2): ResNetConvLayer(
                  (convolution): Conv2d(128, 512, kernel_size=(1, 1), stride=(1, 1), bias=False)
                  (normalization): BatchNorm2d(512, eps=1e-05, momentum=0.1, affine=True, track_running_stats=True)
                  (activation): Identity()
                )
              )
              (activation): ReLU()
            )
            (3): ResNetBottleNeckLayer(
              (shortcut): Identity()
              (layer): Sequential(
                (0): ResNetConvLayer(
                  (convolution): Conv2d(512, 128, kernel_size=(1, 1), stride=(1, 1), bias=False)
                  (normalization): BatchNorm2d(128, eps=1e-05, momentum=0.1, affine=True, track_running_stats=True)
                  (activation): ReLU()
                )
                (1): ResNetConvLayer(
                  (convolution): Conv2d(128, 128, kernel_size=(3, 3), stride=(1, 1), padding=(1, 1), bias=False)
                  (normalization): BatchNorm2d(128, eps=1e-05, momentum=0.1, affine=True, track_running_stats=True)
                  (activation): ReLU()
                )
                (2): ResNetConvLayer(
                  (convolution): Conv2d(128, 512, kernel_size=(1, 1), stride=(1, 1), bias=False)
                  (normalization): BatchNorm2d(512, eps=1e-05, momentum=0.1, affine=True, track_running_stats=True)
                  (activation): Identity()
                )
              )
              (activation): ReLU()
            )
          )
        )
        (2): ResNetStage(
          (layers): Sequential(
            (0): ResNetBottleNeckLayer(
              (shortcut): ResNetShortCut(
                (convolution): Conv2d(512, 1024, kernel_size=(1, 1), stride=(2, 2), bias=False)
                (normalization): BatchNorm2d(1024, eps=1e-05, momentum=0.1, affine=True, track_running_stats=True)
              )
              (layer): Sequential(
                (0): ResNetConvLayer(
                  (convolution): Conv2d(512, 256, kernel_size=(1, 1), stride=(1, 1), bias=False)
                  (normalization): BatchNorm2d(256, eps=1e-05, momentum=0.1, affine=True, track_running_stats=True)
                  (activation): ReLU()
                )
                (1): ResNetConvLayer(
                  (convolution): Conv2d(256, 256, kernel_size=(3, 3), stride=(2, 2), padding=(1, 1), bias=False)
                  (normalization): BatchNorm2d(256, eps=1e-05, momentum=0.1, affine=True, track_running_stats=True)
                  (activation): ReLU()
                )
                (2): ResNetConvLayer(
                  (convolution): Conv2d(256, 1024, kernel_size=(1, 1), stride=(1, 1), bias=False)
                  (normalization): BatchNorm2d(1024, eps=1e-05, momentum=0.1, affine=True, track_running_stats=True)
                  (activation): Identity()
                )
              )
              (activation): ReLU()
            )
            (1): ResNetBottleNeckLayer(
              (shortcut): Identity()
              (layer): Sequential(
                (0): ResNetConvLayer(
                  (convolution): Conv2d(1024, 256, kernel_size=(1, 1), stride=(1, 1), bias=False)
                  (normalization): BatchNorm2d(256, eps=1e-05, momentum=0.1, affine=True, track_running_stats=True)
                  (activation): ReLU()
                )
                (1): ResNetConvLayer(
                  (convolution): Conv2d(256, 256, kernel_size=(3, 3), stride=(1, 1), padding=(1, 1), bias=False)
                  (normalization): BatchNorm2d(256, eps=1e-05, momentum=0.1, affine=True, track_running_stats=True)
                  (activation): ReLU()
                )
                (2): ResNetConvLayer(
                  (convolution): Conv2d(256, 1024, kernel_size=(1, 1), stride=(1, 1), bias=False)
                  (normalization): BatchNorm2d(1024, eps=1e-05, momentum=0.1, affine=True, track_running_stats=True)
                  (activation): Identity()
                )
              )
              (activation): ReLU()
            )
            (2): ResNetBottleNeckLayer(
              (shortcut): Identity()
              (layer): Sequential(
                (0): ResNetConvLayer(
                  (convolution): Conv2d(1024, 256, kernel_size=(1, 1), stride=(1, 1), bias=False)
                  (normalization): BatchNorm2d(256, eps=1e-05, momentum=0.1, affine=True, track_running_stats=True)
                  (activation): ReLU()
                )
                (1): ResNetConvLayer(
                  (convolution): Conv2d(256, 256, kernel_size=(3, 3), stride=(1, 1), padding=(1, 1), bias=False)
                  (normalization): BatchNorm2d(256, eps=1e-05, momentum=0.1, affine=True, track_running_stats=True)
                  (activation): ReLU()
                )
                (2): ResNetConvLayer(
                  (convolution): Conv2d(256, 1024, kernel_size=(1, 1), stride=(1, 1), bias=False)
                  (normalization): BatchNorm2d(1024, eps=1e-05, momentum=0.1, affine=True, track_running_stats=True)
                  (activation): Identity()
                )
              )
              (activation): ReLU()
            )
            (3): ResNetBottleNeckLayer(
              (shortcut): Identity()
              (layer): Sequential(
                (0): ResNetConvLayer(
                  (convolution): Conv2d(1024, 256, kernel_size=(1, 1), stride=(1, 1), bias=False)
                  (normalization): BatchNorm2d(256, eps=1e-05, momentum=0.1, affine=True, track_running_stats=True)
                  (activation): ReLU()
                )
                (1): ResNetConvLayer(
                  (convolution): Conv2d(256, 256, kernel_size=(3, 3), stride=(1, 1), padding=(1, 1), bias=False)
                  (normalization): BatchNorm2d(256, eps=1e-05, momentum=0.1, affine=True, track_running_stats=True)
                  (activation): ReLU()
                )
                (2): ResNetConvLayer(
                  (convolution): Conv2d(256, 1024, kernel_size=(1, 1), stride=(1, 1), bias=False)
                  (normalization): BatchNorm2d(1024, eps=1e-05, momentum=0.1, affine=True, track_running_stats=True)
                  (activation): Identity()
                )
              )
              (activation): ReLU()
            )
            (4): ResNetBottleNeckLayer(
              (shortcut): Identity()
              (layer): Sequential(
                (0): ResNetConvLayer(
                  (convolution): Conv2d(1024, 256, kernel_size=(1, 1), stride=(1, 1), bias=False)
                  (normalization): BatchNorm2d(256, eps=1e-05, momentum=0.1, affine=True, track_running_stats=True)
                  (activation): ReLU()
                )
                (1): ResNetConvLayer(
                  (convolution): Conv2d(256, 256, kernel_size=(3, 3), stride=(1, 1), padding=(1, 1), bias=False)
                  (normalization): BatchNorm2d(256, eps=1e-05, momentum=0.1, affine=True, track_running_stats=True)
                  (activation): ReLU()
                )
                (2): ResNetConvLayer(
                  (convolution): Conv2d(256, 1024, kernel_size=(1, 1), stride=(1, 1), bias=False)
                  (normalization): BatchNorm2d(1024, eps=1e-05, momentum=0.1, affine=True, track_running_stats=True)
                  (activation): Identity()
                )
              )
              (activation): ReLU()
            )
            (5): ResNetBottleNeckLayer(
              (shortcut): Identity()
              (layer): Sequential(
                (0): ResNetConvLayer(
                  (convolution): Conv2d(1024, 256, kernel_size=(1, 1), stride=(1, 1), bias=False)
                  (normalization): BatchNorm2d(256, eps=1e-05, momentum=0.1, affine=True, track_running_stats=True)
                  (activation): ReLU()
                )
                (1): ResNetConvLayer(
                  (convolution): Conv2d(256, 256, kernel_size=(3, 3), stride=(1, 1), padding=(1, 1), bias=False)
                  (normalization): BatchNorm2d(256, eps=1e-05, momentum=0.1, affine=True, track_running_stats=True)
                  (activation): ReLU()
                )
                (2): ResNetConvLayer(
                  (convolution): Conv2d(256, 1024, kernel_size=(1, 1), stride=(1, 1), bias=False)
                  (normalization): BatchNorm2d(1024, eps=1e-05, momentum=0.1, affine=True, track_running_stats=True)
                  (activation): Identity()
                )
              )
              (activation): ReLU()
            )
          )
        )
        (3): ResNetStage(
          (layers): Sequential(
            (0): ResNetBottleNeckLayer(
              (shortcut): ResNetShortCut(
                (convolution): Conv2d(1024, 2048, kernel_size=(1, 1), stride=(2, 2), bias=False)
                (normalization): BatchNorm2d(2048, eps=1e-05, momentum=0.1, affine=True, track_running_stats=True)
              )
              (layer): Sequential(
                (0): ResNetConvLayer(
                  (convolution): Conv2d(1024, 512, kernel_size=(1, 1), stride=(1, 1), bias=False)
                  (normalization): BatchNorm2d(512, eps=1e-05, momentum=0.1, affine=True, track_running_stats=True)
                  (activation): ReLU()
                )
                (1): ResNetConvLayer(
                  (convolution): Conv2d(512, 512, kernel_size=(3, 3), stride=(2, 2), padding=(1, 1), bias=False)
                  (normalization): BatchNorm2d(512, eps=1e-05, momentum=0.1, affine=True, track_running_stats=True)
                  (activation): ReLU()
                )
                (2): ResNetConvLayer(
                  (convolution): Conv2d(512, 2048, kernel_size=(1, 1), stride=(1, 1), bias=False)
                  (normalization): BatchNorm2d(2048, eps=1e-05, momentum=0.1, affine=True, track_running_stats=True)
                  (activation): Identity()
                )
              )
              (activation): ReLU()
            )
            (1): ResNetBottleNeckLayer(
              (shortcut): Identity()
              (layer): Sequential(
                (0): ResNetConvLayer(
                  (convolution): Conv2d(2048, 512, kernel_size=(1, 1), stride=(1, 1), bias=False)
                  (normalization): BatchNorm2d(512, eps=1e-05, momentum=0.1, affine=True, track_running_stats=True)
                  (activation): ReLU()
                )
                (1): ResNetConvLayer(
                  (convolution): Conv2d(512, 512, kernel_size=(3, 3), stride=(1, 1), padding=(1, 1), bias=False)
                  (normalization): BatchNorm2d(512, eps=1e-05, momentum=0.1, affine=True, track_running_stats=True)
                  (activation): ReLU()
                )
                (2): ResNetConvLayer(
                  (convolution): Conv2d(512, 2048, kernel_size=(1, 1), stride=(1, 1), bias=False)
                  (normalization): BatchNorm2d(2048, eps=1e-05, momentum=0.1, affine=True, track_running_stats=True)
                  (activation): Identity()
                )
              )
              (activation): ReLU()
            )
            (2): ResNetBottleNeckLayer(
              (shortcut): Identity()
              (layer): Sequential(
                (0): ResNetConvLayer(
                  (convolution): Conv2d(2048, 512, kernel_size=(1, 1), stride=(1, 1), bias=False)
                  (normalization): BatchNorm2d(512, eps=1e-05, momentum=0.1, affine=True, track_running_stats=True)
                  (activation): ReLU()
                )
                (1): ResNetConvLayer(
                  (convolution): Conv2d(512, 512, kernel_size=(3, 3), stride=(1, 1), padding=(1, 1), bias=False)
                  (normalization): BatchNorm2d(512, eps=1e-05, momentum=0.1, affine=True, track_running_stats=True)
                  (activation): ReLU()
                )
                (2): ResNetConvLayer(
                  (convolution): Conv2d(512, 2048, kernel_size=(1, 1), stride=(1, 1), bias=False)
                  (normalization): BatchNorm2d(2048, eps=1e-05, momentum=0.1, affine=True, track_running_stats=True)
                  (activation): Identity()
                )
              )
              (activation): ReLU()
            )
          )
        )
      )
    )
    (pooler): AdaptiveAvgPool2d(output_size=(1, 1))
  )
  (pre_branch): Sequential(
    (0): Flatten(start_dim=1, end_dim=-1)
    (1): Linear(in_features=2048, out_features=512, bias=True)
    (2): ReLU()
    (3): Dropout(p=0.5, inplace=False)
  )
  (branch1): Linear(in_features=512, out_features=11, bias=True)
  (loss_fn): MaskedDomainAdversarialLoss(
    (branch1_loss_fn): InstanceWeightedCrossEntropyLoss(
      (base_loss): CrossEntropyLoss()
    )
    (branch2_loss_fn): BCEWithLogitsLoss()
  )
  (grad_reverse): GradientReversal()
  (branch2): Sequential(
    (0): GradientReversal()
    (1): Linear(in_features=512, out_features=1, bias=True)
  )
)
[INFO|evaluation_funcs.py:99] 2025-11-21 05:50:19,324 >> Beginning evaluation of fold 0 (#1 out of 1)
[INFO|evaluation_funcs.py:107] 2025-11-21 05:50:55,903 >> Instantiated eval dataset TwoLabelDataset, length 17778, which is file /data/DG_Test_set/test_dataset_Uniform_Noise.npz
[INFO|training_args.py:1598] 2025-11-21 05:50:55,906 >> No output directory specified, defaulting to 'trainer_output'. To change this behavior, specify --output_dir when creating TrainingArguments.
[INFO|training_args.py:1598] 2025-11-21 05:50:55,906 >> No output directory specified, defaulting to 'trainer_output'. To change this behavior, specify --output_dir when creating TrainingArguments.
[INFO|training_args.py:2222] 2025-11-21 05:50:55,907 >> PyTorch: setting up devices
[INFO|training_args.py:2222] 2025-11-21 05:50:55,907 >> PyTorch: setting up devices
[INFO|evaluation_funcs.py:55] 2025-11-21 05:50:55,948 >> TrainingArguments(
_n_gpu=1,
accelerator_config={'split_batches': False, 'dispatch_batches': None, 'even_batches': True, 'use_seedable_sampler': True, 'non_blocking': False, 'gradient_accumulation_kwargs': None, 'use_configured_state': False},
adafactor=False,
adam_beta1=0.9,
adam_beta2=0.999,
adam_epsilon=1e-08,
auto_find_batch_size=False,
average_tokens_across_devices=True,
batch_eval_metrics=False,
bf16=False,
bf16_full_eval=False,
data_seed=None,
dataloader_drop_last=False,
dataloader_num_workers=0,
dataloader_persistent_workers=False,
dataloader_pin_memory=False,
dataloader_prefetch_factor=None,
ddp_backend=None,
ddp_broadcast_buffers=None,
ddp_bucket_cap_mb=None,
ddp_find_unused_parameters=None,
ddp_timeout=1800,
debug=[],
deepspeed=None,
disable_tqdm=False,
do_eval=False,
do_predict=False,
do_train=False,
eval_accumulation_steps=None,
eval_delay=0,
eval_do_concat_batches=True,
eval_on_start=False,
eval_steps=None,
eval_strategy=IntervalStrategy.NO,
eval_use_gather_object=False,
fp16=False,
fp16_backend=auto,
fp16_full_eval=False,
fp16_opt_level=O1,
fsdp=[],
fsdp_config={'min_num_params': 0, 'xla': False, 'xla_fsdp_v2': False, 'xla_fsdp_grad_ckpt': False},
fsdp_min_num_params=0,
fsdp_transformer_layer_cls_to_wrap=None,
full_determinism=False,
gradient_accumulation_steps=1,
gradient_checkpointing=False,
gradient_checkpointing_kwargs=None,
greater_is_better=None,
group_by_length=False,
half_precision_backend=auto,
hub_always_push=False,
hub_model_id=None,
hub_private_repo=None,
hub_revision=None,
hub_strategy=HubStrategy.EVERY_SAVE,
hub_token=<HUB_TOKEN>,
ignore_data_skip=False,
include_for_metrics=[],
include_inputs_for_metrics=False,
include_num_input_tokens_seen=no,
include_tokens_per_second=False,
jit_mode_eval=False,
label_names=None,
label_smoothing_factor=0.0,
learning_rate=5e-05,
length_column_name=length,
liger_kernel_config=None,
load_best_model_at_end=False,
local_rank=0,
log_level=passive,
log_level_replica=warning,
log_on_each_node=True,
logging_dir=trainer_output/runs/Nov21_05-50-55_c0d8d6395f10,
logging_first_step=False,
logging_nan_inf_filter=True,
logging_steps=500,
logging_strategy=IntervalStrategy.STEPS,
lr_scheduler_kwargs={},
lr_scheduler_type=SchedulerType.LINEAR,
max_grad_norm=1.0,
max_steps=-1,
metric_for_best_model=None,
mp_parameters=,
neftune_noise_alpha=None,
no_cuda=False,
num_train_epochs=3.0,
optim=OptimizerNames.ADAMW_TORCH,
optim_args=None,
optim_target_modules=None,
output_dir=trainer_output,
overwrite_output_dir=False,
parallelism_config=None,
past_index=-1,
per_device_eval_batch_size=32,
per_device_train_batch_size=8,
prediction_loss_only=False,
project=huggingface,
push_to_hub=False,
push_to_hub_model_id=None,
push_to_hub_organization=None,
push_to_hub_token=<PUSH_TO_HUB_TOKEN>,
ray_scope=last,
remove_unused_columns=True,
report_to=[],
restore_callback_states_from_checkpoint=False,
resume_from_checkpoint=None,
run_name=None,
save_on_each_node=False,
save_only_model=False,
save_safetensors=True,
save_steps=500,
save_strategy=SaveStrategy.STEPS,
save_total_limit=None,
seed=42,
skip_memory_metrics=True,
tf32=None,
torch_compile=False,
torch_compile_backend=None,
torch_compile_mode=None,
torch_empty_cache_steps=None,
torchdynamo=None,
tpu_metrics_debug=False,
tpu_num_cores=None,
trackio_space_id=trackio,
use_cpu=False,
use_legacy_prediction_loop=False,
use_liger_kernel=False,
use_mps_device=False,
warmup_ratio=0.0,
warmup_steps=0,
weight_decay=0.0,
)
[INFO|trainer.py:4643] 2025-11-21 05:50:56,153 >> 
***** Running Evaluation *****
[INFO|trainer.py:4643] 2025-11-21 05:50:56,153 >> 
***** Running Evaluation *****
[INFO|trainer.py:4645] 2025-11-21 05:50:56,154 >>   Num examples = 17778
[INFO|trainer.py:4645] 2025-11-21 05:50:56,154 >>   Num examples = 17778
[INFO|trainer.py:4648] 2025-11-21 05:50:56,155 >>   Batch size = 32
[INFO|trainer.py:4648] 2025-11-21 05:50:56,155 >>   Batch size = 32
[INFO|evaluation_funcs.py:69] 2025-11-21 05:51:15,457 >> Metrics: {'eval_loss': 1.4918667078018188, 'eval_model_preparation_time': 0.0025, 'eval_accuracy_branch1': 0.48599392507593653, 'eval_precision_branch1': 0.41628302882580076, 'eval_recall_branch1': 0.3963133327227796, 'eval_f1_branch1': 0.3542340552892956, 'eval_accuracy_branch2': 0.09843626954663066, 'eval_precision_branch2': 0.5, 'eval_recall_branch2': 0.04921813477331533, 'eval_f1_branch2': 0.08961491192134372, 'eval_lambda': 0.0, 'eval_tn_branch2': 0, 'eval_fp_branch2': 0, 'eval_fn_branch2': 16028, 'eval_tp_branch2': 1750, 'eval_loss_branch1': 0.0, 'eval_loss_branch2': 1.4919109344482422, 'eval_cm_branch1_actual0_pred0': 0, 'eval_cm_branch1_actual0_pred1': 0, 'eval_cm_branch1_actual0_pred2': 0, 'eval_cm_branch1_actual0_pred3': 8, 'eval_cm_branch1_actual0_pred4': 0, 'eval_cm_branch1_actual0_pred5': 0, 'eval_cm_branch1_actual0_pred6': 566, 'eval_cm_branch1_actual0_pred7': 0, 'eval_cm_branch1_actual0_pred8': 2, 'eval_cm_branch1_actual0_pred9': 222, 'eval_cm_branch1_actual0_pred10': 238, 'eval_cm_branch1_actual1_pred0': 1, 'eval_cm_branch1_actual1_pred1': 90, 'eval_cm_branch1_actual1_pred2': 14, 'eval_cm_branch1_actual1_pred3': 22, 'eval_cm_branch1_actual1_pred4': 0, 'eval_cm_branch1_actual1_pred5': 2, 'eval_cm_branch1_actual1_pred6': 40, 'eval_cm_branch1_actual1_pred7': 0, 'eval_cm_branch1_actual1_pred8': 13, 'eval_cm_branch1_actual1_pred9': 450, 'eval_cm_branch1_actual1_pred10': 152, 'eval_cm_branch1_actual2_pred0': 1, 'eval_cm_branch1_actual2_pred1': 117, 'eval_cm_branch1_actual2_pred2': 11, 'eval_cm_branch1_actual2_pred3': 4, 'eval_cm_branch1_actual2_pred4': 0, 'eval_cm_branch1_actual2_pred5': 4, 'eval_cm_branch1_actual2_pred6': 49, 'eval_cm_branch1_actual2_pred7': 0, 'eval_cm_branch1_actual2_pred8': 36, 'eval_cm_branch1_actual2_pred9': 416, 'eval_cm_branch1_actual2_pred10': 155, 'eval_cm_branch1_actual3_pred0': 8, 'eval_cm_branch1_actual3_pred1': 0, 'eval_cm_branch1_actual3_pred2': 0, 'eval_cm_branch1_actual3_pred3': 315, 'eval_cm_branch1_actual3_pred4': 0, 'eval_cm_branch1_actual3_pred5': 0, 'eval_cm_branch1_actual3_pred6': 277, 'eval_cm_branch1_actual3_pred7': 0, 'eval_cm_branch1_actual3_pred8': 1, 'eval_cm_branch1_actual3_pred9': 150, 'eval_cm_branch1_actual3_pred10': 34, 'eval_cm_branch1_actual4_pred0': 0, 'eval_cm_branch1_actual4_pred1': 0, 'eval_cm_branch1_actual4_pred2': 0, 'eval_cm_branch1_actual4_pred3': 43, 'eval_cm_branch1_actual4_pred4': 0, 'eval_cm_branch1_actual4_pred5': 2, 'eval_cm_branch1_actual4_pred6': 719, 'eval_cm_branch1_actual4_pred7': 0, 'eval_cm_branch1_actual4_pred8': 35, 'eval_cm_branch1_actual4_pred9': 544, 'eval_cm_branch1_actual4_pred10': 721, 'eval_cm_branch1_actual5_pred0': 0, 'eval_cm_branch1_actual5_pred1': 0, 'eval_cm_branch1_actual5_pred2': 0, 'eval_cm_branch1_actual5_pred3': 34, 'eval_cm_branch1_actual5_pred4': 0, 'eval_cm_branch1_actual5_pred5': 1, 'eval_cm_branch1_actual5_pred6': 608, 'eval_cm_branch1_actual5_pred7': 0, 'eval_cm_branch1_actual5_pred8': 16, 'eval_cm_branch1_actual5_pred9': 698, 'eval_cm_branch1_actual5_pred10': 608, 'eval_cm_branch1_actual6_pred0': 0, 'eval_cm_branch1_actual6_pred1': 0, 'eval_cm_branch1_actual6_pred2': 0, 'eval_cm_branch1_actual6_pred3': 3, 'eval_cm_branch1_actual6_pred4': 0, 'eval_cm_branch1_actual6_pred5': 0, 'eval_cm_branch1_actual6_pred6': 3222, 'eval_cm_branch1_actual6_pred7': 0, 'eval_cm_branch1_actual6_pred8': 7, 'eval_cm_branch1_actual6_pred9': 47, 'eval_cm_branch1_actual6_pred10': 6, 'eval_cm_branch1_actual7_pred0': 0, 'eval_cm_branch1_actual7_pred1': 0, 'eval_cm_branch1_actual7_pred2': 0, 'eval_cm_branch1_actual7_pred3': 0, 'eval_cm_branch1_actual7_pred4': 0, 'eval_cm_branch1_actual7_pred5': 0, 'eval_cm_branch1_actual7_pred6': 8, 'eval_cm_branch1_actual7_pred7': 1694, 'eval_cm_branch1_actual7_pred8': 12, 'eval_cm_branch1_actual7_pred9': 0, 'eval_cm_branch1_actual7_pred10': 33, 'eval_cm_branch1_actual8_pred0': 0, 'eval_cm_branch1_actual8_pred1': 0, 'eval_cm_branch1_actual8_pred2': 0, 'eval_cm_branch1_actual8_pred3': 0, 'eval_cm_branch1_actual8_pred4': 0, 'eval_cm_branch1_actual8_pred5': 0, 'eval_cm_branch1_actual8_pred6': 154, 'eval_cm_branch1_actual8_pred7': 0, 'eval_cm_branch1_actual8_pred8': 1654, 'eval_cm_branch1_actual8_pred9': 0, 'eval_cm_branch1_actual8_pred10': 5, 'eval_cm_branch1_actual9_pred0': 0, 'eval_cm_branch1_actual9_pred1': 0, 'eval_cm_branch1_actual9_pred2': 0, 'eval_cm_branch1_actual9_pred3': 0, 'eval_cm_branch1_actual9_pred4': 0, 'eval_cm_branch1_actual9_pred5': 0, 'eval_cm_branch1_actual9_pred6': 519, 'eval_cm_branch1_actual9_pred7': 0, 'eval_cm_branch1_actual9_pred8': 0, 'eval_cm_branch1_actual9_pred9': 1036, 'eval_cm_branch1_actual9_pred10': 67, 'eval_cm_branch1_actual10_pred0': 3, 'eval_cm_branch1_actual10_pred1': 0, 'eval_cm_branch1_actual10_pred2': 0, 'eval_cm_branch1_actual10_pred3': 16, 'eval_cm_branch1_actual10_pred4': 0, 'eval_cm_branch1_actual10_pred5': 0, 'eval_cm_branch1_actual10_pred6': 595, 'eval_cm_branch1_actual10_pred7': 4, 'eval_cm_branch1_actual10_pred8': 1, 'eval_cm_branch1_actual10_pred9': 648, 'eval_cm_branch1_actual10_pred10': 617, 'eval_runtime': 19.3014, 'eval_samples_per_second': 921.073, 'eval_steps_per_second': 28.806}
[INFO|evaluation_funcs.py:96] 2025-11-21 05:51:16,141 >> Instantiated model ResNet50DANN from /data/D20_training/parabolic_increasing_lambda_scheduler_fold_0_2025-11-20_00-28-18/results/checkpoint-41060/model.safetensors. Summary:
ResNet50DANN(
  (resnet): ResNetModel(
    (embedder): ResNetEmbeddings(
      (embedder): ResNetConvLayer(
        (convolution): Conv2d(3, 64, kernel_size=(7, 7), stride=(2, 2), padding=(3, 3), bias=False)
        (normalization): BatchNorm2d(64, eps=1e-05, momentum=0.1, affine=True, track_running_stats=True)
        (activation): ReLU()
      )
      (pooler): MaxPool2d(kernel_size=3, stride=2, padding=1, dilation=1, ceil_mode=False)
    )
    (encoder): ResNetEncoder(
      (stages): ModuleList(
        (0): ResNetStage(
          (layers): Sequential(
            (0): ResNetBottleNeckLayer(
              (shortcut): ResNetShortCut(
                (convolution): Conv2d(64, 256, kernel_size=(1, 1), stride=(1, 1), bias=False)
                (normalization): BatchNorm2d(256, eps=1e-05, momentum=0.1, affine=True, track_running_stats=True)
              )
              (layer): Sequential(
                (0): ResNetConvLayer(
                  (convolution): Conv2d(64, 64, kernel_size=(1, 1), stride=(1, 1), bias=False)
                  (normalization): BatchNorm2d(64, eps=1e-05, momentum=0.1, affine=True, track_running_stats=True)
                  (activation): ReLU()
                )
                (1): ResNetConvLayer(
                  (convolution): Conv2d(64, 64, kernel_size=(3, 3), stride=(1, 1), padding=(1, 1), bias=False)
                  (normalization): BatchNorm2d(64, eps=1e-05, momentum=0.1, affine=True, track_running_stats=True)
                  (activation): ReLU()
                )
                (2): ResNetConvLayer(
                  (convolution): Conv2d(64, 256, kernel_size=(1, 1), stride=(1, 1), bias=False)
                  (normalization): BatchNorm2d(256, eps=1e-05, momentum=0.1, affine=True, track_running_stats=True)
                  (activation): Identity()
                )
              )
              (activation): ReLU()
            )
            (1): ResNetBottleNeckLayer(
              (shortcut): Identity()
              (layer): Sequential(
                (0): ResNetConvLayer(
                  (convolution): Conv2d(256, 64, kernel_size=(1, 1), stride=(1, 1), bias=False)
                  (normalization): BatchNorm2d(64, eps=1e-05, momentum=0.1, affine=True, track_running_stats=True)
                  (activation): ReLU()
                )
                (1): ResNetConvLayer(
                  (convolution): Conv2d(64, 64, kernel_size=(3, 3), stride=(1, 1), padding=(1, 1), bias=False)
                  (normalization): BatchNorm2d(64, eps=1e-05, momentum=0.1, affine=True, track_running_stats=True)
                  (activation): ReLU()
                )
                (2): ResNetConvLayer(
                  (convolution): Conv2d(64, 256, kernel_size=(1, 1), stride=(1, 1), bias=False)
                  (normalization): BatchNorm2d(256, eps=1e-05, momentum=0.1, affine=True, track_running_stats=True)
                  (activation): Identity()
                )
              )
              (activation): ReLU()
            )
            (2): ResNetBottleNeckLayer(
              (shortcut): Identity()
              (layer): Sequential(
                (0): ResNetConvLayer(
                  (convolution): Conv2d(256, 64, kernel_size=(1, 1), stride=(1, 1), bias=False)
                  (normalization): BatchNorm2d(64, eps=1e-05, momentum=0.1, affine=True, track_running_stats=True)
                  (activation): ReLU()
                )
                (1): ResNetConvLayer(
                  (convolution): Conv2d(64, 64, kernel_size=(3, 3), stride=(1, 1), padding=(1, 1), bias=False)
                  (normalization): BatchNorm2d(64, eps=1e-05, momentum=0.1, affine=True, track_running_stats=True)
                  (activation): ReLU()
                )
                (2): ResNetConvLayer(
                  (convolution): Conv2d(64, 256, kernel_size=(1, 1), stride=(1, 1), bias=False)
                  (normalization): BatchNorm2d(256, eps=1e-05, momentum=0.1, affine=True, track_running_stats=True)
                  (activation): Identity()
                )
              )
              (activation): ReLU()
            )
          )
        )
        (1): ResNetStage(
          (layers): Sequential(
            (0): ResNetBottleNeckLayer(
              (shortcut): ResNetShortCut(
                (convolution): Conv2d(256, 512, kernel_size=(1, 1), stride=(2, 2), bias=False)
                (normalization): BatchNorm2d(512, eps=1e-05, momentum=0.1, affine=True, track_running_stats=True)
              )
              (layer): Sequential(
                (0): ResNetConvLayer(
                  (convolution): Conv2d(256, 128, kernel_size=(1, 1), stride=(1, 1), bias=False)
                  (normalization): BatchNorm2d(128, eps=1e-05, momentum=0.1, affine=True, track_running_stats=True)
                  (activation): ReLU()
                )
                (1): ResNetConvLayer(
                  (convolution): Conv2d(128, 128, kernel_size=(3, 3), stride=(2, 2), padding=(1, 1), bias=False)
                  (normalization): BatchNorm2d(128, eps=1e-05, momentum=0.1, affine=True, track_running_stats=True)
                  (activation): ReLU()
                )
                (2): ResNetConvLayer(
                  (convolution): Conv2d(128, 512, kernel_size=(1, 1), stride=(1, 1), bias=False)
                  (normalization): BatchNorm2d(512, eps=1e-05, momentum=0.1, affine=True, track_running_stats=True)
                  (activation): Identity()
                )
              )
              (activation): ReLU()
            )
            (1): ResNetBottleNeckLayer(
              (shortcut): Identity()
              (layer): Sequential(
                (0): ResNetConvLayer(
                  (convolution): Conv2d(512, 128, kernel_size=(1, 1), stride=(1, 1), bias=False)
                  (normalization): BatchNorm2d(128, eps=1e-05, momentum=0.1, affine=True, track_running_stats=True)
                  (activation): ReLU()
                )
                (1): ResNetConvLayer(
                  (convolution): Conv2d(128, 128, kernel_size=(3, 3), stride=(1, 1), padding=(1, 1), bias=False)
                  (normalization): BatchNorm2d(128, eps=1e-05, momentum=0.1, affine=True, track_running_stats=True)
                  (activation): ReLU()
                )
                (2): ResNetConvLayer(
                  (convolution): Conv2d(128, 512, kernel_size=(1, 1), stride=(1, 1), bias=False)
                  (normalization): BatchNorm2d(512, eps=1e-05, momentum=0.1, affine=True, track_running_stats=True)
                  (activation): Identity()
                )
              )
              (activation): ReLU()
            )
            (2): ResNetBottleNeckLayer(
              (shortcut): Identity()
              (layer): Sequential(
                (0): ResNetConvLayer(
                  (convolution): Conv2d(512, 128, kernel_size=(1, 1), stride=(1, 1), bias=False)
                  (normalization): BatchNorm2d(128, eps=1e-05, momentum=0.1, affine=True, track_running_stats=True)
                  (activation): ReLU()
                )
                (1): ResNetConvLayer(
                  (convolution): Conv2d(128, 128, kernel_size=(3, 3), stride=(1, 1), padding=(1, 1), bias=False)
                  (normalization): BatchNorm2d(128, eps=1e-05, momentum=0.1, affine=True, track_running_stats=True)
                  (activation): ReLU()
                )
                (2): ResNetConvLayer(
                  (convolution): Conv2d(128, 512, kernel_size=(1, 1), stride=(1, 1), bias=False)
                  (normalization): BatchNorm2d(512, eps=1e-05, momentum=0.1, affine=True, track_running_stats=True)
                  (activation): Identity()
                )
              )
              (activation): ReLU()
            )
            (3): ResNetBottleNeckLayer(
              (shortcut): Identity()
              (layer): Sequential(
                (0): ResNetConvLayer(
                  (convolution): Conv2d(512, 128, kernel_size=(1, 1), stride=(1, 1), bias=False)
                  (normalization): BatchNorm2d(128, eps=1e-05, momentum=0.1, affine=True, track_running_stats=True)
                  (activation): ReLU()
                )
                (1): ResNetConvLayer(
                  (convolution): Conv2d(128, 128, kernel_size=(3, 3), stride=(1, 1), padding=(1, 1), bias=False)
                  (normalization): BatchNorm2d(128, eps=1e-05, momentum=0.1, affine=True, track_running_stats=True)
                  (activation): ReLU()
                )
                (2): ResNetConvLayer(
                  (convolution): Conv2d(128, 512, kernel_size=(1, 1), stride=(1, 1), bias=False)
                  (normalization): BatchNorm2d(512, eps=1e-05, momentum=0.1, affine=True, track_running_stats=True)
                  (activation): Identity()
                )
              )
              (activation): ReLU()
            )
          )
        )
        (2): ResNetStage(
          (layers): Sequential(
            (0): ResNetBottleNeckLayer(
              (shortcut): ResNetShortCut(
                (convolution): Conv2d(512, 1024, kernel_size=(1, 1), stride=(2, 2), bias=False)
                (normalization): BatchNorm2d(1024, eps=1e-05, momentum=0.1, affine=True, track_running_stats=True)
              )
              (layer): Sequential(
                (0): ResNetConvLayer(
                  (convolution): Conv2d(512, 256, kernel_size=(1, 1), stride=(1, 1), bias=False)
                  (normalization): BatchNorm2d(256, eps=1e-05, momentum=0.1, affine=True, track_running_stats=True)
                  (activation): ReLU()
                )
                (1): ResNetConvLayer(
                  (convolution): Conv2d(256, 256, kernel_size=(3, 3), stride=(2, 2), padding=(1, 1), bias=False)
                  (normalization): BatchNorm2d(256, eps=1e-05, momentum=0.1, affine=True, track_running_stats=True)
                  (activation): ReLU()
                )
                (2): ResNetConvLayer(
                  (convolution): Conv2d(256, 1024, kernel_size=(1, 1), stride=(1, 1), bias=False)
                  (normalization): BatchNorm2d(1024, eps=1e-05, momentum=0.1, affine=True, track_running_stats=True)
                  (activation): Identity()
                )
              )
              (activation): ReLU()
            )
            (1): ResNetBottleNeckLayer(
              (shortcut): Identity()
              (layer): Sequential(
                (0): ResNetConvLayer(
                  (convolution): Conv2d(1024, 256, kernel_size=(1, 1), stride=(1, 1), bias=False)
                  (normalization): BatchNorm2d(256, eps=1e-05, momentum=0.1, affine=True, track_running_stats=True)
                  (activation): ReLU()
                )
                (1): ResNetConvLayer(
                  (convolution): Conv2d(256, 256, kernel_size=(3, 3), stride=(1, 1), padding=(1, 1), bias=False)
                  (normalization): BatchNorm2d(256, eps=1e-05, momentum=0.1, affine=True, track_running_stats=True)
                  (activation): ReLU()
                )
                (2): ResNetConvLayer(
                  (convolution): Conv2d(256, 1024, kernel_size=(1, 1), stride=(1, 1), bias=False)
                  (normalization): BatchNorm2d(1024, eps=1e-05, momentum=0.1, affine=True, track_running_stats=True)
                  (activation): Identity()
                )
              )
              (activation): ReLU()
            )
            (2): ResNetBottleNeckLayer(
              (shortcut): Identity()
              (layer): Sequential(
                (0): ResNetConvLayer(
                  (convolution): Conv2d(1024, 256, kernel_size=(1, 1), stride=(1, 1), bias=False)
                  (normalization): BatchNorm2d(256, eps=1e-05, momentum=0.1, affine=True, track_running_stats=True)
                  (activation): ReLU()
                )
                (1): ResNetConvLayer(
                  (convolution): Conv2d(256, 256, kernel_size=(3, 3), stride=(1, 1), padding=(1, 1), bias=False)
                  (normalization): BatchNorm2d(256, eps=1e-05, momentum=0.1, affine=True, track_running_stats=True)
                  (activation): ReLU()
                )
                (2): ResNetConvLayer(
                  (convolution): Conv2d(256, 1024, kernel_size=(1, 1), stride=(1, 1), bias=False)
                  (normalization): BatchNorm2d(1024, eps=1e-05, momentum=0.1, affine=True, track_running_stats=True)
                  (activation): Identity()
                )
              )
              (activation): ReLU()
            )
            (3): ResNetBottleNeckLayer(
              (shortcut): Identity()
              (layer): Sequential(
                (0): ResNetConvLayer(
                  (convolution): Conv2d(1024, 256, kernel_size=(1, 1), stride=(1, 1), bias=False)
                  (normalization): BatchNorm2d(256, eps=1e-05, momentum=0.1, affine=True, track_running_stats=True)
                  (activation): ReLU()
                )
                (1): ResNetConvLayer(
                  (convolution): Conv2d(256, 256, kernel_size=(3, 3), stride=(1, 1), padding=(1, 1), bias=False)
                  (normalization): BatchNorm2d(256, eps=1e-05, momentum=0.1, affine=True, track_running_stats=True)
                  (activation): ReLU()
                )
                (2): ResNetConvLayer(
                  (convolution): Conv2d(256, 1024, kernel_size=(1, 1), stride=(1, 1), bias=False)
                  (normalization): BatchNorm2d(1024, eps=1e-05, momentum=0.1, affine=True, track_running_stats=True)
                  (activation): Identity()
                )
              )
              (activation): ReLU()
            )
            (4): ResNetBottleNeckLayer(
              (shortcut): Identity()
              (layer): Sequential(
                (0): ResNetConvLayer(
                  (convolution): Conv2d(1024, 256, kernel_size=(1, 1), stride=(1, 1), bias=False)
                  (normalization): BatchNorm2d(256, eps=1e-05, momentum=0.1, affine=True, track_running_stats=True)
                  (activation): ReLU()
                )
                (1): ResNetConvLayer(
                  (convolution): Conv2d(256, 256, kernel_size=(3, 3), stride=(1, 1), padding=(1, 1), bias=False)
                  (normalization): BatchNorm2d(256, eps=1e-05, momentum=0.1, affine=True, track_running_stats=True)
                  (activation): ReLU()
                )
                (2): ResNetConvLayer(
                  (convolution): Conv2d(256, 1024, kernel_size=(1, 1), stride=(1, 1), bias=False)
                  (normalization): BatchNorm2d(1024, eps=1e-05, momentum=0.1, affine=True, track_running_stats=True)
                  (activation): Identity()
                )
              )
              (activation): ReLU()
            )
            (5): ResNetBottleNeckLayer(
              (shortcut): Identity()
              (layer): Sequential(
                (0): ResNetConvLayer(
                  (convolution): Conv2d(1024, 256, kernel_size=(1, 1), stride=(1, 1), bias=False)
                  (normalization): BatchNorm2d(256, eps=1e-05, momentum=0.1, affine=True, track_running_stats=True)
                  (activation): ReLU()
                )
                (1): ResNetConvLayer(
                  (convolution): Conv2d(256, 256, kernel_size=(3, 3), stride=(1, 1), padding=(1, 1), bias=False)
                  (normalization): BatchNorm2d(256, eps=1e-05, momentum=0.1, affine=True, track_running_stats=True)
                  (activation): ReLU()
                )
                (2): ResNetConvLayer(
                  (convolution): Conv2d(256, 1024, kernel_size=(1, 1), stride=(1, 1), bias=False)
                  (normalization): BatchNorm2d(1024, eps=1e-05, momentum=0.1, affine=True, track_running_stats=True)
                  (activation): Identity()
                )
              )
              (activation): ReLU()
            )
          )
        )
        (3): ResNetStage(
          (layers): Sequential(
            (0): ResNetBottleNeckLayer(
              (shortcut): ResNetShortCut(
                (convolution): Conv2d(1024, 2048, kernel_size=(1, 1), stride=(2, 2), bias=False)
                (normalization): BatchNorm2d(2048, eps=1e-05, momentum=0.1, affine=True, track_running_stats=True)
              )
              (layer): Sequential(
                (0): ResNetConvLayer(
                  (convolution): Conv2d(1024, 512, kernel_size=(1, 1), stride=(1, 1), bias=False)
                  (normalization): BatchNorm2d(512, eps=1e-05, momentum=0.1, affine=True, track_running_stats=True)
                  (activation): ReLU()
                )
                (1): ResNetConvLayer(
                  (convolution): Conv2d(512, 512, kernel_size=(3, 3), stride=(2, 2), padding=(1, 1), bias=False)
                  (normalization): BatchNorm2d(512, eps=1e-05, momentum=0.1, affine=True, track_running_stats=True)
                  (activation): ReLU()
                )
                (2): ResNetConvLayer(
                  (convolution): Conv2d(512, 2048, kernel_size=(1, 1), stride=(1, 1), bias=False)
                  (normalization): BatchNorm2d(2048, eps=1e-05, momentum=0.1, affine=True, track_running_stats=True)
                  (activation): Identity()
                )
              )
              (activation): ReLU()
            )
            (1): ResNetBottleNeckLayer(
              (shortcut): Identity()
              (layer): Sequential(
                (0): ResNetConvLayer(
                  (convolution): Conv2d(2048, 512, kernel_size=(1, 1), stride=(1, 1), bias=False)
                  (normalization): BatchNorm2d(512, eps=1e-05, momentum=0.1, affine=True, track_running_stats=True)
                  (activation): ReLU()
                )
                (1): ResNetConvLayer(
                  (convolution): Conv2d(512, 512, kernel_size=(3, 3), stride=(1, 1), padding=(1, 1), bias=False)
                  (normalization): BatchNorm2d(512, eps=1e-05, momentum=0.1, affine=True, track_running_stats=True)
                  (activation): ReLU()
                )
                (2): ResNetConvLayer(
                  (convolution): Conv2d(512, 2048, kernel_size=(1, 1), stride=(1, 1), bias=False)
                  (normalization): BatchNorm2d(2048, eps=1e-05, momentum=0.1, affine=True, track_running_stats=True)
                  (activation): Identity()
                )
              )
              (activation): ReLU()
            )
            (2): ResNetBottleNeckLayer(
              (shortcut): Identity()
              (layer): Sequential(
                (0): ResNetConvLayer(
                  (convolution): Conv2d(2048, 512, kernel_size=(1, 1), stride=(1, 1), bias=False)
                  (normalization): BatchNorm2d(512, eps=1e-05, momentum=0.1, affine=True, track_running_stats=True)
                  (activation): ReLU()
                )
                (1): ResNetConvLayer(
                  (convolution): Conv2d(512, 512, kernel_size=(3, 3), stride=(1, 1), padding=(1, 1), bias=False)
                  (normalization): BatchNorm2d(512, eps=1e-05, momentum=0.1, affine=True, track_running_stats=True)
                  (activation): ReLU()
                )
                (2): ResNetConvLayer(
                  (convolution): Conv2d(512, 2048, kernel_size=(1, 1), stride=(1, 1), bias=False)
                  (normalization): BatchNorm2d(2048, eps=1e-05, momentum=0.1, affine=True, track_running_stats=True)
                  (activation): Identity()
                )
              )
              (activation): ReLU()
            )
          )
        )
      )
    )
    (pooler): AdaptiveAvgPool2d(output_size=(1, 1))
  )
  (pre_branch): Sequential(
    (0): Flatten(start_dim=1, end_dim=-1)
    (1): Linear(in_features=2048, out_features=512, bias=True)
    (2): ReLU()
    (3): Dropout(p=0.5, inplace=False)
  )
  (branch1): Linear(in_features=512, out_features=11, bias=True)
  (loss_fn): MaskedDomainAdversarialLoss(
    (branch1_loss_fn): InstanceWeightedCrossEntropyLoss(
      (base_loss): CrossEntropyLoss()
    )
    (branch2_loss_fn): BCEWithLogitsLoss()
  )
  (grad_reverse): GradientReversal()
  (branch2): Sequential(
    (0): GradientReversal()
    (1): Linear(in_features=512, out_features=1, bias=True)
  )
)
[INFO|evaluation_funcs.py:99] 2025-11-21 05:51:16,142 >> Beginning evaluation of fold 0 (#1 out of 1)
[INFO|evaluation_funcs.py:107] 2025-11-21 05:51:52,762 >> Instantiated eval dataset TwoLabelDataset, length 17778, which is file /data/DG_Test_set/test_dataset_Uniform_Noise.npz
[INFO|training_args.py:1598] 2025-11-21 05:51:52,764 >> No output directory specified, defaulting to 'trainer_output'. To change this behavior, specify --output_dir when creating TrainingArguments.
[INFO|training_args.py:1598] 2025-11-21 05:51:52,764 >> No output directory specified, defaulting to 'trainer_output'. To change this behavior, specify --output_dir when creating TrainingArguments.
[INFO|training_args.py:2222] 2025-11-21 05:51:52,765 >> PyTorch: setting up devices
[INFO|training_args.py:2222] 2025-11-21 05:51:52,765 >> PyTorch: setting up devices
[INFO|evaluation_funcs.py:55] 2025-11-21 05:51:52,835 >> TrainingArguments(
_n_gpu=1,
accelerator_config={'split_batches': False, 'dispatch_batches': None, 'even_batches': True, 'use_seedable_sampler': True, 'non_blocking': False, 'gradient_accumulation_kwargs': None, 'use_configured_state': False},
adafactor=False,
adam_beta1=0.9,
adam_beta2=0.999,
adam_epsilon=1e-08,
auto_find_batch_size=False,
average_tokens_across_devices=True,
batch_eval_metrics=False,
bf16=False,
bf16_full_eval=False,
data_seed=None,
dataloader_drop_last=False,
dataloader_num_workers=0,
dataloader_persistent_workers=False,
dataloader_pin_memory=False,
dataloader_prefetch_factor=None,
ddp_backend=None,
ddp_broadcast_buffers=None,
ddp_bucket_cap_mb=None,
ddp_find_unused_parameters=None,
ddp_timeout=1800,
debug=[],
deepspeed=None,
disable_tqdm=False,
do_eval=False,
do_predict=False,
do_train=False,
eval_accumulation_steps=None,
eval_delay=0,
eval_do_concat_batches=True,
eval_on_start=False,
eval_steps=None,
eval_strategy=IntervalStrategy.NO,
eval_use_gather_object=False,
fp16=False,
fp16_backend=auto,
fp16_full_eval=False,
fp16_opt_level=O1,
fsdp=[],
fsdp_config={'min_num_params': 0, 'xla': False, 'xla_fsdp_v2': False, 'xla_fsdp_grad_ckpt': False},
fsdp_min_num_params=0,
fsdp_transformer_layer_cls_to_wrap=None,
full_determinism=False,
gradient_accumulation_steps=1,
gradient_checkpointing=False,
gradient_checkpointing_kwargs=None,
greater_is_better=None,
group_by_length=False,
half_precision_backend=auto,
hub_always_push=False,
hub_model_id=None,
hub_private_repo=None,
hub_revision=None,
hub_strategy=HubStrategy.EVERY_SAVE,
hub_token=<HUB_TOKEN>,
ignore_data_skip=False,
include_for_metrics=[],
include_inputs_for_metrics=False,
include_num_input_tokens_seen=no,
include_tokens_per_second=False,
jit_mode_eval=False,
label_names=None,
label_smoothing_factor=0.0,
learning_rate=5e-05,
length_column_name=length,
liger_kernel_config=None,
load_best_model_at_end=False,
local_rank=0,
log_level=passive,
log_level_replica=warning,
log_on_each_node=True,
logging_dir=trainer_output/runs/Nov21_05-51-52_c0d8d6395f10,
logging_first_step=False,
logging_nan_inf_filter=True,
logging_steps=500,
logging_strategy=IntervalStrategy.STEPS,
lr_scheduler_kwargs={},
lr_scheduler_type=SchedulerType.LINEAR,
max_grad_norm=1.0,
max_steps=-1,
metric_for_best_model=None,
mp_parameters=,
neftune_noise_alpha=None,
no_cuda=False,
num_train_epochs=3.0,
optim=OptimizerNames.ADAMW_TORCH,
optim_args=None,
optim_target_modules=None,
output_dir=trainer_output,
overwrite_output_dir=False,
parallelism_config=None,
past_index=-1,
per_device_eval_batch_size=32,
per_device_train_batch_size=8,
prediction_loss_only=False,
project=huggingface,
push_to_hub=False,
push_to_hub_model_id=None,
push_to_hub_organization=None,
push_to_hub_token=<PUSH_TO_HUB_TOKEN>,
ray_scope=last,
remove_unused_columns=True,
report_to=[],
restore_callback_states_from_checkpoint=False,
resume_from_checkpoint=None,
run_name=None,
save_on_each_node=False,
save_only_model=False,
save_safetensors=True,
save_steps=500,
save_strategy=SaveStrategy.STEPS,
save_total_limit=None,
seed=42,
skip_memory_metrics=True,
tf32=None,
torch_compile=False,
torch_compile_backend=None,
torch_compile_mode=None,
torch_empty_cache_steps=None,
torchdynamo=None,
tpu_metrics_debug=False,
tpu_num_cores=None,
trackio_space_id=trackio,
use_cpu=False,
use_legacy_prediction_loop=False,
use_liger_kernel=False,
use_mps_device=False,
warmup_ratio=0.0,
warmup_steps=0,
weight_decay=0.0,
)
[INFO|trainer.py:4643] 2025-11-21 05:51:53,017 >> 
***** Running Evaluation *****
[INFO|trainer.py:4643] 2025-11-21 05:51:53,017 >> 
***** Running Evaluation *****
[INFO|trainer.py:4645] 2025-11-21 05:51:53,018 >>   Num examples = 17778
[INFO|trainer.py:4645] 2025-11-21 05:51:53,018 >>   Num examples = 17778
[INFO|trainer.py:4648] 2025-11-21 05:51:53,018 >>   Batch size = 32
[INFO|trainer.py:4648] 2025-11-21 05:51:53,018 >>   Batch size = 32
[INFO|evaluation_funcs.py:69] 2025-11-21 05:52:12,331 >> Metrics: {'eval_loss': 2.6999917030334473, 'eval_model_preparation_time': 0.0025, 'eval_accuracy_branch1': 0.38778265271684104, 'eval_precision_branch1': 0.4069137145099378, 'eval_recall_branch1': 0.28591790540078627, 'eval_f1_branch1': 0.24585554663572512, 'eval_accuracy_branch2': 0.0, 'eval_precision_branch2': 0.0, 'eval_recall_branch2': 0.0, 'eval_f1_branch2': 0.0, 'eval_lambda': 0.0, 'eval_tn_branch2': 0, 'eval_fp_branch2': 0, 'eval_fn_branch2': 17778, 'eval_tp_branch2': 0, 'eval_loss_branch1': 0.0, 'eval_loss_branch2': 2.6997971534729004, 'eval_cm_branch1_actual0_pred0': 0, 'eval_cm_branch1_actual0_pred1': 0, 'eval_cm_branch1_actual0_pred2': 0, 'eval_cm_branch1_actual0_pred3': 0, 'eval_cm_branch1_actual0_pred4': 0, 'eval_cm_branch1_actual0_pred5': 0, 'eval_cm_branch1_actual0_pred6': 1035, 'eval_cm_branch1_actual0_pred7': 0, 'eval_cm_branch1_actual0_pred8': 0, 'eval_cm_branch1_actual0_pred9': 1, 'eval_cm_branch1_actual0_pred10': 0, 'eval_cm_branch1_actual1_pred0': 97, 'eval_cm_branch1_actual1_pred1': 12, 'eval_cm_branch1_actual1_pred2': 0, 'eval_cm_branch1_actual1_pred3': 0, 'eval_cm_branch1_actual1_pred4': 0, 'eval_cm_branch1_actual1_pred5': 0, 'eval_cm_branch1_actual1_pred6': 369, 'eval_cm_branch1_actual1_pred7': 0, 'eval_cm_branch1_actual1_pred8': 16, 'eval_cm_branch1_actual1_pred9': 276, 'eval_cm_branch1_actual1_pred10': 14, 'eval_cm_branch1_actual2_pred0': 92, 'eval_cm_branch1_actual2_pred1': 3, 'eval_cm_branch1_actual2_pred2': 0, 'eval_cm_branch1_actual2_pred3': 1, 'eval_cm_branch1_actual2_pred4': 0, 'eval_cm_branch1_actual2_pred5': 0, 'eval_cm_branch1_actual2_pred6': 379, 'eval_cm_branch1_actual2_pred7': 8, 'eval_cm_branch1_actual2_pred8': 13, 'eval_cm_branch1_actual2_pred9': 296, 'eval_cm_branch1_actual2_pred10': 1, 'eval_cm_branch1_actual3_pred0': 0, 'eval_cm_branch1_actual3_pred1': 0, 'eval_cm_branch1_actual3_pred2': 0, 'eval_cm_branch1_actual3_pred3': 145, 'eval_cm_branch1_actual3_pred4': 0, 'eval_cm_branch1_actual3_pred5': 0, 'eval_cm_branch1_actual3_pred6': 591, 'eval_cm_branch1_actual3_pred7': 11, 'eval_cm_branch1_actual3_pred8': 38, 'eval_cm_branch1_actual3_pred9': 0, 'eval_cm_branch1_actual3_pred10': 0, 'eval_cm_branch1_actual4_pred0': 0, 'eval_cm_branch1_actual4_pred1': 0, 'eval_cm_branch1_actual4_pred2': 0, 'eval_cm_branch1_actual4_pred3': 0, 'eval_cm_branch1_actual4_pred4': 0, 'eval_cm_branch1_actual4_pred5': 0, 'eval_cm_branch1_actual4_pred6': 2050, 'eval_cm_branch1_actual4_pred7': 2, 'eval_cm_branch1_actual4_pred8': 10, 'eval_cm_branch1_actual4_pred9': 2, 'eval_cm_branch1_actual4_pred10': 0, 'eval_cm_branch1_actual5_pred0': 18, 'eval_cm_branch1_actual5_pred1': 0, 'eval_cm_branch1_actual5_pred2': 0, 'eval_cm_branch1_actual5_pred3': 0, 'eval_cm_branch1_actual5_pred4': 0, 'eval_cm_branch1_actual5_pred5': 0, 'eval_cm_branch1_actual5_pred6': 1876, 'eval_cm_branch1_actual5_pred7': 0, 'eval_cm_branch1_actual5_pred8': 0, 'eval_cm_branch1_actual5_pred9': 71, 'eval_cm_branch1_actual5_pred10': 0, 'eval_cm_branch1_actual6_pred0': 0, 'eval_cm_branch1_actual6_pred1': 0, 'eval_cm_branch1_actual6_pred2': 0, 'eval_cm_branch1_actual6_pred3': 0, 'eval_cm_branch1_actual6_pred4': 0, 'eval_cm_branch1_actual6_pred5': 0, 'eval_cm_branch1_actual6_pred6': 3269, 'eval_cm_branch1_actual6_pred7': 0, 'eval_cm_branch1_actual6_pred8': 16, 'eval_cm_branch1_actual6_pred9': 0, 'eval_cm_branch1_actual6_pred10': 0, 'eval_cm_branch1_actual7_pred0': 0, 'eval_cm_branch1_actual7_pred1': 0, 'eval_cm_branch1_actual7_pred2': 0, 'eval_cm_branch1_actual7_pred3': 0, 'eval_cm_branch1_actual7_pred4': 0, 'eval_cm_branch1_actual7_pred5': 0, 'eval_cm_branch1_actual7_pred6': 45, 'eval_cm_branch1_actual7_pred7': 1681, 'eval_cm_branch1_actual7_pred8': 21, 'eval_cm_branch1_actual7_pred9': 0, 'eval_cm_branch1_actual7_pred10': 0, 'eval_cm_branch1_actual8_pred0': 0, 'eval_cm_branch1_actual8_pred1': 0, 'eval_cm_branch1_actual8_pred2': 0, 'eval_cm_branch1_actual8_pred3': 0, 'eval_cm_branch1_actual8_pred4': 0, 'eval_cm_branch1_actual8_pred5': 0, 'eval_cm_branch1_actual8_pred6': 75, 'eval_cm_branch1_actual8_pred7': 0, 'eval_cm_branch1_actual8_pred8': 1738, 'eval_cm_branch1_actual8_pred9': 0, 'eval_cm_branch1_actual8_pred10': 0, 'eval_cm_branch1_actual9_pred0': 0, 'eval_cm_branch1_actual9_pred1': 0, 'eval_cm_branch1_actual9_pred2': 0, 'eval_cm_branch1_actual9_pred3': 0, 'eval_cm_branch1_actual9_pred4': 0, 'eval_cm_branch1_actual9_pred5': 0, 'eval_cm_branch1_actual9_pred6': 1586, 'eval_cm_branch1_actual9_pred7': 0, 'eval_cm_branch1_actual9_pred8': 0, 'eval_cm_branch1_actual9_pred9': 36, 'eval_cm_branch1_actual9_pred10': 0, 'eval_cm_branch1_actual10_pred0': 0, 'eval_cm_branch1_actual10_pred1': 0, 'eval_cm_branch1_actual10_pred2': 0, 'eval_cm_branch1_actual10_pred3': 0, 'eval_cm_branch1_actual10_pred4': 0, 'eval_cm_branch1_actual10_pred5': 0, 'eval_cm_branch1_actual10_pred6': 1826, 'eval_cm_branch1_actual10_pred7': 6, 'eval_cm_branch1_actual10_pred8': 8, 'eval_cm_branch1_actual10_pred9': 31, 'eval_cm_branch1_actual10_pred10': 13, 'eval_runtime': 19.3106, 'eval_samples_per_second': 920.635, 'eval_steps_per_second': 28.792}
[INFO|evaluation_funcs.py:96] 2025-11-21 05:52:13,031 >> Instantiated model ResNet50DANN from /data/D20_training/parabolic_increasing_lambda_scheduler_fold_0_2025-11-20_03-21-09/results/checkpoint-96491/model.safetensors. Summary:
ResNet50DANN(
  (resnet): ResNetModel(
    (embedder): ResNetEmbeddings(
      (embedder): ResNetConvLayer(
        (convolution): Conv2d(3, 64, kernel_size=(7, 7), stride=(2, 2), padding=(3, 3), bias=False)
        (normalization): BatchNorm2d(64, eps=1e-05, momentum=0.1, affine=True, track_running_stats=True)
        (activation): ReLU()
      )
      (pooler): MaxPool2d(kernel_size=3, stride=2, padding=1, dilation=1, ceil_mode=False)
    )
    (encoder): ResNetEncoder(
      (stages): ModuleList(
        (0): ResNetStage(
          (layers): Sequential(
            (0): ResNetBottleNeckLayer(
              (shortcut): ResNetShortCut(
                (convolution): Conv2d(64, 256, kernel_size=(1, 1), stride=(1, 1), bias=False)
                (normalization): BatchNorm2d(256, eps=1e-05, momentum=0.1, affine=True, track_running_stats=True)
              )
              (layer): Sequential(
                (0): ResNetConvLayer(
                  (convolution): Conv2d(64, 64, kernel_size=(1, 1), stride=(1, 1), bias=False)
                  (normalization): BatchNorm2d(64, eps=1e-05, momentum=0.1, affine=True, track_running_stats=True)
                  (activation): ReLU()
                )
                (1): ResNetConvLayer(
                  (convolution): Conv2d(64, 64, kernel_size=(3, 3), stride=(1, 1), padding=(1, 1), bias=False)
                  (normalization): BatchNorm2d(64, eps=1e-05, momentum=0.1, affine=True, track_running_stats=True)
                  (activation): ReLU()
                )
                (2): ResNetConvLayer(
                  (convolution): Conv2d(64, 256, kernel_size=(1, 1), stride=(1, 1), bias=False)
                  (normalization): BatchNorm2d(256, eps=1e-05, momentum=0.1, affine=True, track_running_stats=True)
                  (activation): Identity()
                )
              )
              (activation): ReLU()
            )
            (1): ResNetBottleNeckLayer(
              (shortcut): Identity()
              (layer): Sequential(
                (0): ResNetConvLayer(
                  (convolution): Conv2d(256, 64, kernel_size=(1, 1), stride=(1, 1), bias=False)
                  (normalization): BatchNorm2d(64, eps=1e-05, momentum=0.1, affine=True, track_running_stats=True)
                  (activation): ReLU()
                )
                (1): ResNetConvLayer(
                  (convolution): Conv2d(64, 64, kernel_size=(3, 3), stride=(1, 1), padding=(1, 1), bias=False)
                  (normalization): BatchNorm2d(64, eps=1e-05, momentum=0.1, affine=True, track_running_stats=True)
                  (activation): ReLU()
                )
                (2): ResNetConvLayer(
                  (convolution): Conv2d(64, 256, kernel_size=(1, 1), stride=(1, 1), bias=False)
                  (normalization): BatchNorm2d(256, eps=1e-05, momentum=0.1, affine=True, track_running_stats=True)
                  (activation): Identity()
                )
              )
              (activation): ReLU()
            )
            (2): ResNetBottleNeckLayer(
              (shortcut): Identity()
              (layer): Sequential(
                (0): ResNetConvLayer(
                  (convolution): Conv2d(256, 64, kernel_size=(1, 1), stride=(1, 1), bias=False)
                  (normalization): BatchNorm2d(64, eps=1e-05, momentum=0.1, affine=True, track_running_stats=True)
                  (activation): ReLU()
                )
                (1): ResNetConvLayer(
                  (convolution): Conv2d(64, 64, kernel_size=(3, 3), stride=(1, 1), padding=(1, 1), bias=False)
                  (normalization): BatchNorm2d(64, eps=1e-05, momentum=0.1, affine=True, track_running_stats=True)
                  (activation): ReLU()
                )
                (2): ResNetConvLayer(
                  (convolution): Conv2d(64, 256, kernel_size=(1, 1), stride=(1, 1), bias=False)
                  (normalization): BatchNorm2d(256, eps=1e-05, momentum=0.1, affine=True, track_running_stats=True)
                  (activation): Identity()
                )
              )
              (activation): ReLU()
            )
          )
        )
        (1): ResNetStage(
          (layers): Sequential(
            (0): ResNetBottleNeckLayer(
              (shortcut): ResNetShortCut(
                (convolution): Conv2d(256, 512, kernel_size=(1, 1), stride=(2, 2), bias=False)
                (normalization): BatchNorm2d(512, eps=1e-05, momentum=0.1, affine=True, track_running_stats=True)
              )
              (layer): Sequential(
                (0): ResNetConvLayer(
                  (convolution): Conv2d(256, 128, kernel_size=(1, 1), stride=(1, 1), bias=False)
                  (normalization): BatchNorm2d(128, eps=1e-05, momentum=0.1, affine=True, track_running_stats=True)
                  (activation): ReLU()
                )
                (1): ResNetConvLayer(
                  (convolution): Conv2d(128, 128, kernel_size=(3, 3), stride=(2, 2), padding=(1, 1), bias=False)
                  (normalization): BatchNorm2d(128, eps=1e-05, momentum=0.1, affine=True, track_running_stats=True)
                  (activation): ReLU()
                )
                (2): ResNetConvLayer(
                  (convolution): Conv2d(128, 512, kernel_size=(1, 1), stride=(1, 1), bias=False)
                  (normalization): BatchNorm2d(512, eps=1e-05, momentum=0.1, affine=True, track_running_stats=True)
                  (activation): Identity()
                )
              )
              (activation): ReLU()
            )
            (1): ResNetBottleNeckLayer(
              (shortcut): Identity()
              (layer): Sequential(
                (0): ResNetConvLayer(
                  (convolution): Conv2d(512, 128, kernel_size=(1, 1), stride=(1, 1), bias=False)
                  (normalization): BatchNorm2d(128, eps=1e-05, momentum=0.1, affine=True, track_running_stats=True)
                  (activation): ReLU()
                )
                (1): ResNetConvLayer(
                  (convolution): Conv2d(128, 128, kernel_size=(3, 3), stride=(1, 1), padding=(1, 1), bias=False)
                  (normalization): BatchNorm2d(128, eps=1e-05, momentum=0.1, affine=True, track_running_stats=True)
                  (activation): ReLU()
                )
                (2): ResNetConvLayer(
                  (convolution): Conv2d(128, 512, kernel_size=(1, 1), stride=(1, 1), bias=False)
                  (normalization): BatchNorm2d(512, eps=1e-05, momentum=0.1, affine=True, track_running_stats=True)
                  (activation): Identity()
                )
              )
              (activation): ReLU()
            )
            (2): ResNetBottleNeckLayer(
              (shortcut): Identity()
              (layer): Sequential(
                (0): ResNetConvLayer(
                  (convolution): Conv2d(512, 128, kernel_size=(1, 1), stride=(1, 1), bias=False)
                  (normalization): BatchNorm2d(128, eps=1e-05, momentum=0.1, affine=True, track_running_stats=True)
                  (activation): ReLU()
                )
                (1): ResNetConvLayer(
                  (convolution): Conv2d(128, 128, kernel_size=(3, 3), stride=(1, 1), padding=(1, 1), bias=False)
                  (normalization): BatchNorm2d(128, eps=1e-05, momentum=0.1, affine=True, track_running_stats=True)
                  (activation): ReLU()
                )
                (2): ResNetConvLayer(
                  (convolution): Conv2d(128, 512, kernel_size=(1, 1), stride=(1, 1), bias=False)
                  (normalization): BatchNorm2d(512, eps=1e-05, momentum=0.1, affine=True, track_running_stats=True)
                  (activation): Identity()
                )
              )
              (activation): ReLU()
            )
            (3): ResNetBottleNeckLayer(
              (shortcut): Identity()
              (layer): Sequential(
                (0): ResNetConvLayer(
                  (convolution): Conv2d(512, 128, kernel_size=(1, 1), stride=(1, 1), bias=False)
                  (normalization): BatchNorm2d(128, eps=1e-05, momentum=0.1, affine=True, track_running_stats=True)
                  (activation): ReLU()
                )
                (1): ResNetConvLayer(
                  (convolution): Conv2d(128, 128, kernel_size=(3, 3), stride=(1, 1), padding=(1, 1), bias=False)
                  (normalization): BatchNorm2d(128, eps=1e-05, momentum=0.1, affine=True, track_running_stats=True)
                  (activation): ReLU()
                )
                (2): ResNetConvLayer(
                  (convolution): Conv2d(128, 512, kernel_size=(1, 1), stride=(1, 1), bias=False)
                  (normalization): BatchNorm2d(512, eps=1e-05, momentum=0.1, affine=True, track_running_stats=True)
                  (activation): Identity()
                )
              )
              (activation): ReLU()
            )
          )
        )
        (2): ResNetStage(
          (layers): Sequential(
            (0): ResNetBottleNeckLayer(
              (shortcut): ResNetShortCut(
                (convolution): Conv2d(512, 1024, kernel_size=(1, 1), stride=(2, 2), bias=False)
                (normalization): BatchNorm2d(1024, eps=1e-05, momentum=0.1, affine=True, track_running_stats=True)
              )
              (layer): Sequential(
                (0): ResNetConvLayer(
                  (convolution): Conv2d(512, 256, kernel_size=(1, 1), stride=(1, 1), bias=False)
                  (normalization): BatchNorm2d(256, eps=1e-05, momentum=0.1, affine=True, track_running_stats=True)
                  (activation): ReLU()
                )
                (1): ResNetConvLayer(
                  (convolution): Conv2d(256, 256, kernel_size=(3, 3), stride=(2, 2), padding=(1, 1), bias=False)
                  (normalization): BatchNorm2d(256, eps=1e-05, momentum=0.1, affine=True, track_running_stats=True)
                  (activation): ReLU()
                )
                (2): ResNetConvLayer(
                  (convolution): Conv2d(256, 1024, kernel_size=(1, 1), stride=(1, 1), bias=False)
                  (normalization): BatchNorm2d(1024, eps=1e-05, momentum=0.1, affine=True, track_running_stats=True)
                  (activation): Identity()
                )
              )
              (activation): ReLU()
            )
            (1): ResNetBottleNeckLayer(
              (shortcut): Identity()
              (layer): Sequential(
                (0): ResNetConvLayer(
                  (convolution): Conv2d(1024, 256, kernel_size=(1, 1), stride=(1, 1), bias=False)
                  (normalization): BatchNorm2d(256, eps=1e-05, momentum=0.1, affine=True, track_running_stats=True)
                  (activation): ReLU()
                )
                (1): ResNetConvLayer(
                  (convolution): Conv2d(256, 256, kernel_size=(3, 3), stride=(1, 1), padding=(1, 1), bias=False)
                  (normalization): BatchNorm2d(256, eps=1e-05, momentum=0.1, affine=True, track_running_stats=True)
                  (activation): ReLU()
                )
                (2): ResNetConvLayer(
                  (convolution): Conv2d(256, 1024, kernel_size=(1, 1), stride=(1, 1), bias=False)
                  (normalization): BatchNorm2d(1024, eps=1e-05, momentum=0.1, affine=True, track_running_stats=True)
                  (activation): Identity()
                )
              )
              (activation): ReLU()
            )
            (2): ResNetBottleNeckLayer(
              (shortcut): Identity()
              (layer): Sequential(
                (0): ResNetConvLayer(
                  (convolution): Conv2d(1024, 256, kernel_size=(1, 1), stride=(1, 1), bias=False)
                  (normalization): BatchNorm2d(256, eps=1e-05, momentum=0.1, affine=True, track_running_stats=True)
                  (activation): ReLU()
                )
                (1): ResNetConvLayer(
                  (convolution): Conv2d(256, 256, kernel_size=(3, 3), stride=(1, 1), padding=(1, 1), bias=False)
                  (normalization): BatchNorm2d(256, eps=1e-05, momentum=0.1, affine=True, track_running_stats=True)
                  (activation): ReLU()
                )
                (2): ResNetConvLayer(
                  (convolution): Conv2d(256, 1024, kernel_size=(1, 1), stride=(1, 1), bias=False)
                  (normalization): BatchNorm2d(1024, eps=1e-05, momentum=0.1, affine=True, track_running_stats=True)
                  (activation): Identity()
                )
              )
              (activation): ReLU()
            )
            (3): ResNetBottleNeckLayer(
              (shortcut): Identity()
              (layer): Sequential(
                (0): ResNetConvLayer(
                  (convolution): Conv2d(1024, 256, kernel_size=(1, 1), stride=(1, 1), bias=False)
                  (normalization): BatchNorm2d(256, eps=1e-05, momentum=0.1, affine=True, track_running_stats=True)
                  (activation): ReLU()
                )
                (1): ResNetConvLayer(
                  (convolution): Conv2d(256, 256, kernel_size=(3, 3), stride=(1, 1), padding=(1, 1), bias=False)
                  (normalization): BatchNorm2d(256, eps=1e-05, momentum=0.1, affine=True, track_running_stats=True)
                  (activation): ReLU()
                )
                (2): ResNetConvLayer(
                  (convolution): Conv2d(256, 1024, kernel_size=(1, 1), stride=(1, 1), bias=False)
                  (normalization): BatchNorm2d(1024, eps=1e-05, momentum=0.1, affine=True, track_running_stats=True)
                  (activation): Identity()
                )
              )
              (activation): ReLU()
            )
            (4): ResNetBottleNeckLayer(
              (shortcut): Identity()
              (layer): Sequential(
                (0): ResNetConvLayer(
                  (convolution): Conv2d(1024, 256, kernel_size=(1, 1), stride=(1, 1), bias=False)
                  (normalization): BatchNorm2d(256, eps=1e-05, momentum=0.1, affine=True, track_running_stats=True)
                  (activation): ReLU()
                )
                (1): ResNetConvLayer(
                  (convolution): Conv2d(256, 256, kernel_size=(3, 3), stride=(1, 1), padding=(1, 1), bias=False)
                  (normalization): BatchNorm2d(256, eps=1e-05, momentum=0.1, affine=True, track_running_stats=True)
                  (activation): ReLU()
                )
                (2): ResNetConvLayer(
                  (convolution): Conv2d(256, 1024, kernel_size=(1, 1), stride=(1, 1), bias=False)
                  (normalization): BatchNorm2d(1024, eps=1e-05, momentum=0.1, affine=True, track_running_stats=True)
                  (activation): Identity()
                )
              )
              (activation): ReLU()
            )
            (5): ResNetBottleNeckLayer(
              (shortcut): Identity()
              (layer): Sequential(
                (0): ResNetConvLayer(
                  (convolution): Conv2d(1024, 256, kernel_size=(1, 1), stride=(1, 1), bias=False)
                  (normalization): BatchNorm2d(256, eps=1e-05, momentum=0.1, affine=True, track_running_stats=True)
                  (activation): ReLU()
                )
                (1): ResNetConvLayer(
                  (convolution): Conv2d(256, 256, kernel_size=(3, 3), stride=(1, 1), padding=(1, 1), bias=False)
                  (normalization): BatchNorm2d(256, eps=1e-05, momentum=0.1, affine=True, track_running_stats=True)
                  (activation): ReLU()
                )
                (2): ResNetConvLayer(
                  (convolution): Conv2d(256, 1024, kernel_size=(1, 1), stride=(1, 1), bias=False)
                  (normalization): BatchNorm2d(1024, eps=1e-05, momentum=0.1, affine=True, track_running_stats=True)
                  (activation): Identity()
                )
              )
              (activation): ReLU()
            )
          )
        )
        (3): ResNetStage(
          (layers): Sequential(
            (0): ResNetBottleNeckLayer(
              (shortcut): ResNetShortCut(
                (convolution): Conv2d(1024, 2048, kernel_size=(1, 1), stride=(2, 2), bias=False)
                (normalization): BatchNorm2d(2048, eps=1e-05, momentum=0.1, affine=True, track_running_stats=True)
              )
              (layer): Sequential(
                (0): ResNetConvLayer(
                  (convolution): Conv2d(1024, 512, kernel_size=(1, 1), stride=(1, 1), bias=False)
                  (normalization): BatchNorm2d(512, eps=1e-05, momentum=0.1, affine=True, track_running_stats=True)
                  (activation): ReLU()
                )
                (1): ResNetConvLayer(
                  (convolution): Conv2d(512, 512, kernel_size=(3, 3), stride=(2, 2), padding=(1, 1), bias=False)
                  (normalization): BatchNorm2d(512, eps=1e-05, momentum=0.1, affine=True, track_running_stats=True)
                  (activation): ReLU()
                )
                (2): ResNetConvLayer(
                  (convolution): Conv2d(512, 2048, kernel_size=(1, 1), stride=(1, 1), bias=False)
                  (normalization): BatchNorm2d(2048, eps=1e-05, momentum=0.1, affine=True, track_running_stats=True)
                  (activation): Identity()
                )
              )
              (activation): ReLU()
            )
            (1): ResNetBottleNeckLayer(
              (shortcut): Identity()
              (layer): Sequential(
                (0): ResNetConvLayer(
                  (convolution): Conv2d(2048, 512, kernel_size=(1, 1), stride=(1, 1), bias=False)
                  (normalization): BatchNorm2d(512, eps=1e-05, momentum=0.1, affine=True, track_running_stats=True)
                  (activation): ReLU()
                )
                (1): ResNetConvLayer(
                  (convolution): Conv2d(512, 512, kernel_size=(3, 3), stride=(1, 1), padding=(1, 1), bias=False)
                  (normalization): BatchNorm2d(512, eps=1e-05, momentum=0.1, affine=True, track_running_stats=True)
                  (activation): ReLU()
                )
                (2): ResNetConvLayer(
                  (convolution): Conv2d(512, 2048, kernel_size=(1, 1), stride=(1, 1), bias=False)
                  (normalization): BatchNorm2d(2048, eps=1e-05, momentum=0.1, affine=True, track_running_stats=True)
                  (activation): Identity()
                )
              )
              (activation): ReLU()
            )
            (2): ResNetBottleNeckLayer(
              (shortcut): Identity()
              (layer): Sequential(
                (0): ResNetConvLayer(
                  (convolution): Conv2d(2048, 512, kernel_size=(1, 1), stride=(1, 1), bias=False)
                  (normalization): BatchNorm2d(512, eps=1e-05, momentum=0.1, affine=True, track_running_stats=True)
                  (activation): ReLU()
                )
                (1): ResNetConvLayer(
                  (convolution): Conv2d(512, 512, kernel_size=(3, 3), stride=(1, 1), padding=(1, 1), bias=False)
                  (normalization): BatchNorm2d(512, eps=1e-05, momentum=0.1, affine=True, track_running_stats=True)
                  (activation): ReLU()
                )
                (2): ResNetConvLayer(
                  (convolution): Conv2d(512, 2048, kernel_size=(1, 1), stride=(1, 1), bias=False)
                  (normalization): BatchNorm2d(2048, eps=1e-05, momentum=0.1, affine=True, track_running_stats=True)
                  (activation): Identity()
                )
              )
              (activation): ReLU()
            )
          )
        )
      )
    )
    (pooler): AdaptiveAvgPool2d(output_size=(1, 1))
  )
  (pre_branch): Sequential(
    (0): Flatten(start_dim=1, end_dim=-1)
    (1): Linear(in_features=2048, out_features=512, bias=True)
    (2): ReLU()
    (3): Dropout(p=0.5, inplace=False)
  )
  (branch1): Linear(in_features=512, out_features=11, bias=True)
  (loss_fn): MaskedDomainAdversarialLoss(
    (branch1_loss_fn): InstanceWeightedCrossEntropyLoss(
      (base_loss): CrossEntropyLoss()
    )
    (branch2_loss_fn): BCEWithLogitsLoss()
  )
  (grad_reverse): GradientReversal()
  (branch2): Sequential(
    (0): GradientReversal()
    (1): Linear(in_features=512, out_features=1, bias=True)
  )
)
[INFO|evaluation_funcs.py:99] 2025-11-21 05:52:13,032 >> Beginning evaluation of fold 0 (#1 out of 1)
[INFO|evaluation_funcs.py:107] 2025-11-21 05:52:49,800 >> Instantiated eval dataset TwoLabelDataset, length 17778, which is file /data/DG_Test_set/test_dataset_Uniform_Noise.npz
[INFO|training_args.py:1598] 2025-11-21 05:52:49,802 >> No output directory specified, defaulting to 'trainer_output'. To change this behavior, specify --output_dir when creating TrainingArguments.
[INFO|training_args.py:1598] 2025-11-21 05:52:49,802 >> No output directory specified, defaulting to 'trainer_output'. To change this behavior, specify --output_dir when creating TrainingArguments.
[INFO|training_args.py:2222] 2025-11-21 05:52:49,803 >> PyTorch: setting up devices
[INFO|training_args.py:2222] 2025-11-21 05:52:49,803 >> PyTorch: setting up devices
[INFO|evaluation_funcs.py:55] 2025-11-21 05:52:49,845 >> TrainingArguments(
_n_gpu=1,
accelerator_config={'split_batches': False, 'dispatch_batches': None, 'even_batches': True, 'use_seedable_sampler': True, 'non_blocking': False, 'gradient_accumulation_kwargs': None, 'use_configured_state': False},
adafactor=False,
adam_beta1=0.9,
adam_beta2=0.999,
adam_epsilon=1e-08,
auto_find_batch_size=False,
average_tokens_across_devices=True,
batch_eval_metrics=False,
bf16=False,
bf16_full_eval=False,
data_seed=None,
dataloader_drop_last=False,
dataloader_num_workers=0,
dataloader_persistent_workers=False,
dataloader_pin_memory=False,
dataloader_prefetch_factor=None,
ddp_backend=None,
ddp_broadcast_buffers=None,
ddp_bucket_cap_mb=None,
ddp_find_unused_parameters=None,
ddp_timeout=1800,
debug=[],
deepspeed=None,
disable_tqdm=False,
do_eval=False,
do_predict=False,
do_train=False,
eval_accumulation_steps=None,
eval_delay=0,
eval_do_concat_batches=True,
eval_on_start=False,
eval_steps=None,
eval_strategy=IntervalStrategy.NO,
eval_use_gather_object=False,
fp16=False,
fp16_backend=auto,
fp16_full_eval=False,
fp16_opt_level=O1,
fsdp=[],
fsdp_config={'min_num_params': 0, 'xla': False, 'xla_fsdp_v2': False, 'xla_fsdp_grad_ckpt': False},
fsdp_min_num_params=0,
fsdp_transformer_layer_cls_to_wrap=None,
full_determinism=False,
gradient_accumulation_steps=1,
gradient_checkpointing=False,
gradient_checkpointing_kwargs=None,
greater_is_better=None,
group_by_length=False,
half_precision_backend=auto,
hub_always_push=False,
hub_model_id=None,
hub_private_repo=None,
hub_revision=None,
hub_strategy=HubStrategy.EVERY_SAVE,
hub_token=<HUB_TOKEN>,
ignore_data_skip=False,
include_for_metrics=[],
include_inputs_for_metrics=False,
include_num_input_tokens_seen=no,
include_tokens_per_second=False,
jit_mode_eval=False,
label_names=None,
label_smoothing_factor=0.0,
learning_rate=5e-05,
length_column_name=length,
liger_kernel_config=None,
load_best_model_at_end=False,
local_rank=0,
log_level=passive,
log_level_replica=warning,
log_on_each_node=True,
logging_dir=trainer_output/runs/Nov21_05-52-49_c0d8d6395f10,
logging_first_step=False,
logging_nan_inf_filter=True,
logging_steps=500,
logging_strategy=IntervalStrategy.STEPS,
lr_scheduler_kwargs={},
lr_scheduler_type=SchedulerType.LINEAR,
max_grad_norm=1.0,
max_steps=-1,
metric_for_best_model=None,
mp_parameters=,
neftune_noise_alpha=None,
no_cuda=False,
num_train_epochs=3.0,
optim=OptimizerNames.ADAMW_TORCH,
optim_args=None,
optim_target_modules=None,
output_dir=trainer_output,
overwrite_output_dir=False,
parallelism_config=None,
past_index=-1,
per_device_eval_batch_size=32,
per_device_train_batch_size=8,
prediction_loss_only=False,
project=huggingface,
push_to_hub=False,
push_to_hub_model_id=None,
push_to_hub_organization=None,
push_to_hub_token=<PUSH_TO_HUB_TOKEN>,
ray_scope=last,
remove_unused_columns=True,
report_to=[],
restore_callback_states_from_checkpoint=False,
resume_from_checkpoint=None,
run_name=None,
save_on_each_node=False,
save_only_model=False,
save_safetensors=True,
save_steps=500,
save_strategy=SaveStrategy.STEPS,
save_total_limit=None,
seed=42,
skip_memory_metrics=True,
tf32=None,
torch_compile=False,
torch_compile_backend=None,
torch_compile_mode=None,
torch_empty_cache_steps=None,
torchdynamo=None,
tpu_metrics_debug=False,
tpu_num_cores=None,
trackio_space_id=trackio,
use_cpu=False,
use_legacy_prediction_loop=False,
use_liger_kernel=False,
use_mps_device=False,
warmup_ratio=0.0,
warmup_steps=0,
weight_decay=0.0,
)
[INFO|trainer.py:4643] 2025-11-21 05:52:50,052 >> 
***** Running Evaluation *****
[INFO|trainer.py:4643] 2025-11-21 05:52:50,052 >> 
***** Running Evaluation *****
[INFO|trainer.py:4645] 2025-11-21 05:52:50,052 >>   Num examples = 17778
[INFO|trainer.py:4645] 2025-11-21 05:52:50,052 >>   Num examples = 17778
[INFO|trainer.py:4648] 2025-11-21 05:52:50,053 >>   Batch size = 32
[INFO|trainer.py:4648] 2025-11-21 05:52:50,053 >>   Batch size = 32
[INFO|evaluation_funcs.py:69] 2025-11-21 05:53:08,962 >> Metrics: {'eval_loss': 0.1676076352596283, 'eval_model_preparation_time': 0.0027, 'eval_accuracy_branch1': 0.333952075599055, 'eval_precision_branch1': 0.19092749159077016, 'eval_recall_branch1': 0.22650607465391995, 'eval_f1_branch1': 0.18398721641689642, 'eval_accuracy_branch2': 1.0, 'eval_precision_branch2': 1.0, 'eval_recall_branch2': 1.0, 'eval_f1_branch2': 1.0, 'eval_lambda': 0.0, 'eval_tn_branch2': 0, 'eval_fp_branch2': 0, 'eval_fn_branch2': 0, 'eval_tp_branch2': 17778, 'eval_loss_branch1': 0.0, 'eval_loss_branch2': 0.16761472821235657, 'eval_cm_branch1_actual0_pred0': 0, 'eval_cm_branch1_actual0_pred1': 0, 'eval_cm_branch1_actual0_pred2': 0, 'eval_cm_branch1_actual0_pred3': 0, 'eval_cm_branch1_actual0_pred4': 0, 'eval_cm_branch1_actual0_pred5': 0, 'eval_cm_branch1_actual0_pred6': 1036, 'eval_cm_branch1_actual0_pred7': 0, 'eval_cm_branch1_actual0_pred8': 0, 'eval_cm_branch1_actual0_pred9': 0, 'eval_cm_branch1_actual0_pred10': 0, 'eval_cm_branch1_actual1_pred0': 2, 'eval_cm_branch1_actual1_pred1': 0, 'eval_cm_branch1_actual1_pred2': 0, 'eval_cm_branch1_actual1_pred3': 0, 'eval_cm_branch1_actual1_pred4': 0, 'eval_cm_branch1_actual1_pred5': 0, 'eval_cm_branch1_actual1_pred6': 759, 'eval_cm_branch1_actual1_pred7': 0, 'eval_cm_branch1_actual1_pred8': 23, 'eval_cm_branch1_actual1_pred9': 0, 'eval_cm_branch1_actual1_pred10': 0, 'eval_cm_branch1_actual2_pred0': 0, 'eval_cm_branch1_actual2_pred1': 0, 'eval_cm_branch1_actual2_pred2': 0, 'eval_cm_branch1_actual2_pred3': 0, 'eval_cm_branch1_actual2_pred4': 0, 'eval_cm_branch1_actual2_pred5': 0, 'eval_cm_branch1_actual2_pred6': 763, 'eval_cm_branch1_actual2_pred7': 0, 'eval_cm_branch1_actual2_pred8': 30, 'eval_cm_branch1_actual2_pred9': 0, 'eval_cm_branch1_actual2_pred10': 0, 'eval_cm_branch1_actual3_pred0': 0, 'eval_cm_branch1_actual3_pred1': 0, 'eval_cm_branch1_actual3_pred2': 0, 'eval_cm_branch1_actual3_pred3': 0, 'eval_cm_branch1_actual3_pred4': 0, 'eval_cm_branch1_actual3_pred5': 0, 'eval_cm_branch1_actual3_pred6': 783, 'eval_cm_branch1_actual3_pred7': 2, 'eval_cm_branch1_actual3_pred8': 0, 'eval_cm_branch1_actual3_pred9': 0, 'eval_cm_branch1_actual3_pred10': 0, 'eval_cm_branch1_actual4_pred0': 0, 'eval_cm_branch1_actual4_pred1': 0, 'eval_cm_branch1_actual4_pred2': 0, 'eval_cm_branch1_actual4_pred3': 0, 'eval_cm_branch1_actual4_pred4': 0, 'eval_cm_branch1_actual4_pred5': 0, 'eval_cm_branch1_actual4_pred6': 2020, 'eval_cm_branch1_actual4_pred7': 0, 'eval_cm_branch1_actual4_pred8': 44, 'eval_cm_branch1_actual4_pred9': 0, 'eval_cm_branch1_actual4_pred10': 0, 'eval_cm_branch1_actual5_pred0': 0, 'eval_cm_branch1_actual5_pred1': 0, 'eval_cm_branch1_actual5_pred2': 0, 'eval_cm_branch1_actual5_pred3': 0, 'eval_cm_branch1_actual5_pred4': 0, 'eval_cm_branch1_actual5_pred5': 0, 'eval_cm_branch1_actual5_pred6': 1965, 'eval_cm_branch1_actual5_pred7': 0, 'eval_cm_branch1_actual5_pred8': 0, 'eval_cm_branch1_actual5_pred9': 0, 'eval_cm_branch1_actual5_pred10': 0, 'eval_cm_branch1_actual6_pred0': 0, 'eval_cm_branch1_actual6_pred1': 0, 'eval_cm_branch1_actual6_pred2': 0, 'eval_cm_branch1_actual6_pred3': 0, 'eval_cm_branch1_actual6_pred4': 0, 'eval_cm_branch1_actual6_pred5': 0, 'eval_cm_branch1_actual6_pred6': 3285, 'eval_cm_branch1_actual6_pred7': 0, 'eval_cm_branch1_actual6_pred8': 0, 'eval_cm_branch1_actual6_pred9': 0, 'eval_cm_branch1_actual6_pred10': 0, 'eval_cm_branch1_actual7_pred0': 0, 'eval_cm_branch1_actual7_pred1': 0, 'eval_cm_branch1_actual7_pred2': 0, 'eval_cm_branch1_actual7_pred3': 0, 'eval_cm_branch1_actual7_pred4': 0, 'eval_cm_branch1_actual7_pred5': 0, 'eval_cm_branch1_actual7_pred6': 292, 'eval_cm_branch1_actual7_pred7': 1382, 'eval_cm_branch1_actual7_pred8': 73, 'eval_cm_branch1_actual7_pred9': 0, 'eval_cm_branch1_actual7_pred10': 0, 'eval_cm_branch1_actual8_pred0': 0, 'eval_cm_branch1_actual8_pred1': 0, 'eval_cm_branch1_actual8_pred2': 0, 'eval_cm_branch1_actual8_pred3': 0, 'eval_cm_branch1_actual8_pred4': 0, 'eval_cm_branch1_actual8_pred5': 0, 'eval_cm_branch1_actual8_pred6': 543, 'eval_cm_branch1_actual8_pred7': 0, 'eval_cm_branch1_actual8_pred8': 1270, 'eval_cm_branch1_actual8_pred9': 0, 'eval_cm_branch1_actual8_pred10': 0, 'eval_cm_branch1_actual9_pred0': 0, 'eval_cm_branch1_actual9_pred1': 0, 'eval_cm_branch1_actual9_pred2': 0, 'eval_cm_branch1_actual9_pred3': 0, 'eval_cm_branch1_actual9_pred4': 0, 'eval_cm_branch1_actual9_pred5': 0, 'eval_cm_branch1_actual9_pred6': 1622, 'eval_cm_branch1_actual9_pred7': 0, 'eval_cm_branch1_actual9_pred8': 0, 'eval_cm_branch1_actual9_pred9': 0, 'eval_cm_branch1_actual9_pred10': 0, 'eval_cm_branch1_actual10_pred0': 0, 'eval_cm_branch1_actual10_pred1': 0, 'eval_cm_branch1_actual10_pred2': 0, 'eval_cm_branch1_actual10_pred3': 0, 'eval_cm_branch1_actual10_pred4': 0, 'eval_cm_branch1_actual10_pred5': 0, 'eval_cm_branch1_actual10_pred6': 1884, 'eval_cm_branch1_actual10_pred7': 0, 'eval_cm_branch1_actual10_pred8': 0, 'eval_cm_branch1_actual10_pred9': 0, 'eval_cm_branch1_actual10_pred10': 0, 'eval_runtime': 18.9076, 'eval_samples_per_second': 940.257, 'eval_steps_per_second': 29.406}
